[2026-04-10 20:09:36] [INFO] ════════════════════════════════════════════════════════════
[2026-04-10 20:09:36] [INFO]   🤖 SOLANA FLASHLOAN ARB BOT — STARTING
[2026-04-10 20:09:36] [INFO] ════════════════════════════════════════════════════════════
[2026-04-10 20:09:36] [INFO] ✅ Discord alerts enabled
[2026-04-10 20:09:36] [INFO] ✅ Discord tx-log channel enabled
[2026-04-10 20:09:36] [INFO] ✅ Connected to primary RPC (mainnet.helius-rpc.com)
[2026-04-10 20:09:37] [INFO] Wallet:          ESzi3jyKV4EWi1TC36nRwLiHHDVTmzn9iCFTotToyhC3
[2026-04-10 20:09:37] [INFO] SOL Balance:     0.1892 SOL
[2026-04-10 20:09:37] [INFO] [Scanner] Loaded 5 pairs from pairs.json
[2026-04-10 20:09:37] [INFO] [Executor] Initializing MarginFi flashloan client...
[2026-04-10 20:09:37] [INFO] [Executor] 429 circuit breaker installed on MarginFi connection
[2026-04-10 20:09:37] [INFO] [Price] Seeded SOL/USD = $85.43
[2026-04-10 20:09:37] [INFO] [Executor] MarginFi loaded. Banks: 1
[2026-04-10 20:09:38] [INFO] [Executor] Loaded saved MarginFi account: 9H89EXD35fcEHV5Sj3c1662GWZzLrPZ89zm2EMFyP9n8
[2026-04-10 20:09:38] [INFO] [Executor] MarginFi account: 9H89EXD35fcEHV5Sj3c1662GWZzLrPZ89zm2EMFyP9n8
[2026-04-10 20:09:38] [INFO] [Executor] ✅ Flash loan ready (all MarginFi accounts support flashloans)
[2026-04-10 20:09:38] [INFO] [Executor] MFI account overrides cached (group: 4qp6Fx6t...)
[2026-04-10 20:09:38] [INFO] [Executor] MFI instruction templates cached ✅
[2026-04-10 20:09:38] [INFO] [Executor] Initializing Kamino flashloan templates...
[2026-04-10 20:09:38] [INFO] [Executor] Kamino flashloan templates cached ✅ (wsolAta: DQwQCSZL...)
[2026-04-10 20:09:38] [INFO] [Executor] Blockhash cache started (refresh every 200ms) ✅
[2026-04-10 20:09:38] [INFO] 
[2026-04-10 20:09:38] [INFO] Active pairs (5):
[2026-04-10 20:09:38] [INFO]   1. SOL/USDT [anchor]
[2026-04-10 20:09:38] [INFO]   2. SOL/USDC
[2026-04-10 20:09:38] [INFO]   3. SOL/BONK
[2026-04-10 20:09:38] [INFO]   4. SOL/WIF
[2026-04-10 20:09:38] [INFO]   5. SOL/FARTCOIN
[2026-04-10 20:09:38] [INFO] 
[2026-04-10 20:09:38] [INFO] [Scheduler] Next update in 16 day(s) on 26/4/2026
[2026-04-10 20:09:38] [INFO] 
[2026-04-10 20:09:38] [INFO] Trigger:         WebSocket pool subscriptions (~50-100ms) + slot fallback every 62 slots
[2026-04-10 20:09:38] [INFO] Flashloan size:  1–100 SOL (dynamic)
[2026-04-10 20:09:38] [INFO] Min profit:      $0.05
[2026-04-10 20:09:38] [INFO] 
[2026-04-10 20:09:38] [INFO] [PoolWatcher] Fetching pool addresses (Orca + Raydium + Meteora)...
[2026-04-10 20:09:39] [INFO] [Price] ✅ Binance WS connected — SOL/USD updating in real-time
[2026-04-10 20:09:49] [INFO] [PoolWatcher] ✅ 43 subscriptions — Orca:30 | Raydium CLMM:5 | Raydium AMM:5 | Meteora:3
[2026-04-10 20:09:49] [INFO] [PoolWatcher]   SOL/USDT → 8 subs (Orca:6 Raydium CLMM:1 Raydium AMM:1)
[2026-04-10 20:09:49] [INFO] [PoolWatcher]   SOL/USDC → 8 subs (Orca:6 Raydium CLMM:1 Raydium AMM:1)
[2026-04-10 20:09:49] [INFO] [PoolWatcher]   SOL/BONK → 9 subs (Orca:6 Raydium CLMM:1 Raydium AMM:1 Meteora:1)
[2026-04-10 20:09:49] [INFO] [PoolWatcher]   SOL/WIF → 9 subs (Orca:6 Raydium CLMM:1 Raydium AMM:1 Meteora:1)
[2026-04-10 20:09:49] [INFO] [PoolWatcher]   SOL/FARTCOIN → 9 subs (Orca:6 Raydium CLMM:1 Raydium AMM:1 Meteora:1)
[2026-04-10 20:09:49] [INFO] [LocalPools] Registered 38 pools (Orca + Raydium CLMM + Meteora) for local math
[2026-04-10 20:09:49] [INFO] [LocalPools] Seeding pool cache with initial RPC data...
[2026-04-10 20:09:49] [INFO] [LocalPools] Seeded 33 pools in cache
[2026-04-10 20:09:49] [INFO] [Scheduler] Monthly pair updater scheduled ✅
[2026-04-10 20:09:49] [INFO] ✅ Bot is live. Press Ctrl+C to stop.

[2026-04-10 20:10:49] [INFO] [XDEX] SOL/BONK | spread: 0.0052% | fees: 0.0600% | PROFITABLE | hi: Raydium CLMM (14125586.414236) GtKKKs3yaPdHbQd2aZS4SfWhy8zQ988BJGnKNndLxYsN | lo: Orca (14124852.552824) 5zpyutJu9ee6jFymDGoK7F6S5Kczqtc9FomP3ueKuyA9
[2026-04-10 20:10:49] [WARN] [LocalExec] ⚠️  computeSwap BYPASSED — pipeline test mode | gross local: -235.2104 USD
[2026-04-10 20:10:49] [INFO] 🎯 LOCAL EXEC — SOL/BONK | spread: 0.005% | loan: 40.0 SOL | profit: ~$-235.2104 | buy: Raydium CLMM@GtKKKs3y → sell: Orca@5zpyutJu
[2026-04-10 20:10:49] [INFO] [LocalExec] Jito tip: 50000 lamports (~$0.0043)
[2026-04-10 20:10:49] [INFO] [LocalExec] borrowIxIndex dynamically set to 2
[2026-04-10 20:10:49] [INFO] [DBG] innerIxs.length=10
[2026-04-10 20:10:49] [INFO] [DBG] ix[0] prog=11111111 keys=2 dataLen=12 hex=0200000050c3000000000000
[2026-04-10 20:10:49] [INFO] [DBG]   k[0] s=1 w=1 len=32 b58=ESzi3jyKV4EW
[2026-04-10 20:10:49] [INFO] [DBG]   k[1] s=0 w=1 len=32 b58=DfXygSm4jCyN
[2026-04-10 20:10:49] [INFO] [DBG] ix[1] prog=ATokenGP keys=6 dataLen=1 hex=01
[2026-04-10 20:10:49] [INFO] [DBG]   k[0] s=1 w=1 len=32 b58=ESzi3jyKV4EW
[2026-04-10 20:10:49] [INFO] [DBG]   k[1] s=0 w=1 len=32 b58=DQwQCSZL4Wm9
[2026-04-10 20:10:49] [INFO] [DBG]   k[2] s=0 w=0 len=32 b58=ESzi3jyKV4EW
[2026-04-10 20:10:49] [INFO] [DBG]   k[3] s=0 w=0 len=32 b58=So1111111111
[2026-04-10 20:10:49] [INFO] [DBG]   k[4] s=0 w=0 len=32 b58=111111111111
[2026-04-10 20:10:49] [INFO] [DBG]   k[5] s=0 w=0 len=32 b58=TokenkegQfeZ
[2026-04-10 20:10:49] [INFO] [DBG] ix[2] prog=KLend2g3 keys=12 dataLen=16 hex=87e734a70734d4c100902f5009000000
[2026-04-10 20:10:49] [INFO] [DBG]   k[0] s=1 w=0 len=32 b58=ESzi3jyKV4EW
[2026-04-10 20:10:49] [INFO] [DBG]   k[1] s=0 w=0 len=32 b58=9DrvZvyWh1Hu
[2026-04-10 20:10:49] [INFO] [DBG]   k[2] s=0 w=0 len=32 b58=7u3HeHxYDLhn
[2026-04-10 20:10:49] [INFO] [DBG]   k[3] s=0 w=1 len=32 b58=d4A2prbA2whe
[2026-04-10 20:10:50] [INFO] [DBG]   k[4] s=0 w=0 len=32 b58=So1111111111
[2026-04-10 20:10:50] [INFO] [DBG]   k[5] s=0 w=1 len=32 b58=GafNuUXj9rxG
[2026-04-10 20:10:50] [INFO] [DBG]   k[6] s=0 w=1 len=32 b58=DQwQCSZL4Wm9
[2026-04-10 20:10:50] [INFO] [DBG]   k[7] s=0 w=1 len=32 b58=3JNof8s453bw
[2026-04-10 20:10:50] [INFO] [DBG]   k[8] s=0 w=0 len=32 b58=KLend2g3cP87
[2026-04-10 20:10:50] [INFO] [DBG]   k[9] s=0 w=0 len=32 b58=KLend2g3cP87
[2026-04-10 20:10:50] [INFO] [DBG]   k[10] s=0 w=0 len=32 b58=Sysvar1nstru
[2026-04-10 20:10:50] [INFO] [DBG]   k[11] s=0 w=0 len=32 b58=TokenkegQfeZ
[2026-04-10 20:10:50] [INFO] [DBG] ix[3] prog=ComputeB keys=0 dataLen=5 hex=02c0270900
[2026-04-10 20:10:50] [INFO] [DBG] ix[4] prog=ComputeB keys=0 dataLen=9 hex=030100000000000000
[2026-04-10 20:10:50] [INFO] [DBG] ix[5] prog=ATokenGP keys=6 dataLen=1 hex=01
[2026-04-10 20:10:50] [INFO] [DBG]   k[0] s=1 w=1 len=32 b58=ESzi3jyKV4EW
[2026-04-10 20:10:50] [INFO] [DBG]   k[1] s=0 w=1 len=32 b58=8ChvMvALunCZ
[2026-04-10 20:10:50] [INFO] [DBG]   k[2] s=0 w=0 len=32 b58=ESzi3jyKV4EW
[2026-04-10 20:10:50] [INFO] [DBG]   k[3] s=0 w=0 len=32 b58=DezXAZ8z7Pnr
[2026-04-10 20:10:50] [INFO] [DBG]   k[4] s=0 w=0 len=32 b58=111111111111
[2026-04-10 20:10:50] [INFO] [DBG]   k[5] s=0 w=0 len=32 b58=TokenkegQfeZ
[2026-04-10 20:10:50] [INFO] [DBG] ix[6] prog=CAMMCzo5 keys=12 dataLen=41 hex=f8c69e91e17587c800902f5009000000875c8029a22b0000513b010001000000000000000000000001
[2026-04-10 20:10:50] [INFO] [DBG]   k[0] s=1 w=1 len=32 b58=ESzi3jyKV4EW
[2026-04-10 20:10:50] [INFO] [DBG]   k[1] s=0 w=0 len=32 b58=E64NGkDLLCdQ
[2026-04-10 20:10:50] [INFO] [DBG]   k[2] s=0 w=1 len=32 b58=GtKKKs3yaPdH
[2026-04-10 20:10:50] [INFO] [DBG]   k[3] s=0 w=1 len=32 b58=DQwQCSZL4Wm9
[2026-04-10 20:10:50] [INFO] [DBG]   k[4] s=0 w=1 len=32 b58=8ChvMvALunCZ
[2026-04-10 20:10:50] [INFO] [DBG]   k[5] s=0 w=1 len=32 b58=GDnBvA76ZAJ2
[2026-04-10 20:10:50] [INFO] [DBG]   k[6] s=0 w=1 len=32 b58=2wzaFLYb4JcD
[2026-04-10 20:10:50] [INFO] [DBG]   k[7] s=0 w=1 len=32 b58=Gj8gzDNKmf5y
[2026-04-10 20:10:50] [INFO] [DBG]   k[8] s=0 w=0 len=32 b58=TokenkegQfeZ
[2026-04-10 20:10:50] [INFO] [DBG]   k[9] s=0 w=1 len=32 b58=FohQpHgvyJQH
[2026-04-10 20:10:50] [INFO] [DBG]   k[10] s=0 w=1 len=32 b58=H162txn8gSuX
[2026-04-10 20:10:50] [INFO] [DBG]   k[11] s=0 w=1 len=32 b58=81hDVagG29yQ
[2026-04-10 20:10:50] [INFO] [DBG] ix[7] prog=whirLbMi keys=11 dataLen=42 hex=f8c69e91e17587c8b39f8e4a7b30000000902f5009000000af331ba8327fbb35b1c4feff000000000100
[2026-04-10 20:10:50] [INFO] [DBG]   k[0] s=0 w=0 len=32 b58=TokenkegQfeZ
[2026-04-10 20:10:50] [INFO] [DBG]   k[1] s=1 w=0 len=32 b58=ESzi3jyKV4EW
[2026-04-10 20:10:50] [INFO] [DBG]   k[2] s=0 w=1 len=32 b58=5zpyutJu9ee6
[2026-04-10 20:10:50] [INFO] [DBG]   k[3] s=0 w=1 len=32 b58=DQwQCSZL4Wm9
[2026-04-10 20:10:50] [INFO] [DBG]   k[4] s=0 w=1 len=32 b58=ES7yhSrYeFo4
[2026-04-10 20:10:50] [INFO] [DBG]   k[5] s=0 w=1 len=32 b58=8ChvMvALunCZ
[2026-04-10 20:10:50] [INFO] [DBG]   k[6] s=0 w=1 len=32 b58=4dmvFGeQH2eq
[2026-04-10 20:10:50] [INFO] [DBG]   k[7] s=0 w=1 len=32 b58=EJRTQoUhFocF
[2026-04-10 20:10:50] [INFO] [DBG]   k[8] s=0 w=1 len=32 b58=GqjT3UE9p9t2
[2026-04-10 20:10:50] [INFO] [DBG]   k[9] s=0 w=1 len=32 b58=AKZj2vZ2UxQa
[2026-04-10 20:10:50] [INFO] [DBG]   k[10] s=0 w=0 len=32 b58=EXpqcVuTTPEm
[2026-04-10 20:10:50] [INFO] [DBG] ix[8] prog=KLend2g3 keys=12 dataLen=17 hex=b97500cb60f5b4ba00902f500900000002
[2026-04-10 20:10:50] [INFO] [DBG]   k[0] s=1 w=0 len=32 b58=ESzi3jyKV4EW
[2026-04-10 20:10:50] [INFO] [DBG]   k[1] s=0 w=0 len=32 b58=9DrvZvyWh1Hu
[2026-04-10 20:10:50] [INFO] [DBG]   k[2] s=0 w=0 len=32 b58=7u3HeHxYDLhn
[2026-04-10 20:10:50] [INFO] [DBG]   k[3] s=0 w=1 len=32 b58=d4A2prbA2whe
[2026-04-10 20:10:50] [INFO] [DBG]   k[4] s=0 w=0 len=32 b58=So1111111111
[2026-04-10 20:10:50] [INFO] [DBG]   k[5] s=0 w=1 len=32 b58=GafNuUXj9rxG
[2026-04-10 20:10:50] [INFO] [DBG]   k[6] s=0 w=1 len=32 b58=DQwQCSZL4Wm9
[2026-04-10 20:10:50] [INFO] [DBG]   k[7] s=0 w=1 len=32 b58=3JNof8s453bw
[2026-04-10 20:10:50] [INFO] [DBG]   k[8] s=0 w=0 len=32 b58=KLend2g3cP87
[2026-04-10 20:10:50] [INFO] [DBG]   k[9] s=0 w=0 len=32 b58=KLend2g3cP87
[2026-04-10 20:10:50] [INFO] [DBG]   k[10] s=0 w=0 len=32 b58=Sysvar1nstru
[2026-04-10 20:10:50] [INFO] [DBG]   k[11] s=0 w=0 len=32 b58=TokenkegQfeZ
[2026-04-10 20:10:50] [INFO] [DBG] ix[9] prog=Tokenkeg keys=3 dataLen=1 hex=09
[2026-04-10 20:10:50] [INFO] [DBG]   k[0] s=0 w=1 len=32 b58=DQwQCSZL4Wm9
[2026-04-10 20:10:50] [INFO] [DBG]   k[1] s=0 w=1 len=32 b58=ESzi3jyKV4EW
[2026-04-10 20:10:50] [INFO] [DBG]   k[2] s=1 w=0 len=32 b58=ESzi3jyKV4EW
[2026-04-10 20:10:50] [ERROR] [LocalExec] Error: encoding overruns Uint8Array
[2026-04-10 20:10:50] [ERROR] [LocalExec] Stack: RangeError: encoding overruns Uint8Array
    at Blob.encode (/home/ubuntu/ARB-BOT/node_modules/@solana/buffer-layout/lib/Layout.js:2098:19)
    at Structure.encode (/home/ubuntu/ARB-BOT/node_modules/@solana/buffer-layout/lib/Layout.js:1092:36)
    at MessageV0.serialize (/home/ubuntu/ARB-BOT/node_modules/@solana/web3.js/lib/index.cjs.js:1045:51)
    at VersionedTransaction.sign (/home/ubuntu/ARB-BOT/node_modules/@solana/web3.js/lib/index.cjs.js:2107:38)
    at Executor.executeLocal (/home/ubuntu/ARB-BOT/src/executor.js:1312:21)
    at process.processTicksAndRejections (node:internal/process/task_queues:95:5)
    at async wsCallback (/home/ubuntu/ARB-BOT/src/bot.js:297:44)
[2026-04-10 20:10:50] [WARN] [LocalExec] ⚠️  computeSwap BYPASSED — pipeline test mode | gross local: -61.3352 USD
[2026-04-10 20:10:50] [INFO] 🎯 LOCAL EXEC — SOL/BONK | spread: 0.005% | loan: 20.0 SOL | profit: ~$-61.3352 | buy: Raydium CLMM@GtKKKs3y → sell: Orca@5zpyutJu
[2026-04-10 20:10:50] [INFO] [LocalExec] Jito tip: 50000 lamports (~$0.0043)
[2026-04-10 20:10:50] [INFO] [LocalExec] borrowIxIndex dynamically set to 2
[2026-04-10 20:10:50] [INFO] [DBG] innerIxs.length=10
[2026-04-10 20:10:50] [INFO] [DBG] ix[0] prog=11111111 keys=2 dataLen=12 hex=0200000050c3000000000000
[2026-04-10 20:10:50] [INFO] [DBG]   k[0] s=1 w=1 len=32 b58=ESzi3jyKV4EW
[2026-04-10 20:10:50] [INFO] [DBG]   k[1] s=0 w=1 len=32 b58=3AVi9Tg9Uo68
[2026-04-10 20:10:50] [INFO] [DBG] ix[1] prog=ATokenGP keys=6 dataLen=1 hex=01
[2026-04-10 20:10:50] [INFO] [DBG]   k[0] s=1 w=1 len=32 b58=ESzi3jyKV4EW
[2026-04-10 20:10:50] [INFO] [DBG]   k[1] s=0 w=1 len=32 b58=DQwQCSZL4Wm9
[2026-04-10 20:10:50] [INFO] [DBG]   k[2] s=0 w=0 len=32 b58=ESzi3jyKV4EW
[2026-04-10 20:10:50] [INFO] [DBG]   k[3] s=0 w=0 len=32 b58=So1111111111
[2026-04-10 20:10:50] [INFO] [DBG]   k[4] s=0 w=0 len=32 b58=111111111111
[2026-04-10 20:10:50] [INFO] [DBG]   k[5] s=0 w=0 len=32 b58=TokenkegQfeZ
[2026-04-10 20:10:50] [INFO] [DBG] ix[2] prog=KLend2g3 keys=12 dataLen=16 hex=87e734a70734d4c100c817a804000000
[2026-04-10 20:10:50] [INFO] [DBG]   k[0] s=1 w=0 len=32 b58=ESzi3jyKV4EW
[2026-04-10 20:10:50] [INFO] [DBG]   k[1] s=0 w=0 len=32 b58=9DrvZvyWh1Hu
[2026-04-10 20:10:50] [INFO] [DBG]   k[2] s=0 w=0 len=32 b58=7u3HeHxYDLhn
[2026-04-10 20:10:50] [INFO] [DBG]   k[3] s=0 w=1 len=32 b58=d4A2prbA2whe
[2026-04-10 20:10:50] [INFO] [DBG]   k[4] s=0 w=0 len=32 b58=So1111111111
[2026-04-10 20:10:50] [INFO] [DBG]   k[5] s=0 w=1 len=32 b58=GafNuUXj9rxG
[2026-04-10 20:10:50] [INFO] [DBG]   k[6] s=0 w=1 len=32 b58=DQwQCSZL4Wm9
[2026-04-10 20:10:50] [INFO] [DBG]   k[7] s=0 w=1 len=32 b58=3JNof8s453bw
[2026-04-10 20:10:50] [INFO] [DBG]   k[8] s=0 w=0 len=32 b58=KLend2g3cP87
[2026-04-10 20:10:50] [INFO] [DBG]   k[9] s=0 w=0 len=32 b58=KLend2g3cP87
[2026-04-10 20:10:50] [INFO] [DBG]   k[10] s=0 w=0 len=32 b58=Sysvar1nstru
[2026-04-10 20:10:50] [INFO] [DBG]   k[11] s=0 w=0 len=32 b58=TokenkegQfeZ
[2026-04-10 20:10:50] [INFO] [DBG] ix[3] prog=ComputeB keys=0 dataLen=5 hex=02c0270900
[2026-04-10 20:10:50] [INFO] [DBG] ix[4] prog=ComputeB keys=0 dataLen=9 hex=030100000000000000
[2026-04-10 20:10:50] [INFO] [DBG] ix[5] prog=ATokenGP keys=6 dataLen=1 hex=01
[2026-04-10 20:10:50] [INFO] [DBG]   k[0] s=1 w=1 len=32 b58=ESzi3jyKV4EW
[2026-04-10 20:10:50] [INFO] [DBG]   k[1] s=0 w=1 len=32 b58=8ChvMvALunCZ
[2026-04-10 20:10:50] [INFO] [DBG]   k[2] s=0 w=0 len=32 b58=ESzi3jyKV4EW
[2026-04-10 20:10:50] [INFO] [DBG]   k[3] s=0 w=0 len=32 b58=DezXAZ8z7Pnr
[2026-04-10 20:10:50] [INFO] [DBG]   k[4] s=0 w=0 len=32 b58=111111111111
[2026-04-10 20:10:50] [INFO] [DBG]   k[5] s=0 w=0 len=32 b58=TokenkegQfeZ
[2026-04-10 20:10:50] [INFO] [DBG] ix[6] prog=CAMMCzo5 keys=12 dataLen=41 hex=f8c69e91e17587c800c817a804000000d38fbf5e73160000513b010001000000000000000000000001
[2026-04-10 20:10:50] [INFO] [DBG]   k[0] s=1 w=1 len=32 b58=ESzi3jyKV4EW
[2026-04-10 20:10:50] [INFO] [DBG]   k[1] s=0 w=0 len=32 b58=E64NGkDLLCdQ
[2026-04-10 20:10:50] [INFO] [DBG]   k[2] s=0 w=1 len=32 b58=GtKKKs3yaPdH
[2026-04-10 20:10:50] [INFO] [DBG]   k[3] s=0 w=1 len=32 b58=DQwQCSZL4Wm9
[2026-04-10 20:10:50] [INFO] [DBG]   k[4] s=0 w=1 len=32 b58=8ChvMvALunCZ
[2026-04-10 20:10:50] [INFO] [DBG]   k[5] s=0 w=1 len=32 b58=GDnBvA76ZAJ2
[2026-04-10 20:10:50] [INFO] [DBG]   k[6] s=0 w=1 len=32 b58=2wzaFLYb4JcD
[2026-04-10 20:10:50] [INFO] [DBG]   k[7] s=0 w=1 len=32 b58=Gj8gzDNKmf5y
[2026-04-10 20:10:50] [INFO] [DBG]   k[8] s=0 w=0 len=32 b58=TokenkegQfeZ
[2026-04-10 20:10:50] [INFO] [DBG]   k[9] s=0 w=1 len=32 b58=FohQpHgvyJQH
[2026-04-10 20:10:50] [INFO] [DBG]   k[10] s=0 w=1 len=32 b58=H162txn8gSuX
[2026-04-10 20:10:50] [INFO] [DBG]   k[11] s=0 w=1 len=32 b58=81hDVagG29yQ
[2026-04-10 20:10:50] [INFO] [DBG] ix[7] prog=whirLbMi keys=11 dataLen=42 hex=f8c69e91e17587c85d837ff7f118000000c817a804000000af331ba8327fbb35b1c4feff000000000100
[2026-04-10 20:10:50] [INFO] [DBG]   k[0] s=0 w=0 len=32 b58=TokenkegQfeZ
[2026-04-10 20:10:50] [INFO] [DBG]   k[1] s=1 w=0 len=32 b58=ESzi3jyKV4EW
[2026-04-10 20:10:50] [INFO] [DBG]   k[2] s=0 w=1 len=32 b58=5zpyutJu9ee6
[2026-04-10 20:10:50] [INFO] [DBG]   k[3] s=0 w=1 len=32 b58=DQwQCSZL4Wm9
[2026-04-10 20:10:50] [INFO] [DBG]   k[4] s=0 w=1 len=32 b58=ES7yhSrYeFo4
[2026-04-10 20:10:50] [INFO] [DBG]   k[5] s=0 w=1 len=32 b58=8ChvMvALunCZ
[2026-04-10 20:10:50] [INFO] [DBG]   k[6] s=0 w=1 len=32 b58=4dmvFGeQH2eq
[2026-04-10 20:10:50] [INFO] [DBG]   k[7] s=0 w=1 len=32 b58=EJRTQoUhFocF
[2026-04-10 20:10:50] [INFO] [DBG]   k[8] s=0 w=1 len=32 b58=GqjT3UE9p9t2
[2026-04-10 20:10:50] [INFO] [DBG]   k[9] s=0 w=1 len=32 b58=AKZj2vZ2UxQa
[2026-04-10 20:10:50] [INFO] [DBG]   k[10] s=0 w=0 len=32 b58=EXpqcVuTTPEm
[2026-04-10 20:10:50] [INFO] [DBG] ix[8] prog=KLend2g3 keys=12 dataLen=17 hex=b97500cb60f5b4ba00c817a80400000002
[2026-04-10 20:10:50] [INFO] [DBG]   k[0] s=1 w=0 len=32 b58=ESzi3jyKV4EW
[2026-04-10 20:10:50] [INFO] [DBG]   k[1] s=0 w=0 len=32 b58=9DrvZvyWh1Hu
[2026-04-10 20:10:50] [INFO] [DBG]   k[2] s=0 w=0 len=32 b58=7u3HeHxYDLhn
[2026-04-10 20:10:50] [INFO] [DBG]   k[3] s=0 w=1 len=32 b58=d4A2prbA2whe
[2026-04-10 20:10:50] [INFO] [DBG]   k[4] s=0 w=0 len=32 b58=So1111111111
[2026-04-10 20:10:50] [INFO] [DBG]   k[5] s=0 w=1 len=32 b58=GafNuUXj9rxG
[2026-04-10 20:10:50] [INFO] [DBG]   k[6] s=0 w=1 len=32 b58=DQwQCSZL4Wm9
[2026-04-10 20:10:50] [INFO] [DBG]   k[7] s=0 w=1 len=32 b58=3JNof8s453bw
[2026-04-10 20:10:50] [INFO] [DBG]   k[8] s=0 w=0 len=32 b58=KLend2g3cP87
[2026-04-10 20:10:50] [INFO] [DBG]   k[9] s=0 w=0 len=32 b58=KLend2g3cP87
[2026-04-10 20:10:50] [INFO] [DBG]   k[10] s=0 w=0 len=32 b58=Sysvar1nstru
[2026-04-10 20:10:50] [INFO] [DBG]   k[11] s=0 w=0 len=32 b58=TokenkegQfeZ
[2026-04-10 20:10:50] [INFO] [DBG] ix[9] prog=Tokenkeg keys=3 dataLen=1 hex=09
[2026-04-10 20:10:50] [INFO] [DBG]   k[0] s=0 w=1 len=32 b58=DQwQCSZL4Wm9
[2026-04-10 20:10:50] [INFO] [DBG]   k[1] s=0 w=1 len=32 b58=ESzi3jyKV4EW
[2026-04-10 20:10:50] [INFO] [DBG]   k[2] s=1 w=0 len=32 b58=ESzi3jyKV4EW
[2026-04-10 20:10:50] [ERROR] [LocalExec] Error: encoding overruns Uint8Array
[2026-04-10 20:10:50] [ERROR] [LocalExec] Stack: RangeError: encoding overruns Uint8Array
    at Blob.encode (/home/ubuntu/ARB-BOT/node_modules/@solana/buffer-layout/lib/Layout.js:2098:19)
    at Structure.encode (/home/ubuntu/ARB-BOT/node_modules/@solana/buffer-layout/lib/Layout.js:1092:36)
    at MessageV0.serialize (/home/ubuntu/ARB-BOT/node_modules/@solana/web3.js/lib/index.cjs.js:1045:51)
    at VersionedTransaction.sign (/home/ubuntu/ARB-BOT/node_modules/@solana/web3.js/lib/index.cjs.js:2107:38)
    at Executor.executeLocal (/home/ubuntu/ARB-BOT/src/executor.js:1312:21)
    at process.processTicksAndRejections (node:internal/process/task_queues:95:5)
    at async wsCallback (/home/ubuntu/ARB-BOT/src/bot.js:297:44)
[2026-04-10 20:10:50] [WARN] [LocalExec] ⚠️  computeSwap BYPASSED — pipeline test mode | gross local: -15.8398 USD
[2026-04-10 20:10:50] [INFO] 🎯 LOCAL EXEC — SOL/BONK | spread: 0.005% | loan: 10.0 SOL | profit: ~$-15.8398 | buy: Raydium CLMM@GtKKKs3y → sell: Orca@5zpyutJu
[2026-04-10 20:10:50] [INFO] [LocalExec] Jito tip: 50000 lamports (~$0.0043)
[2026-04-10 20:10:50] [INFO] [LocalExec] borrowIxIndex dynamically set to 2
[2026-04-10 20:10:50] [INFO] [DBG] innerIxs.length=10
[2026-04-10 20:10:50] [INFO] [DBG] ix[0] prog=11111111 keys=2 dataLen=12 hex=0200000050c3000000000000
[2026-04-10 20:10:50] [INFO] [DBG]   k[0] s=1 w=1 len=32 b58=ESzi3jyKV4EW
[2026-04-10 20:10:50] [INFO] [DBG]   k[1] s=0 w=1 len=32 b58=3AVi9Tg9Uo68
[2026-04-10 20:10:50] [INFO] [DBG] ix[1] prog=ATokenGP keys=6 dataLen=1 hex=01
[2026-04-10 20:10:50] [INFO] [DBG]   k[0] s=1 w=1 len=32 b58=ESzi3jyKV4EW
[2026-04-10 20:10:50] [INFO] [DBG]   k[1] s=0 w=1 len=32 b58=DQwQCSZL4Wm9
[2026-04-10 20:10:50] [INFO] [DBG]   k[2] s=0 w=0 len=32 b58=ESzi3jyKV4EW
[2026-04-10 20:10:50] [INFO] [DBG]   k[3] s=0 w=0 len=32 b58=So1111111111
[2026-04-10 20:10:50] [INFO] [DBG]   k[4] s=0 w=0 len=32 b58=111111111111
[2026-04-10 20:10:50] [INFO] [DBG]   k[5] s=0 w=0 len=32 b58=TokenkegQfeZ
[2026-04-10 20:10:50] [INFO] [DBG] ix[2] prog=KLend2g3 keys=12 dataLen=16 hex=87e734a70734d4c100e40b5402000000
[2026-04-10 20:10:50] [INFO] [DBG]   k[0] s=1 w=0 len=32 b58=ESzi3jyKV4EW
[2026-04-10 20:10:50] [INFO] [DBG]   k[1] s=0 w=0 len=32 b58=9DrvZvyWh1Hu
[2026-04-10 20:10:50] [INFO] [DBG]   k[2] s=0 w=0 len=32 b58=7u3HeHxYDLhn
[2026-04-10 20:10:50] [INFO] [DBG]   k[3] s=0 w=1 len=32 b58=d4A2prbA2whe
[2026-04-10 20:10:50] [INFO] [DBG]   k[4] s=0 w=0 len=32 b58=So1111111111
[2026-04-10 20:10:50] [INFO] [DBG]   k[5] s=0 w=1 len=32 b58=GafNuUXj9rxG
[2026-04-10 20:10:50] [INFO] [DBG]   k[6] s=0 w=1 len=32 b58=DQwQCSZL4Wm9
[2026-04-10 20:10:50] [INFO] [DBG]   k[7] s=0 w=1 len=32 b58=3JNof8s453bw
[2026-04-10 20:10:50] [INFO] [DBG]   k[8] s=0 w=0 len=32 b58=KLend2g3cP87
[2026-04-10 20:10:50] [INFO] [DBG]   k[9] s=0 w=0 len=32 b58=KLend2g3cP87
[2026-04-10 20:10:50] [INFO] [DBG]   k[10] s=0 w=0 len=32 b58=Sysvar1nstru
[2026-04-10 20:10:50] [INFO] [DBG]   k[11] s=0 w=0 len=32 b58=TokenkegQfeZ
[2026-04-10 20:10:50] [INFO] [DBG] ix[3] prog=ComputeB keys=0 dataLen=5 hex=02c0270900
[2026-04-10 20:10:50] [INFO] [DBG] ix[4] prog=ComputeB keys=0 dataLen=9 hex=030100000000000000
[2026-04-10 20:10:50] [INFO] [DBG] ix[5] prog=ATokenGP keys=6 dataLen=1 hex=01
[2026-04-10 20:10:50] [INFO] [DBG]   k[0] s=1 w=1 len=32 b58=ESzi3jyKV4EW
[2026-04-10 20:10:50] [INFO] [DBG]   k[1] s=0 w=1 len=32 b58=8ChvMvALunCZ
[2026-04-10 20:10:50] [INFO] [DBG]   k[2] s=0 w=0 len=32 b58=ESzi3jyKV4EW
[2026-04-10 20:10:50] [INFO] [DBG]   k[3] s=0 w=0 len=32 b58=DezXAZ8z7Pnr
[2026-04-10 20:10:50] [INFO] [DBG]   k[4] s=0 w=0 len=32 b58=111111111111
[2026-04-10 20:10:50] [INFO] [DBG]   k[5] s=0 w=0 len=32 b58=TokenkegQfeZ
[2026-04-10 20:10:50] [INFO] [DBG] ix[6] prog=CAMMCzo5 keys=12 dataLen=41 hex=f8c69e91e17587c800e40b5402000000150a420d640b0000513b010001000000000000000000000001
[2026-04-10 20:10:50] [INFO] [DBG]   k[0] s=1 w=1 len=32 b58=ESzi3jyKV4EW
[2026-04-10 20:10:50] [INFO] [DBG]   k[1] s=0 w=0 len=32 b58=E64NGkDLLCdQ
[2026-04-10 20:10:50] [INFO] [DBG]   k[2] s=0 w=1 len=32 b58=GtKKKs3yaPdH
[2026-04-10 20:10:50] [INFO] [DBG]   k[3] s=0 w=1 len=32 b58=DQwQCSZL4Wm9
[2026-04-10 20:10:50] [INFO] [DBG]   k[4] s=0 w=1 len=32 b58=8ChvMvALunCZ
[2026-04-10 20:10:50] [INFO] [DBG]   k[5] s=0 w=1 len=32 b58=GDnBvA76ZAJ2
[2026-04-10 20:10:50] [INFO] [DBG]   k[6] s=0 w=1 len=32 b58=2wzaFLYb4JcD
[2026-04-10 20:10:50] [INFO] [DBG]   k[7] s=0 w=1 len=32 b58=Gj8gzDNKmf5y
[2026-04-10 20:10:50] [INFO] [DBG]   k[8] s=0 w=0 len=32 b58=TokenkegQfeZ
[2026-04-10 20:10:50] [INFO] [DBG]   k[9] s=0 w=1 len=32 b58=FohQpHgvyJQH
[2026-04-10 20:10:50] [INFO] [DBG]   k[10] s=0 w=1 len=32 b58=H162txn8gSuX
[2026-04-10 20:10:50] [INFO] [DBG]   k[11] s=0 w=1 len=32 b58=81hDVagG29yQ
[2026-04-10 20:10:50] [INFO] [DBG] ix[7] prog=whirLbMi keys=11 dataLen=42 hex=f8c69e91e17587c8a627bb0ea80c000000e40b5402000000af331ba8327fbb35b1c4feff000000000100
[2026-04-10 20:10:50] [INFO] [DBG]   k[0] s=0 w=0 len=32 b58=TokenkegQfeZ
[2026-04-10 20:10:50] [INFO] [DBG]   k[1] s=1 w=0 len=32 b58=ESzi3jyKV4EW
[2026-04-10 20:10:50] [INFO] [DBG]   k[2] s=0 w=1 len=32 b58=5zpyutJu9ee6
[2026-04-10 20:10:50] [INFO] [DBG]   k[3] s=0 w=1 len=32 b58=DQwQCSZL4Wm9
[2026-04-10 20:10:50] [INFO] [DBG]   k[4] s=0 w=1 len=32 b58=ES7yhSrYeFo4
[2026-04-10 20:10:50] [INFO] [DBG]   k[5] s=0 w=1 len=32 b58=8ChvMvALunCZ
[2026-04-10 20:10:50] [INFO] [DBG]   k[6] s=0 w=1 len=32 b58=4dmvFGeQH2eq
[2026-04-10 20:10:50] [INFO] [DBG]   k[7] s=0 w=1 len=32 b58=EJRTQoUhFocF
[2026-04-10 20:10:50] [INFO] [DBG]   k[8] s=0 w=1 len=32 b58=GqjT3UE9p9t2
[2026-04-10 20:10:50] [INFO] [DBG]   k[9] s=0 w=1 len=32 b58=AKZj2vZ2UxQa
[2026-04-10 20:10:50] [INFO] [DBG]   k[10] s=0 w=0 len=32 b58=EXpqcVuTTPEm
[2026-04-10 20:10:50] [INFO] [DBG] ix[8] prog=KLend2g3 keys=12 dataLen=17 hex=b97500cb60f5b4ba00e40b540200000002
[2026-04-10 20:10:50] [INFO] [DBG]   k[0] s=1 w=0 len=32 b58=ESzi3jyKV4EW
[2026-04-10 20:10:50] [INFO] [DBG]   k[1] s=0 w=0 len=32 b58=9DrvZvyWh1Hu
[2026-04-10 20:10:50] [INFO] [DBG]   k[2] s=0 w=0 len=32 b58=7u3HeHxYDLhn
[2026-04-10 20:10:50] [INFO] [DBG]   k[3] s=0 w=1 len=32 b58=d4A2prbA2whe
[2026-04-10 20:10:50] [INFO] [DBG]   k[4] s=0 w=0 len=32 b58=So1111111111
[2026-04-10 20:10:50] [INFO] [DBG]   k[5] s=0 w=1 len=32 b58=GafNuUXj9rxG
[2026-04-10 20:10:50] [INFO] [DBG]   k[6] s=0 w=1 len=32 b58=DQwQCSZL4Wm9
[2026-04-10 20:10:50] [INFO] [DBG]   k[7] s=0 w=1 len=32 b58=3JNof8s453bw
[2026-04-10 20:10:50] [INFO] [DBG]   k[8] s=0 w=0 len=32 b58=KLend2g3cP87
[2026-04-10 20:10:50] [INFO] [DBG]   k[9] s=0 w=0 len=32 b58=KLend2g3cP87
[2026-04-10 20:10:50] [INFO] [DBG]   k[10] s=0 w=0 len=32 b58=Sysvar1nstru
[2026-04-10 20:10:50] [INFO] [DBG]   k[11] s=0 w=0 len=32 b58=TokenkegQfeZ
[2026-04-10 20:10:50] [INFO] [DBG] ix[9] prog=Tokenkeg keys=3 dataLen=1 hex=09
[2026-04-10 20:10:50] [INFO] [DBG]   k[0] s=0 w=1 len=32 b58=DQwQCSZL4Wm9
[2026-04-10 20:10:50] [INFO] [DBG]   k[1] s=0 w=1 len=32 b58=ESzi3jyKV4EW
[2026-04-10 20:10:50] [INFO] [DBG]   k[2] s=1 w=0 len=32 b58=ESzi3jyKV4EW
[2026-04-10 20:10:50] [ERROR] [LocalExec] Error: encoding overruns Uint8Array
[2026-04-10 20:10:50] [ERROR] [LocalExec] Stack: RangeError: encoding overruns Uint8Array
    at Blob.encode (/home/ubuntu/ARB-BOT/node_modules/@solana/buffer-layout/lib/Layout.js:2098:19)
    at Structure.encode (/home/ubuntu/ARB-BOT/node_modules/@solana/buffer-layout/lib/Layout.js:1092:36)
    at MessageV0.serialize (/home/ubuntu/ARB-BOT/node_modules/@solana/web3.js/lib/index.cjs.js:1045:51)
    at VersionedTransaction.sign (/home/ubuntu/ARB-BOT/node_modules/@solana/web3.js/lib/index.cjs.js:2107:38)
    at Executor.executeLocal (/home/ubuntu/ARB-BOT/src/executor.js:1312:21)
    at process.processTicksAndRejections (node:internal/process/task_queues:95:5)
    at async wsCallback (/home/ubuntu/ARB-BOT/src/bot.js:297:44)
[2026-04-10 20:10:50] [WARN] [LocalExec] ⚠️  computeSwap BYPASSED — pipeline test mode | gross local: -2.6735 USD
[2026-04-10 20:10:50] [INFO] 🎯 LOCAL EXEC — SOL/BONK | spread: 0.005% | loan: 4.0 SOL | profit: ~$-2.6735 | buy: Raydium CLMM@GtKKKs3y → sell: Orca@5zpyutJu
[2026-04-10 20:10:50] [INFO] [LocalExec] Jito tip: 50000 lamports (~$0.0043)
[2026-04-10 20:10:50] [INFO] [LocalExec] borrowIxIndex dynamically set to 2
[2026-04-10 20:10:50] [INFO] [DBG] innerIxs.length=10
[2026-04-10 20:10:50] [INFO] [DBG] ix[0] prog=11111111 keys=2 dataLen=12 hex=0200000050c3000000000000
[2026-04-10 20:10:50] [INFO] [DBG]   k[0] s=1 w=1 len=32 b58=ESzi3jyKV4EW
[2026-04-10 20:10:50] [INFO] [DBG]   k[1] s=0 w=1 len=32 b58=HFqU5x63VTqv
[2026-04-10 20:10:50] [INFO] [DBG] ix[1] prog=ATokenGP keys=6 dataLen=1 hex=01
[2026-04-10 20:10:50] [INFO] [DBG]   k[0] s=1 w=1 len=32 b58=ESzi3jyKV4EW
[2026-04-10 20:10:50] [INFO] [DBG]   k[1] s=0 w=1 len=32 b58=DQwQCSZL4Wm9
[2026-04-10 20:10:50] [INFO] [DBG]   k[2] s=0 w=0 len=32 b58=ESzi3jyKV4EW
[2026-04-10 20:10:50] [INFO] [DBG]   k[3] s=0 w=0 len=32 b58=So1111111111
[2026-04-10 20:10:50] [INFO] [DBG]   k[4] s=0 w=0 len=32 b58=111111111111
[2026-04-10 20:10:50] [INFO] [DBG]   k[5] s=0 w=0 len=32 b58=TokenkegQfeZ
[2026-04-10 20:10:50] [INFO] [DBG] ix[2] prog=KLend2g3 keys=12 dataLen=16 hex=87e734a70734d4c100286bee00000000
[2026-04-10 20:10:50] [INFO] [DBG]   k[0] s=1 w=0 len=32 b58=ESzi3jyKV4EW
[2026-04-10 20:10:50] [INFO] [DBG]   k[1] s=0 w=0 len=32 b58=9DrvZvyWh1Hu
[2026-04-10 20:10:50] [INFO] [DBG]   k[2] s=0 w=0 len=32 b58=7u3HeHxYDLhn
[2026-04-10 20:10:50] [INFO] [DBG]   k[3] s=0 w=1 len=32 b58=d4A2prbA2whe
[2026-04-10 20:10:50] [INFO] [DBG]   k[4] s=0 w=0 len=32 b58=So1111111111
[2026-04-10 20:10:50] [INFO] [DBG]   k[5] s=0 w=1 len=32 b58=GafNuUXj9rxG
[2026-04-10 20:10:50] [INFO] [DBG]   k[6] s=0 w=1 len=32 b58=DQwQCSZL4Wm9
[2026-04-10 20:10:50] [INFO] [DBG]   k[7] s=0 w=1 len=32 b58=3JNof8s453bw
[2026-04-10 20:10:50] [INFO] [DBG]   k[8] s=0 w=0 len=32 b58=KLend2g3cP87
[2026-04-10 20:10:50] [INFO] [DBG]   k[9] s=0 w=0 len=32 b58=KLend2g3cP87
[2026-04-10 20:10:50] [INFO] [DBG]   k[10] s=0 w=0 len=32 b58=Sysvar1nstru
[2026-04-10 20:10:50] [INFO] [DBG]   k[11] s=0 w=0 len=32 b58=TokenkegQfeZ
[2026-04-10 20:10:50] [INFO] [DBG] ix[3] prog=ComputeB keys=0 dataLen=5 hex=02c0270900
[2026-04-10 20:10:50] [INFO] [DBG] ix[4] prog=ComputeB keys=0 dataLen=9 hex=030100000000000000
[2026-04-10 20:10:50] [INFO] [DBG] ix[5] prog=ATokenGP keys=6 dataLen=1 hex=01
[2026-04-10 20:10:50] [INFO] [DBG]   k[0] s=1 w=1 len=32 b58=ESzi3jyKV4EW
[2026-04-10 20:10:50] [INFO] [DBG]   k[1] s=0 w=1 len=32 b58=8ChvMvALunCZ
[2026-04-10 20:10:50] [INFO] [DBG]   k[2] s=0 w=0 len=32 b58=ESzi3jyKV4EW
[2026-04-10 20:10:50] [INFO] [DBG]   k[3] s=0 w=0 len=32 b58=DezXAZ8z7Pnr
[2026-04-10 20:10:50] [INFO] [DBG]   k[4] s=0 w=0 len=32 b58=111111111111
[2026-04-10 20:10:50] [INFO] [DBG]   k[5] s=0 w=0 len=32 b58=TokenkegQfeZ
[2026-04-10 20:10:50] [INFO] [DBG] ix[6] prog=CAMMCzo5 keys=12 dataLen=41 hex=f8c69e91e17587c800286bee00000000264caad498040000513b010001000000000000000000000001
[2026-04-10 20:10:50] [INFO] [DBG]   k[0] s=1 w=1 len=32 b58=ESzi3jyKV4EW
[2026-04-10 20:10:50] [INFO] [DBG]   k[1] s=0 w=0 len=32 b58=E64NGkDLLCdQ
[2026-04-10 20:10:50] [INFO] [DBG]   k[2] s=0 w=1 len=32 b58=GtKKKs3yaPdH
[2026-04-10 20:10:50] [INFO] [DBG]   k[3] s=0 w=1 len=32 b58=DQwQCSZL4Wm9
[2026-04-10 20:10:50] [INFO] [DBG]   k[4] s=0 w=1 len=32 b58=8ChvMvALunCZ
[2026-04-10 20:10:50] [INFO] [DBG]   k[5] s=0 w=1 len=32 b58=GDnBvA76ZAJ2
[2026-04-10 20:10:50] [INFO] [DBG]   k[6] s=0 w=1 len=32 b58=2wzaFLYb4JcD
[2026-04-10 20:10:50] [INFO] [DBG]   k[7] s=0 w=1 len=32 b58=Gj8gzDNKmf5y
[2026-04-10 20:10:50] [INFO] [DBG]   k[8] s=0 w=0 len=32 b58=TokenkegQfeZ
[2026-04-10 20:10:50] [INFO] [DBG]   k[9] s=0 w=1 len=32 b58=FohQpHgvyJQH
[2026-04-10 20:10:50] [INFO] [DBG]   k[10] s=0 w=1 len=32 b58=H162txn8gSuX
[2026-04-10 20:10:50] [INFO] [DBG]   k[11] s=0 w=1 len=32 b58=81hDVagG29yQ
[2026-04-10 20:10:50] [INFO] [DBG] ix[7] prog=whirLbMi keys=11 dataLen=42 hex=f8c69e91e17587c8b91bf6961b05000000286bee00000000af331ba8327fbb35b1c4feff000000000100
[2026-04-10 20:10:50] [INFO] [DBG]   k[0] s=0 w=0 len=32 b58=TokenkegQfeZ
[2026-04-10 20:10:50] [INFO] [DBG]   k[1] s=1 w=0 len=32 b58=ESzi3jyKV4EW
[2026-04-10 20:10:50] [INFO] [DBG]   k[2] s=0 w=1 len=32 b58=5zpyutJu9ee6
[2026-04-10 20:10:50] [INFO] [DBG]   k[3] s=0 w=1 len=32 b58=DQwQCSZL4Wm9
[2026-04-10 20:10:50] [INFO] [DBG]   k[4] s=0 w=1 len=32 b58=ES7yhSrYeFo4
[2026-04-10 20:10:50] [INFO] [DBG]   k[5] s=0 w=1 len=32 b58=8ChvMvALunCZ
[2026-04-10 20:10:50] [INFO] [DBG]   k[6] s=0 w=1 len=32 b58=4dmvFGeQH2eq
[2026-04-10 20:10:50] [INFO] [DBG]   k[7] s=0 w=1 len=32 b58=EJRTQoUhFocF
[2026-04-10 20:10:50] [INFO] [DBG]   k[8] s=0 w=1 len=32 b58=GqjT3UE9p9t2
[2026-04-10 20:10:50] [INFO] [DBG]   k[9] s=0 w=1 len=32 b58=AKZj2vZ2UxQa
[2026-04-10 20:10:50] [INFO] [DBG]   k[10] s=0 w=0 len=32 b58=EXpqcVuTTPEm
[2026-04-10 20:10:50] [INFO] [DBG] ix[8] prog=KLend2g3 keys=12 dataLen=17 hex=b97500cb60f5b4ba00286bee0000000002
[2026-04-10 20:10:50] [INFO] [DBG]   k[0] s=1 w=0 len=32 b58=ESzi3jyKV4EW
[2026-04-10 20:10:50] [INFO] [DBG]   k[1] s=0 w=0 len=32 b58=9DrvZvyWh1Hu
[2026-04-10 20:10:50] [INFO] [DBG]   k[2] s=0 w=0 len=32 b58=7u3HeHxYDLhn
[2026-04-10 20:10:50] [INFO] [DBG]   k[3] s=0 w=1 len=32 b58=d4A2prbA2whe
[2026-04-10 20:10:50] [INFO] [DBG]   k[4] s=0 w=0 len=32 b58=So1111111111
[2026-04-10 20:10:50] [INFO] [DBG]   k[5] s=0 w=1 len=32 b58=GafNuUXj9rxG
[2026-04-10 20:10:50] [INFO] [DBG]   k[6] s=0 w=1 len=32 b58=DQwQCSZL4Wm9
[2026-04-10 20:10:50] [INFO] [DBG]   k[7] s=0 w=1 len=32 b58=3JNof8s453bw
[2026-04-10 20:10:50] [INFO] [DBG]   k[8] s=0 w=0 len=32 b58=KLend2g3cP87
[2026-04-10 20:10:50] [INFO] [DBG]   k[9] s=0 w=0 len=32 b58=KLend2g3cP87
[2026-04-10 20:10:50] [INFO] [DBG]   k[10] s=0 w=0 len=32 b58=Sysvar1nstru
[2026-04-10 20:10:50] [INFO] [DBG]   k[11] s=0 w=0 len=32 b58=TokenkegQfeZ
[2026-04-10 20:10:50] [INFO] [DBG] ix[9] prog=Tokenkeg keys=3 dataLen=1 hex=09
[2026-04-10 20:10:50] [INFO] [DBG]   k[0] s=0 w=1 len=32 b58=DQwQCSZL4Wm9
[2026-04-10 20:10:50] [INFO] [DBG]   k[1] s=0 w=1 len=32 b58=ESzi3jyKV4EW
[2026-04-10 20:10:50] [INFO] [DBG]   k[2] s=1 w=0 len=32 b58=ESzi3jyKV4EW
[2026-04-10 20:10:50] [ERROR] [LocalExec] Error: encoding overruns Uint8Array
[2026-04-10 20:10:50] [ERROR] [LocalExec] Stack: RangeError: encoding overruns Uint8Array
    at Blob.encode (/home/ubuntu/ARB-BOT/node_modules/@solana/buffer-layout/lib/Layout.js:2098:19)
    at Structure.encode (/home/ubuntu/ARB-BOT/node_modules/@solana/buffer-layout/lib/Layout.js:1092:36)
    at MessageV0.serialize (/home/ubuntu/ARB-BOT/node_modules/@solana/web3.js/lib/index.cjs.js:1045:51)
    at VersionedTransaction.sign (/home/ubuntu/ARB-BOT/node_modules/@solana/web3.js/lib/index.cjs.js:2107:38)
    at Executor.executeLocal (/home/ubuntu/ARB-BOT/src/executor.js:1312:21)
    at process.processTicksAndRejections (node:internal/process/task_queues:95:5)
    at async wsCallback (/home/ubuntu/ARB-BOT/src/bot.js:297:44)
[2026-04-10 20:10:50] [WARN] [LocalExec] ⚠️  computeSwap BYPASSED — pipeline test mode | gross local: -0.7174 USD
[2026-04-10 20:10:50] [INFO] 🎯 LOCAL EXEC — SOL/BONK | spread: 0.005% | loan: 2.0 SOL | profit: ~$-0.7174 | buy: Raydium CLMM@GtKKKs3y → sell: Orca@5zpyutJu
[2026-04-10 20:10:50] [INFO] [LocalExec] Jito tip: 50000 lamports (~$0.0043)
[2026-04-10 20:10:50] [INFO] [LocalExec] borrowIxIndex dynamically set to 2
[2026-04-10 20:10:50] [INFO] [DBG] innerIxs.length=10
[2026-04-10 20:10:50] [INFO] [DBG] ix[0] prog=11111111 keys=2 dataLen=12 hex=0200000050c3000000000000
[2026-04-10 20:10:50] [INFO] [DBG]   k[0] s=1 w=1 len=32 b58=ESzi3jyKV4EW
[2026-04-10 20:10:50] [INFO] [DBG]   k[1] s=0 w=1 len=32 b58=96gYZGLnJYVF
[2026-04-10 20:10:50] [INFO] [DBG] ix[1] prog=ATokenGP keys=6 dataLen=1 hex=01
[2026-04-10 20:10:50] [INFO] [DBG]   k[0] s=1 w=1 len=32 b58=ESzi3jyKV4EW
[2026-04-10 20:10:50] [INFO] [DBG]   k[1] s=0 w=1 len=32 b58=DQwQCSZL4Wm9
[2026-04-10 20:10:50] [INFO] [DBG]   k[2] s=0 w=0 len=32 b58=ESzi3jyKV4EW
[2026-04-10 20:10:50] [INFO] [DBG]   k[3] s=0 w=0 len=32 b58=So1111111111
[2026-04-10 20:10:50] [INFO] [DBG]   k[4] s=0 w=0 len=32 b58=111111111111
[2026-04-10 20:10:50] [INFO] [DBG]   k[5] s=0 w=0 len=32 b58=TokenkegQfeZ
[2026-04-10 20:10:50] [INFO] [DBG] ix[2] prog=KLend2g3 keys=12 dataLen=16 hex=87e734a70734d4c10094357700000000
[2026-04-10 20:10:50] [INFO] [DBG]   k[0] s=1 w=0 len=32 b58=ESzi3jyKV4EW
[2026-04-10 20:10:50] [INFO] [DBG]   k[1] s=0 w=0 len=32 b58=9DrvZvyWh1Hu
[2026-04-10 20:10:50] [INFO] [DBG]   k[2] s=0 w=0 len=32 b58=7u3HeHxYDLhn
[2026-04-10 20:10:50] [INFO] [DBG]   k[3] s=0 w=1 len=32 b58=d4A2prbA2whe
[2026-04-10 20:10:50] [INFO] [DBG]   k[4] s=0 w=0 len=32 b58=So1111111111
[2026-04-10 20:10:50] [INFO] [DBG]   k[5] s=0 w=1 len=32 b58=GafNuUXj9rxG
[2026-04-10 20:10:50] [INFO] [DBG]   k[6] s=0 w=1 len=32 b58=DQwQCSZL4Wm9
[2026-04-10 20:10:50] [INFO] [DBG]   k[7] s=0 w=1 len=32 b58=3JNof8s453bw
[2026-04-10 20:10:50] [INFO] [DBG]   k[8] s=0 w=0 len=32 b58=KLend2g3cP87
[2026-04-10 20:10:50] [INFO] [DBG]   k[9] s=0 w=0 len=32 b58=KLend2g3cP87
[2026-04-10 20:10:50] [INFO] [DBG]   k[10] s=0 w=0 len=32 b58=Sysvar1nstru
[2026-04-10 20:10:50] [INFO] [DBG]   k[11] s=0 w=0 len=32 b58=TokenkegQfeZ
[2026-04-10 20:10:50] [INFO] [DBG] ix[3] prog=ComputeB keys=0 dataLen=5 hex=02c0270900
[2026-04-10 20:10:50] [INFO] [DBG] ix[4] prog=ComputeB keys=0 dataLen=9 hex=030100000000000000
[2026-04-10 20:10:50] [INFO] [DBG] ix[5] prog=ATokenGP keys=6 dataLen=1 hex=01
[2026-04-10 20:10:50] [INFO] [DBG]   k[0] s=1 w=1 len=32 b58=ESzi3jyKV4EW
[2026-04-10 20:10:50] [INFO] [DBG]   k[1] s=0 w=1 len=32 b58=8ChvMvALunCZ
[2026-04-10 20:10:50] [INFO] [DBG]   k[2] s=0 w=0 len=32 b58=ESzi3jyKV4EW
[2026-04-10 20:10:50] [INFO] [DBG]   k[3] s=0 w=0 len=32 b58=DezXAZ8z7Pnr
[2026-04-10 20:10:50] [INFO] [DBG]   k[4] s=0 w=0 len=32 b58=111111111111
[2026-04-10 20:10:50] [INFO] [DBG]   k[5] s=0 w=0 len=32 b58=TokenkegQfeZ
[2026-04-10 20:10:50] [INFO] [DBG] ix[6] prog=CAMMCzo5 keys=12 dataLen=41 hex=f8c69e91e17587c80094357700000000cf48cb2b4e020000513b010001000000000000000000000001
[2026-04-10 20:10:50] [INFO] [DBG]   k[0] s=1 w=1 len=32 b58=ESzi3jyKV4EW
[2026-04-10 20:10:50] [INFO] [DBG]   k[1] s=0 w=0 len=32 b58=E64NGkDLLCdQ
[2026-04-10 20:10:50] [INFO] [DBG]   k[2] s=0 w=1 len=32 b58=GtKKKs3yaPdH
[2026-04-10 20:10:50] [INFO] [DBG]   k[3] s=0 w=1 len=32 b58=DQwQCSZL4Wm9
[2026-04-10 20:10:50] [INFO] [DBG]   k[4] s=0 w=1 len=32 b58=8ChvMvALunCZ
[2026-04-10 20:10:50] [INFO] [DBG]   k[5] s=0 w=1 len=32 b58=GDnBvA76ZAJ2
[2026-04-10 20:10:50] [INFO] [DBG]   k[6] s=0 w=1 len=32 b58=2wzaFLYb4JcD
[2026-04-10 20:10:50] [INFO] [DBG]   k[7] s=0 w=1 len=32 b58=Gj8gzDNKmf5y
[2026-04-10 20:10:50] [INFO] [DBG]   k[8] s=0 w=0 len=32 b58=TokenkegQfeZ
[2026-04-10 20:10:50] [INFO] [DBG]   k[9] s=0 w=1 len=32 b58=FohQpHgvyJQH
[2026-04-10 20:10:50] [INFO] [DBG]   k[10] s=0 w=1 len=32 b58=H162txn8gSuX
[2026-04-10 20:10:50] [INFO] [DBG]   k[11] s=0 w=1 len=32 b58=81hDVagG29yQ
[2026-04-10 20:10:50] [INFO] [DBG] ix[7] prog=whirLbMi keys=11 dataLen=42 hex=f8c69e91e17587c81fdfe1be8f0200000094357700000000af331ba8327fbb35b1c4feff000000000100
[2026-04-10 20:10:50] [INFO] [DBG]   k[0] s=0 w=0 len=32 b58=TokenkegQfeZ
[2026-04-10 20:10:50] [INFO] [DBG]   k[1] s=1 w=0 len=32 b58=ESzi3jyKV4EW
[2026-04-10 20:10:50] [INFO] [DBG]   k[2] s=0 w=1 len=32 b58=5zpyutJu9ee6
[2026-04-10 20:10:50] [INFO] [DBG]   k[3] s=0 w=1 len=32 b58=DQwQCSZL4Wm9
[2026-04-10 20:10:50] [INFO] [DBG]   k[4] s=0 w=1 len=32 b58=ES7yhSrYeFo4
[2026-04-10 20:10:50] [INFO] [DBG]   k[5] s=0 w=1 len=32 b58=8ChvMvALunCZ
[2026-04-10 20:10:50] [INFO] [DBG]   k[6] s=0 w=1 len=32 b58=4dmvFGeQH2eq
[2026-04-10 20:10:50] [INFO] [DBG]   k[7] s=0 w=1 len=32 b58=EJRTQoUhFocF
[2026-04-10 20:10:50] [INFO] [DBG]   k[8] s=0 w=1 len=32 b58=GqjT3UE9p9t2
[2026-04-10 20:10:50] [INFO] [DBG]   k[9] s=0 w=1 len=32 b58=AKZj2vZ2UxQa
[2026-04-10 20:10:50] [INFO] [DBG]   k[10] s=0 w=0 len=32 b58=EXpqcVuTTPEm
[2026-04-10 20:10:50] [INFO] [DBG] ix[8] prog=KLend2g3 keys=12 dataLen=17 hex=b97500cb60f5b4ba009435770000000002
[2026-04-10 20:10:50] [INFO] [DBG]   k[0] s=1 w=0 len=32 b58=ESzi3jyKV4EW
[2026-04-10 20:10:50] [INFO] [DBG]   k[1] s=0 w=0 len=32 b58=9DrvZvyWh1Hu
[2026-04-10 20:10:50] [INFO] [DBG]   k[2] s=0 w=0 len=32 b58=7u3HeHxYDLhn
[2026-04-10 20:10:50] [INFO] [DBG]   k[3] s=0 w=1 len=32 b58=d4A2prbA2whe
[2026-04-10 20:10:50] [INFO] [DBG]   k[4] s=0 w=0 len=32 b58=So1111111111
[2026-04-10 20:10:50] [INFO] [DBG]   k[5] s=0 w=1 len=32 b58=GafNuUXj9rxG
[2026-04-10 20:10:50] [INFO] [DBG]   k[6] s=0 w=1 len=32 b58=DQwQCSZL4Wm9
[2026-04-10 20:10:50] [INFO] [DBG]   k[7] s=0 w=1 len=32 b58=3JNof8s453bw
[2026-04-10 20:10:50] [INFO] [DBG]   k[8] s=0 w=0 len=32 b58=KLend2g3cP87
[2026-04-10 20:10:50] [INFO] [DBG]   k[9] s=0 w=0 len=32 b58=KLend2g3cP87
[2026-04-10 20:10:50] [INFO] [DBG]   k[10] s=0 w=0 len=32 b58=Sysvar1nstru
[2026-04-10 20:10:50] [INFO] [DBG]   k[11] s=0 w=0 len=32 b58=TokenkegQfeZ
[2026-04-10 20:10:50] [INFO] [DBG] ix[9] prog=Tokenkeg keys=3 dataLen=1 hex=09
[2026-04-10 20:10:50] [INFO] [DBG]   k[0] s=0 w=1 len=32 b58=DQwQCSZL4Wm9
[2026-04-10 20:10:50] [INFO] [DBG]   k[1] s=0 w=1 len=32 b58=ESzi3jyKV4EW
[2026-04-10 20:10:50] [INFO] [DBG]   k[2] s=1 w=0 len=32 b58=ESzi3jyKV4EW
[2026-04-10 20:10:50] [ERROR] [LocalExec] Error: encoding overruns Uint8Array
[2026-04-10 20:10:50] [ERROR] [LocalExec] Stack: RangeError: encoding overruns Uint8Array
    at Blob.encode (/home/ubuntu/ARB-BOT/node_modules/@solana/buffer-layout/lib/Layout.js:2098:19)
    at Structure.encode (/home/ubuntu/ARB-BOT/node_modules/@solana/buffer-layout/lib/Layout.js:1092:36)
    at MessageV0.serialize (/home/ubuntu/ARB-BOT/node_modules/@solana/web3.js/lib/index.cjs.js:1045:51)
    at VersionedTransaction.sign (/home/ubuntu/ARB-BOT/node_modules/@solana/web3.js/lib/index.cjs.js:2107:38)
    at Executor.executeLocal (/home/ubuntu/ARB-BOT/src/executor.js:1312:21)
    at process.processTicksAndRejections (node:internal/process/task_queues:95:5)
    at async wsCallback (/home/ubuntu/ARB-BOT/src/bot.js:297:44)
[2026-04-10 20:10:50] [WARN] [LocalExec] ⚠️  computeSwap BYPASSED — pipeline test mode | gross local: -0.2030 USD
[2026-04-10 20:10:50] [INFO] 🎯 LOCAL EXEC — SOL/BONK | spread: 0.005% | loan: 1.0 SOL | profit: ~$-0.2030 | buy: Raydium CLMM@GtKKKs3y → sell: Orca@5zpyutJu
[2026-04-10 20:10:50] [INFO] [LocalExec] Jito tip: 50000 lamports (~$0.0043)
[2026-04-10 20:10:50] [INFO] [LocalExec] borrowIxIndex dynamically set to 2
[2026-04-10 20:10:50] [INFO] [DBG] innerIxs.length=10
[2026-04-10 20:10:50] [INFO] [DBG] ix[0] prog=11111111 keys=2 dataLen=12 hex=0200000050c3000000000000
[2026-04-10 20:10:50] [INFO] [DBG]   k[0] s=1 w=1 len=32 b58=ESzi3jyKV4EW
[2026-04-10 20:10:50] [INFO] [DBG]   k[1] s=0 w=1 len=32 b58=96gYZGLnJYVF
[2026-04-10 20:10:50] [INFO] [DBG] ix[1] prog=ATokenGP keys=6 dataLen=1 hex=01
[2026-04-10 20:10:50] [INFO] [DBG]   k[0] s=1 w=1 len=32 b58=ESzi3jyKV4EW
[2026-04-10 20:10:50] [INFO] [DBG]   k[1] s=0 w=1 len=32 b58=DQwQCSZL4Wm9
[2026-04-10 20:10:50] [INFO] [DBG]   k[2] s=0 w=0 len=32 b58=ESzi3jyKV4EW
[2026-04-10 20:10:50] [INFO] [DBG]   k[3] s=0 w=0 len=32 b58=So1111111111
[2026-04-10 20:10:50] [INFO] [DBG]   k[4] s=0 w=0 len=32 b58=111111111111
[2026-04-10 20:10:50] [INFO] [DBG]   k[5] s=0 w=0 len=32 b58=TokenkegQfeZ
[2026-04-10 20:10:50] [INFO] [DBG] ix[2] prog=KLend2g3 keys=12 dataLen=16 hex=87e734a70734d4c100ca9a3b00000000
[2026-04-10 20:10:50] [INFO] [DBG]   k[0] s=1 w=0 len=32 b58=ESzi3jyKV4EW
[2026-04-10 20:10:50] [INFO] [DBG]   k[1] s=0 w=0 len=32 b58=9DrvZvyWh1Hu
[2026-04-10 20:10:50] [INFO] [DBG]   k[2] s=0 w=0 len=32 b58=7u3HeHxYDLhn
[2026-04-10 20:10:50] [INFO] [DBG]   k[3] s=0 w=1 len=32 b58=d4A2prbA2whe
[2026-04-10 20:10:50] [INFO] [DBG]   k[4] s=0 w=0 len=32 b58=So1111111111
[2026-04-10 20:10:50] [INFO] [DBG]   k[5] s=0 w=1 len=32 b58=GafNuUXj9rxG
[2026-04-10 20:10:50] [INFO] [DBG]   k[6] s=0 w=1 len=32 b58=DQwQCSZL4Wm9
[2026-04-10 20:10:50] [INFO] [DBG]   k[7] s=0 w=1 len=32 b58=3JNof8s453bw
[2026-04-10 20:10:50] [INFO] [DBG]   k[8] s=0 w=0 len=32 b58=KLend2g3cP87
[2026-04-10 20:10:50] [INFO] [DBG]   k[9] s=0 w=0 len=32 b58=KLend2g3cP87
[2026-04-10 20:10:50] [INFO] [DBG]   k[10] s=0 w=0 len=32 b58=Sysvar1nstru
[2026-04-10 20:10:50] [INFO] [DBG]   k[11] s=0 w=0 len=32 b58=TokenkegQfeZ
[2026-04-10 20:10:50] [INFO] [DBG] ix[3] prog=ComputeB keys=0 dataLen=5 hex=02c0270900
[2026-04-10 20:10:50] [INFO] [DBG] ix[4] prog=ComputeB keys=0 dataLen=9 hex=030100000000000000
[2026-04-10 20:10:50] [INFO] [DBG] ix[5] prog=ATokenGP keys=6 dataLen=1 hex=01
[2026-04-10 20:10:50] [INFO] [DBG]   k[0] s=1 w=1 len=32 b58=ESzi3jyKV4EW
[2026-04-10 20:10:50] [INFO] [DBG]   k[1] s=0 w=1 len=32 b58=8ChvMvALunCZ
[2026-04-10 20:10:50] [INFO] [DBG]   k[2] s=0 w=0 len=32 b58=ESzi3jyKV4EW
[2026-04-10 20:10:50] [INFO] [DBG]   k[3] s=0 w=0 len=32 b58=DezXAZ8z7Pnr
[2026-04-10 20:10:50] [INFO] [DBG]   k[4] s=0 w=0 len=32 b58=111111111111
[2026-04-10 20:10:50] [INFO] [DBG]   k[5] s=0 w=0 len=32 b58=TokenkegQfeZ
[2026-04-10 20:10:50] [INFO] [DBG] ix[6] prog=CAMMCzo5 keys=12 dataLen=41 hex=f8c69e91e17587c800ca9a3b000000001f1dc48627010000513b010001000000000000000000000001
[2026-04-10 20:10:50] [INFO] [DBG]   k[0] s=1 w=1 len=32 b58=ESzi3jyKV4EW
[2026-04-10 20:10:50] [INFO] [DBG]   k[1] s=0 w=0 len=32 b58=E64NGkDLLCdQ
[2026-04-10 20:10:50] [INFO] [DBG]   k[2] s=0 w=1 len=32 b58=GtKKKs3yaPdH
[2026-04-10 20:10:50] [INFO] [DBG]   k[3] s=0 w=1 len=32 b58=DQwQCSZL4Wm9
[2026-04-10 20:10:50] [INFO] [DBG]   k[4] s=0 w=1 len=32 b58=8ChvMvALunCZ
[2026-04-10 20:10:50] [INFO] [DBG]   k[5] s=0 w=1 len=32 b58=GDnBvA76ZAJ2
[2026-04-10 20:10:50] [INFO] [DBG]   k[6] s=0 w=1 len=32 b58=2wzaFLYb4JcD
[2026-04-10 20:10:50] [INFO] [DBG]   k[7] s=0 w=1 len=32 b58=Gj8gzDNKmf5y
[2026-04-10 20:10:50] [INFO] [DBG]   k[8] s=0 w=0 len=32 b58=TokenkegQfeZ
[2026-04-10 20:10:50] [INFO] [DBG]   k[9] s=0 w=1 len=32 b58=FohQpHgvyJQH
[2026-04-10 20:10:50] [INFO] [DBG]   k[10] s=0 w=1 len=32 b58=H162txn8gSuX
[2026-04-10 20:10:50] [INFO] [DBG]   k[11] s=0 w=1 len=32 b58=81hDVagG29yQ
[2026-04-10 20:10:50] [INFO] [DBG] ix[7] prog=whirLbMi keys=11 dataLen=42 hex=f8c69e91e17587c878e7d95c4801000000ca9a3b00000000af331ba8327fbb35b1c4feff000000000100
[2026-04-10 20:10:50] [INFO] [DBG]   k[0] s=0 w=0 len=32 b58=TokenkegQfeZ
[2026-04-10 20:10:50] [INFO] [DBG]   k[1] s=1 w=0 len=32 b58=ESzi3jyKV4EW
[2026-04-10 20:10:50] [INFO] [DBG]   k[2] s=0 w=1 len=32 b58=5zpyutJu9ee6
[2026-04-10 20:10:50] [INFO] [DBG]   k[3] s=0 w=1 len=32 b58=DQwQCSZL4Wm9
[2026-04-10 20:10:50] [INFO] [DBG]   k[4] s=0 w=1 len=32 b58=ES7yhSrYeFo4
[2026-04-10 20:10:50] [INFO] [DBG]   k[5] s=0 w=1 len=32 b58=8ChvMvALunCZ
[2026-04-10 20:10:50] [INFO] [DBG]   k[6] s=0 w=1 len=32 b58=4dmvFGeQH2eq
[2026-04-10 20:10:50] [INFO] [DBG]   k[7] s=0 w=1 len=32 b58=EJRTQoUhFocF
[2026-04-10 20:10:50] [INFO] [DBG]   k[8] s=0 w=1 len=32 b58=GqjT3UE9p9t2
[2026-04-10 20:10:50] [INFO] [DBG]   k[9] s=0 w=1 len=32 b58=AKZj2vZ2UxQa
[2026-04-10 20:10:50] [INFO] [DBG]   k[10] s=0 w=0 len=32 b58=EXpqcVuTTPEm
[2026-04-10 20:10:50] [INFO] [DBG] ix[8] prog=KLend2g3 keys=12 dataLen=17 hex=b97500cb60f5b4ba00ca9a3b0000000002
[2026-04-10 20:10:50] [INFO] [DBG]   k[0] s=1 w=0 len=32 b58=ESzi3jyKV4EW
[2026-04-10 20:10:50] [INFO] [DBG]   k[1] s=0 w=0 len=32 b58=9DrvZvyWh1Hu
[2026-04-10 20:10:50] [INFO] [DBG]   k[2] s=0 w=0 len=32 b58=7u3HeHxYDLhn
[2026-04-10 20:10:50] [INFO] [DBG]   k[3] s=0 w=1 len=32 b58=d4A2prbA2whe
[2026-04-10 20:10:50] [INFO] [DBG]   k[4] s=0 w=0 len=32 b58=So1111111111
[2026-04-10 20:10:50] [INFO] [DBG]   k[5] s=0 w=1 len=32 b58=GafNuUXj9rxG
[2026-04-10 20:10:50] [INFO] [DBG]   k[6] s=0 w=1 len=32 b58=DQwQCSZL4Wm9
[2026-04-10 20:10:50] [INFO] [DBG]   k[7] s=0 w=1 len=32 b58=3JNof8s453bw
[2026-04-10 20:10:50] [INFO] [DBG]   k[8] s=0 w=0 len=32 b58=KLend2g3cP87
[2026-04-10 20:10:50] [INFO] [DBG]   k[9] s=0 w=0 len=32 b58=KLend2g3cP87
[2026-04-10 20:10:50] [INFO] [DBG]   k[10] s=0 w=0 len=32 b58=Sysvar1nstru
[2026-04-10 20:10:50] [INFO] [DBG]   k[11] s=0 w=0 len=32 b58=TokenkegQfeZ
[2026-04-10 20:10:50] [INFO] [DBG] ix[9] prog=Tokenkeg keys=3 dataLen=1 hex=09
[2026-04-10 20:10:50] [INFO] [DBG]   k[0] s=0 w=1 len=32 b58=DQwQCSZL4Wm9
[2026-04-10 20:10:50] [INFO] [DBG]   k[1] s=0 w=1 len=32 b58=ESzi3jyKV4EW
[2026-04-10 20:10:50] [INFO] [DBG]   k[2] s=1 w=0 len=32 b58=ESzi3jyKV4EW
[2026-04-10 20:10:50] [ERROR] [LocalExec] Error: encoding overruns Uint8Array
[2026-04-10 20:10:50] [ERROR] [LocalExec] Stack: RangeError: encoding overruns Uint8Array
    at Blob.encode (/home/ubuntu/ARB-BOT/node_modules/@solana/buffer-layout/lib/Layout.js:2098:19)
    at Structure.encode (/home/ubuntu/ARB-BOT/node_modules/@solana/buffer-layout/lib/Layout.js:1092:36)
    at MessageV0.serialize (/home/ubuntu/ARB-BOT/node_modules/@solana/web3.js/lib/index.cjs.js:1045:51)
    at VersionedTransaction.sign (/home/ubuntu/ARB-BOT/node_modules/@solana/web3.js/lib/index.cjs.js:2107:38)
    at Executor.executeLocal (/home/ubuntu/ARB-BOT/src/executor.js:1312:21)
    at process.processTicksAndRejections (node:internal/process/task_queues:95:5)
    at async wsCallback (/home/ubuntu/ARB-BOT/src/bot.js:297:44)
[2026-04-10 20:10:51] [INFO] [XDEX] SOL/BONK | spread: 0.0052% | fees: 0.0600% | PROFITABLE | hi: Raydium CLMM (14125586.414236) GtKKKs3yaPdHbQd2aZS4SfWhy8zQ988BJGnKNndLxYsN | lo: Orca (14124852.552824) 5zpyutJu9ee6jFymDGoK7F6S5Kczqtc9FomP3ueKuyA9
[2026-04-10 20:10:51] [WARN] [LocalExec] ⚠️  computeSwap BYPASSED — pipeline test mode | gross local: -235.1828 USD
[2026-04-10 20:10:51] [INFO] 🎯 LOCAL EXEC — SOL/BONK | spread: 0.005% | loan: 40.0 SOL | profit: ~$-235.1828 | buy: Raydium CLMM@GtKKKs3y → sell: Orca@5zpyutJu
[2026-04-10 20:10:51] [INFO] [LocalExec] Jito tip: 50000 lamports (~$0.0043)
[2026-04-10 20:10:51] [INFO] [LocalExec] borrowIxIndex dynamically set to 2
[2026-04-10 20:10:51] [INFO] [DBG] innerIxs.length=10
[2026-04-10 20:10:51] [INFO] [DBG] ix[0] prog=11111111 keys=2 dataLen=12 hex=0200000050c3000000000000
[2026-04-10 20:10:51] [INFO] [DBG]   k[0] s=1 w=1 len=32 b58=ESzi3jyKV4EW
[2026-04-10 20:10:51] [INFO] [DBG]   k[1] s=0 w=1 len=32 b58=ADaUMid9yfUy
[2026-04-10 20:10:51] [INFO] [DBG] ix[1] prog=ATokenGP keys=6 dataLen=1 hex=01
[2026-04-10 20:10:51] [INFO] [DBG]   k[0] s=1 w=1 len=32 b58=ESzi3jyKV4EW
[2026-04-10 20:10:51] [INFO] [DBG]   k[1] s=0 w=1 len=32 b58=DQwQCSZL4Wm9
[2026-04-10 20:10:51] [INFO] [DBG]   k[2] s=0 w=0 len=32 b58=ESzi3jyKV4EW
[2026-04-10 20:10:51] [INFO] [DBG]   k[3] s=0 w=0 len=32 b58=So1111111111
[2026-04-10 20:10:51] [INFO] [DBG]   k[4] s=0 w=0 len=32 b58=111111111111
[2026-04-10 20:10:51] [INFO] [DBG]   k[5] s=0 w=0 len=32 b58=TokenkegQfeZ
[2026-04-10 20:10:51] [INFO] [DBG] ix[2] prog=KLend2g3 keys=12 dataLen=16 hex=87e734a70734d4c100902f5009000000
[2026-04-10 20:10:51] [INFO] [DBG]   k[0] s=1 w=0 len=32 b58=ESzi3jyKV4EW
[2026-04-10 20:10:51] [INFO] [DBG]   k[1] s=0 w=0 len=32 b58=9DrvZvyWh1Hu
[2026-04-10 20:10:51] [INFO] [DBG]   k[2] s=0 w=0 len=32 b58=7u3HeHxYDLhn
[2026-04-10 20:10:51] [INFO] [DBG]   k[3] s=0 w=1 len=32 b58=d4A2prbA2whe
[2026-04-10 20:10:51] [INFO] [DBG]   k[4] s=0 w=0 len=32 b58=So1111111111
[2026-04-10 20:10:51] [INFO] [DBG]   k[5] s=0 w=1 len=32 b58=GafNuUXj9rxG
[2026-04-10 20:10:51] [INFO] [DBG]   k[6] s=0 w=1 len=32 b58=DQwQCSZL4Wm9
[2026-04-10 20:10:51] [INFO] [DBG]   k[7] s=0 w=1 len=32 b58=3JNof8s453bw
[2026-04-10 20:10:51] [INFO] [DBG]   k[8] s=0 w=0 len=32 b58=KLend2g3cP87
[2026-04-10 20:10:51] [INFO] [DBG]   k[9] s=0 w=0 len=32 b58=KLend2g3cP87
[2026-04-10 20:10:51] [INFO] [DBG]   k[10] s=0 w=0 len=32 b58=Sysvar1nstru
[2026-04-10 20:10:51] [INFO] [DBG]   k[11] s=0 w=0 len=32 b58=TokenkegQfeZ
[2026-04-10 20:10:51] [INFO] [DBG] ix[3] prog=ComputeB keys=0 dataLen=5 hex=02c0270900
[2026-04-10 20:10:51] [INFO] [DBG] ix[4] prog=ComputeB keys=0 dataLen=9 hex=030100000000000000
[2026-04-10 20:10:51] [INFO] [DBG] ix[5] prog=ATokenGP keys=6 dataLen=1 hex=01
[2026-04-10 20:10:51] [INFO] [DBG]   k[0] s=1 w=1 len=32 b58=ESzi3jyKV4EW
[2026-04-10 20:10:51] [INFO] [DBG]   k[1] s=0 w=1 len=32 b58=8ChvMvALunCZ
[2026-04-10 20:10:51] [INFO] [DBG]   k[2] s=0 w=0 len=32 b58=ESzi3jyKV4EW
[2026-04-10 20:10:51] [INFO] [DBG]   k[3] s=0 w=0 len=32 b58=DezXAZ8z7Pnr
[2026-04-10 20:10:51] [INFO] [DBG]   k[4] s=0 w=0 len=32 b58=111111111111
[2026-04-10 20:10:51] [INFO] [DBG]   k[5] s=0 w=0 len=32 b58=TokenkegQfeZ
[2026-04-10 20:10:51] [INFO] [DBG] ix[6] prog=CAMMCzo5 keys=12 dataLen=41 hex=f8c69e91e17587c800902f5009000000875c8029a22b0000513b010001000000000000000000000001
[2026-04-10 20:10:51] [INFO] [DBG]   k[0] s=1 w=1 len=32 b58=ESzi3jyKV4EW
[2026-04-10 20:10:51] [INFO] [DBG]   k[1] s=0 w=0 len=32 b58=E64NGkDLLCdQ
[2026-04-10 20:10:51] [INFO] [DBG]   k[2] s=0 w=1 len=32 b58=GtKKKs3yaPdH
[2026-04-10 20:10:51] [INFO] [DBG]   k[3] s=0 w=1 len=32 b58=DQwQCSZL4Wm9
[2026-04-10 20:10:51] [INFO] [DBG]   k[4] s=0 w=1 len=32 b58=8ChvMvALunCZ
[2026-04-10 20:10:51] [INFO] [DBG]   k[5] s=0 w=1 len=32 b58=GDnBvA76ZAJ2
[2026-04-10 20:10:51] [INFO] [DBG]   k[6] s=0 w=1 len=32 b58=2wzaFLYb4JcD
[2026-04-10 20:10:51] [INFO] [DBG]   k[7] s=0 w=1 len=32 b58=Gj8gzDNKmf5y
[2026-04-10 20:10:51] [INFO] [DBG]   k[8] s=0 w=0 len=32 b58=TokenkegQfeZ
[2026-04-10 20:10:51] [INFO] [DBG]   k[9] s=0 w=1 len=32 b58=FohQpHgvyJQH
[2026-04-10 20:10:51] [INFO] [DBG]   k[10] s=0 w=1 len=32 b58=H162txn8gSuX
[2026-04-10 20:10:51] [INFO] [DBG]   k[11] s=0 w=1 len=32 b58=81hDVagG29yQ
[2026-04-10 20:10:51] [INFO] [DBG] ix[7] prog=whirLbMi keys=11 dataLen=42 hex=f8c69e91e17587c8b39f8e4a7b30000000902f5009000000af331ba8327fbb35b1c4feff000000000100
[2026-04-10 20:10:51] [INFO] [DBG]   k[0] s=0 w=0 len=32 b58=TokenkegQfeZ
[2026-04-10 20:10:51] [INFO] [DBG]   k[1] s=1 w=0 len=32 b58=ESzi3jyKV4EW
[2026-04-10 20:10:51] [INFO] [DBG]   k[2] s=0 w=1 len=32 b58=5zpyutJu9ee6
[2026-04-10 20:10:51] [INFO] [DBG]   k[3] s=0 w=1 len=32 b58=DQwQCSZL4Wm9
[2026-04-10 20:10:51] [INFO] [DBG]   k[4] s=0 w=1 len=32 b58=ES7yhSrYeFo4
[2026-04-10 20:10:51] [INFO] [DBG]   k[5] s=0 w=1 len=32 b58=8ChvMvALunCZ
[2026-04-10 20:10:51] [INFO] [DBG]   k[6] s=0 w=1 len=32 b58=4dmvFGeQH2eq
[2026-04-10 20:10:51] [INFO] [DBG]   k[7] s=0 w=1 len=32 b58=EJRTQoUhFocF
[2026-04-10 20:10:51] [INFO] [DBG]   k[8] s=0 w=1 len=32 b58=GqjT3UE9p9t2
[2026-04-10 20:10:51] [INFO] [DBG]   k[9] s=0 w=1 len=32 b58=AKZj2vZ2UxQa
[2026-04-10 20:10:51] [INFO] [DBG]   k[10] s=0 w=0 len=32 b58=EXpqcVuTTPEm
[2026-04-10 20:10:51] [INFO] [DBG] ix[8] prog=KLend2g3 keys=12 dataLen=17 hex=b97500cb60f5b4ba00902f500900000002
[2026-04-10 20:10:51] [INFO] [DBG]   k[0] s=1 w=0 len=32 b58=ESzi3jyKV4EW
[2026-04-10 20:10:51] [INFO] [DBG]   k[1] s=0 w=0 len=32 b58=9DrvZvyWh1Hu
[2026-04-10 20:10:51] [INFO] [DBG]   k[2] s=0 w=0 len=32 b58=7u3HeHxYDLhn
[2026-04-10 20:10:51] [INFO] [DBG]   k[3] s=0 w=1 len=32 b58=d4A2prbA2whe
[2026-04-10 20:10:51] [INFO] [DBG]   k[4] s=0 w=0 len=32 b58=So1111111111
[2026-04-10 20:10:51] [INFO] [DBG]   k[5] s=0 w=1 len=32 b58=GafNuUXj9rxG
[2026-04-10 20:10:51] [INFO] [DBG]   k[6] s=0 w=1 len=32 b58=DQwQCSZL4Wm9
[2026-04-10 20:10:51] [INFO] [DBG]   k[7] s=0 w=1 len=32 b58=3JNof8s453bw
[2026-04-10 20:10:51] [INFO] [DBG]   k[8] s=0 w=0 len=32 b58=KLend2g3cP87
[2026-04-10 20:10:51] [INFO] [DBG]   k[9] s=0 w=0 len=32 b58=KLend2g3cP87
[2026-04-10 20:10:51] [INFO] [DBG]   k[10] s=0 w=0 len=32 b58=Sysvar1nstru
[2026-04-10 20:10:51] [INFO] [DBG]   k[11] s=0 w=0 len=32 b58=TokenkegQfeZ
[2026-04-10 20:10:51] [INFO] [DBG] ix[9] prog=Tokenkeg keys=3 dataLen=1 hex=09
[2026-04-10 20:10:51] [INFO] [DBG]   k[0] s=0 w=1 len=32 b58=DQwQCSZL4Wm9
[2026-04-10 20:10:51] [INFO] [DBG]   k[1] s=0 w=1 len=32 b58=ESzi3jyKV4EW
[2026-04-10 20:10:51] [INFO] [DBG]   k[2] s=1 w=0 len=32 b58=ESzi3jyKV4EW
[2026-04-10 20:10:51] [ERROR] [LocalExec] Error: encoding overruns Uint8Array
[2026-04-10 20:10:51] [ERROR] [LocalExec] Stack: RangeError: encoding overruns Uint8Array
    at Blob.encode (/home/ubuntu/ARB-BOT/node_modules/@solana/buffer-layout/lib/Layout.js:2098:19)
    at Structure.encode (/home/ubuntu/ARB-BOT/node_modules/@solana/buffer-layout/lib/Layout.js:1092:36)
    at MessageV0.serialize (/home/ubuntu/ARB-BOT/node_modules/@solana/web3.js/lib/index.cjs.js:1045:51)
    at VersionedTransaction.sign (/home/ubuntu/ARB-BOT/node_modules/@solana/web3.js/lib/index.cjs.js:2107:38)
    at Executor.executeLocal (/home/ubuntu/ARB-BOT/src/executor.js:1312:21)
    at process.processTicksAndRejections (node:internal/process/task_queues:95:5)
    at async wsCallback (/home/ubuntu/ARB-BOT/src/bot.js:297:44)
[2026-04-10 20:10:51] [WARN] [LocalExec] ⚠️  computeSwap BYPASSED — pipeline test mode | gross local: -61.3280 USD
[2026-04-10 20:10:51] [INFO] 🎯 LOCAL EXEC — SOL/BONK | spread: 0.005% | loan: 20.0 SOL | profit: ~$-61.3280 | buy: Raydium CLMM@GtKKKs3y → sell: Orca@5zpyutJu
[2026-04-10 20:10:51] [INFO] [LocalExec] Jito tip: 50000 lamports (~$0.0043)
[2026-04-10 20:10:51] [INFO] [LocalExec] borrowIxIndex dynamically set to 2
[2026-04-10 20:10:51] [INFO] [DBG] innerIxs.length=10
[2026-04-10 20:10:51] [INFO] [DBG] ix[0] prog=11111111 keys=2 dataLen=12 hex=0200000050c3000000000000
[2026-04-10 20:10:51] [INFO] [DBG]   k[0] s=1 w=1 len=32 b58=ESzi3jyKV4EW
[2026-04-10 20:10:51] [INFO] [DBG]   k[1] s=0 w=1 len=32 b58=DttWaMuVvTid
[2026-04-10 20:10:51] [INFO] [DBG] ix[1] prog=ATokenGP keys=6 dataLen=1 hex=01
[2026-04-10 20:10:51] [INFO] [DBG]   k[0] s=1 w=1 len=32 b58=ESzi3jyKV4EW
[2026-04-10 20:10:51] [INFO] [DBG]   k[1] s=0 w=1 len=32 b58=DQwQCSZL4Wm9
[2026-04-10 20:10:51] [INFO] [DBG]   k[2] s=0 w=0 len=32 b58=ESzi3jyKV4EW
[2026-04-10 20:10:51] [INFO] [DBG]   k[3] s=0 w=0 len=32 b58=So1111111111
[2026-04-10 20:10:51] [INFO] [DBG]   k[4] s=0 w=0 len=32 b58=111111111111
[2026-04-10 20:10:51] [INFO] [DBG]   k[5] s=0 w=0 len=32 b58=TokenkegQfeZ
[2026-04-10 20:10:51] [INFO] [DBG] ix[2] prog=KLend2g3 keys=12 dataLen=16 hex=87e734a70734d4c100c817a804000000
[2026-04-10 20:10:51] [INFO] [DBG]   k[0] s=1 w=0 len=32 b58=ESzi3jyKV4EW
[2026-04-10 20:10:51] [INFO] [DBG]   k[1] s=0 w=0 len=32 b58=9DrvZvyWh1Hu
[2026-04-10 20:10:51] [INFO] [DBG]   k[2] s=0 w=0 len=32 b58=7u3HeHxYDLhn
[2026-04-10 20:10:51] [INFO] [DBG]   k[3] s=0 w=1 len=32 b58=d4A2prbA2whe
[2026-04-10 20:10:51] [INFO] [DBG]   k[4] s=0 w=0 len=32 b58=So1111111111
[2026-04-10 20:10:51] [INFO] [DBG]   k[5] s=0 w=1 len=32 b58=GafNuUXj9rxG
[2026-04-10 20:10:51] [INFO] [DBG]   k[6] s=0 w=1 len=32 b58=DQwQCSZL4Wm9
[2026-04-10 20:10:51] [INFO] [DBG]   k[7] s=0 w=1 len=32 b58=3JNof8s453bw
[2026-04-10 20:10:51] [INFO] [DBG]   k[8] s=0 w=0 len=32 b58=KLend2g3cP87
[2026-04-10 20:10:51] [INFO] [DBG]   k[9] s=0 w=0 len=32 b58=KLend2g3cP87
[2026-04-10 20:10:51] [INFO] [DBG]   k[10] s=0 w=0 len=32 b58=Sysvar1nstru
[2026-04-10 20:10:51] [INFO] [DBG]   k[11] s=0 w=0 len=32 b58=TokenkegQfeZ
[2026-04-10 20:10:51] [INFO] [DBG] ix[3] prog=ComputeB keys=0 dataLen=5 hex=02c0270900
[2026-04-10 20:10:51] [INFO] [DBG] ix[4] prog=ComputeB keys=0 dataLen=9 hex=030100000000000000
[2026-04-10 20:10:51] [INFO] [DBG] ix[5] prog=ATokenGP keys=6 dataLen=1 hex=01
[2026-04-10 20:10:51] [INFO] [DBG]   k[0] s=1 w=1 len=32 b58=ESzi3jyKV4EW
[2026-04-10 20:10:51] [INFO] [DBG]   k[1] s=0 w=1 len=32 b58=8ChvMvALunCZ
[2026-04-10 20:10:51] [INFO] [DBG]   k[2] s=0 w=0 len=32 b58=ESzi3jyKV4EW
[2026-04-10 20:10:51] [INFO] [DBG]   k[3] s=0 w=0 len=32 b58=DezXAZ8z7Pnr
[2026-04-10 20:10:51] [INFO] [DBG]   k[4] s=0 w=0 len=32 b58=111111111111
[2026-04-10 20:10:51] [INFO] [DBG]   k[5] s=0 w=0 len=32 b58=TokenkegQfeZ
[2026-04-10 20:10:51] [INFO] [DBG] ix[6] prog=CAMMCzo5 keys=12 dataLen=41 hex=f8c69e91e17587c800c817a804000000d38fbf5e73160000513b010001000000000000000000000001
[2026-04-10 20:10:51] [INFO] [DBG]   k[0] s=1 w=1 len=32 b58=ESzi3jyKV4EW
[2026-04-10 20:10:51] [INFO] [DBG]   k[1] s=0 w=0 len=32 b58=E64NGkDLLCdQ
[2026-04-10 20:10:51] [INFO] [DBG]   k[2] s=0 w=1 len=32 b58=GtKKKs3yaPdH
[2026-04-10 20:10:51] [INFO] [DBG]   k[3] s=0 w=1 len=32 b58=DQwQCSZL4Wm9
[2026-04-10 20:10:51] [INFO] [DBG]   k[4] s=0 w=1 len=32 b58=8ChvMvALunCZ
[2026-04-10 20:10:51] [INFO] [DBG]   k[5] s=0 w=1 len=32 b58=GDnBvA76ZAJ2
[2026-04-10 20:10:51] [INFO] [DBG]   k[6] s=0 w=1 len=32 b58=2wzaFLYb4JcD
[2026-04-10 20:10:51] [INFO] [DBG]   k[7] s=0 w=1 len=32 b58=Gj8gzDNKmf5y
[2026-04-10 20:10:51] [INFO] [DBG]   k[8] s=0 w=0 len=32 b58=TokenkegQfeZ
[2026-04-10 20:10:51] [INFO] [DBG]   k[9] s=0 w=1 len=32 b58=FohQpHgvyJQH
[2026-04-10 20:10:51] [INFO] [DBG]   k[10] s=0 w=1 len=32 b58=H162txn8gSuX
[2026-04-10 20:10:51] [INFO] [DBG]   k[11] s=0 w=1 len=32 b58=81hDVagG29yQ
[2026-04-10 20:10:51] [INFO] [DBG] ix[7] prog=whirLbMi keys=11 dataLen=42 hex=f8c69e91e17587c85d837ff7f118000000c817a804000000af331ba8327fbb35b1c4feff000000000100
[2026-04-10 20:10:51] [INFO] [DBG]   k[0] s=0 w=0 len=32 b58=TokenkegQfeZ
[2026-04-10 20:10:51] [INFO] [DBG]   k[1] s=1 w=0 len=32 b58=ESzi3jyKV4EW
[2026-04-10 20:10:51] [INFO] [DBG]   k[2] s=0 w=1 len=32 b58=5zpyutJu9ee6
[2026-04-10 20:10:51] [INFO] [DBG]   k[3] s=0 w=1 len=32 b58=DQwQCSZL4Wm9
[2026-04-10 20:10:51] [INFO] [DBG]   k[4] s=0 w=1 len=32 b58=ES7yhSrYeFo4
[2026-04-10 20:10:51] [INFO] [DBG]   k[5] s=0 w=1 len=32 b58=8ChvMvALunCZ
[2026-04-10 20:10:51] [INFO] [DBG]   k[6] s=0 w=1 len=32 b58=4dmvFGeQH2eq
[2026-04-10 20:10:51] [INFO] [DBG]   k[7] s=0 w=1 len=32 b58=EJRTQoUhFocF
[2026-04-10 20:10:51] [INFO] [DBG]   k[8] s=0 w=1 len=32 b58=GqjT3UE9p9t2
[2026-04-10 20:10:51] [INFO] [DBG]   k[9] s=0 w=1 len=32 b58=AKZj2vZ2UxQa
[2026-04-10 20:10:51] [INFO] [DBG]   k[10] s=0 w=0 len=32 b58=EXpqcVuTTPEm
[2026-04-10 20:10:51] [INFO] [DBG] ix[8] prog=KLend2g3 keys=12 dataLen=17 hex=b97500cb60f5b4ba00c817a80400000002
[2026-04-10 20:10:51] [INFO] [DBG]   k[0] s=1 w=0 len=32 b58=ESzi3jyKV4EW
[2026-04-10 20:10:51] [INFO] [DBG]   k[1] s=0 w=0 len=32 b58=9DrvZvyWh1Hu
[2026-04-10 20:10:51] [INFO] [DBG]   k[2] s=0 w=0 len=32 b58=7u3HeHxYDLhn
[2026-04-10 20:10:51] [INFO] [DBG]   k[3] s=0 w=1 len=32 b58=d4A2prbA2whe
[2026-04-10 20:10:51] [INFO] [DBG]   k[4] s=0 w=0 len=32 b58=So1111111111
[2026-04-10 20:10:51] [INFO] [DBG]   k[5] s=0 w=1 len=32 b58=GafNuUXj9rxG
[2026-04-10 20:10:51] [INFO] [DBG]   k[6] s=0 w=1 len=32 b58=DQwQCSZL4Wm9
[2026-04-10 20:10:51] [INFO] [DBG]   k[7] s=0 w=1 len=32 b58=3JNof8s453bw
[2026-04-10 20:10:51] [INFO] [DBG]   k[8] s=0 w=0 len=32 b58=KLend2g3cP87
[2026-04-10 20:10:51] [INFO] [DBG]   k[9] s=0 w=0 len=32 b58=KLend2g3cP87
[2026-04-10 20:10:51] [INFO] [DBG]   k[10] s=0 w=0 len=32 b58=Sysvar1nstru
[2026-04-10 20:10:51] [INFO] [DBG]   k[11] s=0 w=0 len=32 b58=TokenkegQfeZ
[2026-04-10 20:10:51] [INFO] [DBG] ix[9] prog=Tokenkeg keys=3 dataLen=1 hex=09
[2026-04-10 20:10:51] [INFO] [DBG]   k[0] s=0 w=1 len=32 b58=DQwQCSZL4Wm9
[2026-04-10 20:10:51] [INFO] [DBG]   k[1] s=0 w=1 len=32 b58=ESzi3jyKV4EW
[2026-04-10 20:10:51] [INFO] [DBG]   k[2] s=1 w=0 len=32 b58=ESzi3jyKV4EW
[2026-04-10 20:10:51] [ERROR] [LocalExec] Error: encoding overruns Uint8Array
[2026-04-10 20:10:51] [ERROR] [LocalExec] Stack: RangeError: encoding overruns Uint8Array
    at Blob.encode (/home/ubuntu/ARB-BOT/node_modules/@solana/buffer-layout/lib/Layout.js:2098:19)
    at Structure.encode (/home/ubuntu/ARB-BOT/node_modules/@solana/buffer-layout/lib/Layout.js:1092:36)
    at MessageV0.serialize (/home/ubuntu/ARB-BOT/node_modules/@solana/web3.js/lib/index.cjs.js:1045:51)
    at VersionedTransaction.sign (/home/ubuntu/ARB-BOT/node_modules/@solana/web3.js/lib/index.cjs.js:2107:38)
    at Executor.executeLocal (/home/ubuntu/ARB-BOT/src/executor.js:1312:21)
    at process.processTicksAndRejections (node:internal/process/task_queues:95:5)
    at async wsCallback (/home/ubuntu/ARB-BOT/src/bot.js:297:44)
[2026-04-10 20:10:51] [WARN] [LocalExec] ⚠️  computeSwap BYPASSED — pipeline test mode | gross local: -15.8379 USD
[2026-04-10 20:10:51] [INFO] 🎯 LOCAL EXEC — SOL/BONK | spread: 0.005% | loan: 10.0 SOL | profit: ~$-15.8379 | buy: Raydium CLMM@GtKKKs3y → sell: Orca@5zpyutJu
[2026-04-10 20:10:51] [INFO] [LocalExec] Jito tip: 50000 lamports (~$0.0043)
[2026-04-10 20:10:51] [INFO] [LocalExec] borrowIxIndex dynamically set to 2
[2026-04-10 20:10:51] [INFO] [DBG] innerIxs.length=10
[2026-04-10 20:10:51] [INFO] [DBG] ix[0] prog=11111111 keys=2 dataLen=12 hex=0200000050c3000000000000
[2026-04-10 20:10:51] [INFO] [DBG]   k[0] s=1 w=1 len=32 b58=ESzi3jyKV4EW
[2026-04-10 20:10:51] [INFO] [DBG]   k[1] s=0 w=1 len=32 b58=DfXygSm4jCyN
[2026-04-10 20:10:51] [INFO] [DBG] ix[1] prog=ATokenGP keys=6 dataLen=1 hex=01
[2026-04-10 20:10:51] [INFO] [DBG]   k[0] s=1 w=1 len=32 b58=ESzi3jyKV4EW
[2026-04-10 20:10:51] [INFO] [DBG]   k[1] s=0 w=1 len=32 b58=DQwQCSZL4Wm9
[2026-04-10 20:10:51] [INFO] [DBG]   k[2] s=0 w=0 len=32 b58=ESzi3jyKV4EW
[2026-04-10 20:10:51] [INFO] [DBG]   k[3] s=0 w=0 len=32 b58=So1111111111
[2026-04-10 20:10:51] [INFO] [DBG]   k[4] s=0 w=0 len=32 b58=111111111111
[2026-04-10 20:10:51] [INFO] [DBG]   k[5] s=0 w=0 len=32 b58=TokenkegQfeZ
[2026-04-10 20:10:51] [INFO] [DBG] ix[2] prog=KLend2g3 keys=12 dataLen=16 hex=87e734a70734d4c100e40b5402000000
[2026-04-10 20:10:51] [INFO] [DBG]   k[0] s=1 w=0 len=32 b58=ESzi3jyKV4EW
[2026-04-10 20:10:51] [INFO] [DBG]   k[1] s=0 w=0 len=32 b58=9DrvZvyWh1Hu
[2026-04-10 20:10:51] [INFO] [DBG]   k[2] s=0 w=0 len=32 b58=7u3HeHxYDLhn
[2026-04-10 20:10:51] [INFO] [DBG]   k[3] s=0 w=1 len=32 b58=d4A2prbA2whe
[2026-04-10 20:10:51] [INFO] [DBG]   k[4] s=0 w=0 len=32 b58=So1111111111
[2026-04-10 20:10:51] [INFO] [DBG]   k[5] s=0 w=1 len=32 b58=GafNuUXj9rxG
[2026-04-10 20:10:51] [INFO] [DBG]   k[6] s=0 w=1 len=32 b58=DQwQCSZL4Wm9
[2026-04-10 20:10:51] [INFO] [DBG]   k[7] s=0 w=1 len=32 b58=3JNof8s453bw
[2026-04-10 20:10:51] [INFO] [DBG]   k[8] s=0 w=0 len=32 b58=KLend2g3cP87
[2026-04-10 20:10:51] [INFO] [DBG]   k[9] s=0 w=0 len=32 b58=KLend2g3cP87
[2026-04-10 20:10:51] [INFO] [DBG]   k[10] s=0 w=0 len=32 b58=Sysvar1nstru
[2026-04-10 20:10:51] [INFO] [DBG]   k[11] s=0 w=0 len=32 b58=TokenkegQfeZ
[2026-04-10 20:10:51] [INFO] [DBG] ix[3] prog=ComputeB keys=0 dataLen=5 hex=02c0270900
[2026-04-10 20:10:51] [INFO] [DBG] ix[4] prog=ComputeB keys=0 dataLen=9 hex=030100000000000000
[2026-04-10 20:10:51] [INFO] [DBG] ix[5] prog=ATokenGP keys=6 dataLen=1 hex=01
[2026-04-10 20:10:51] [INFO] [DBG]   k[0] s=1 w=1 len=32 b58=ESzi3jyKV4EW
[2026-04-10 20:10:51] [INFO] [DBG]   k[1] s=0 w=1 len=32 b58=8ChvMvALunCZ
[2026-04-10 20:10:51] [INFO] [DBG]   k[2] s=0 w=0 len=32 b58=ESzi3jyKV4EW
[2026-04-10 20:10:51] [INFO] [DBG]   k[3] s=0 w=0 len=32 b58=DezXAZ8z7Pnr
[2026-04-10 20:10:51] [INFO] [DBG]   k[4] s=0 w=0 len=32 b58=111111111111
[2026-04-10 20:10:51] [INFO] [DBG]   k[5] s=0 w=0 len=32 b58=TokenkegQfeZ
[2026-04-10 20:10:51] [INFO] [DBG] ix[6] prog=CAMMCzo5 keys=12 dataLen=41 hex=f8c69e91e17587c800e40b5402000000150a420d640b0000513b010001000000000000000000000001
[2026-04-10 20:10:51] [INFO] [DBG]   k[0] s=1 w=1 len=32 b58=ESzi3jyKV4EW
[2026-04-10 20:10:51] [INFO] [DBG]   k[1] s=0 w=0 len=32 b58=E64NGkDLLCdQ
[2026-04-10 20:10:51] [INFO] [DBG]   k[2] s=0 w=1 len=32 b58=GtKKKs3yaPdH
[2026-04-10 20:10:51] [INFO] [DBG]   k[3] s=0 w=1 len=32 b58=DQwQCSZL4Wm9
[2026-04-10 20:10:51] [INFO] [DBG]   k[4] s=0 w=1 len=32 b58=8ChvMvALunCZ
[2026-04-10 20:10:51] [INFO] [DBG]   k[5] s=0 w=1 len=32 b58=GDnBvA76ZAJ2
[2026-04-10 20:10:51] [INFO] [DBG]   k[6] s=0 w=1 len=32 b58=2wzaFLYb4JcD
[2026-04-10 20:10:51] [INFO] [DBG]   k[7] s=0 w=1 len=32 b58=Gj8gzDNKmf5y
[2026-04-10 20:10:51] [INFO] [DBG]   k[8] s=0 w=0 len=32 b58=TokenkegQfeZ
[2026-04-10 20:10:51] [INFO] [DBG]   k[9] s=0 w=1 len=32 b58=FohQpHgvyJQH
[2026-04-10 20:10:51] [INFO] [DBG]   k[10] s=0 w=1 len=32 b58=H162txn8gSuX
[2026-04-10 20:10:51] [INFO] [DBG]   k[11] s=0 w=1 len=32 b58=81hDVagG29yQ
[2026-04-10 20:10:51] [INFO] [DBG] ix[7] prog=whirLbMi keys=11 dataLen=42 hex=f8c69e91e17587c8a627bb0ea80c000000e40b5402000000af331ba8327fbb35b1c4feff000000000100
[2026-04-10 20:10:51] [INFO] [DBG]   k[0] s=0 w=0 len=32 b58=TokenkegQfeZ
[2026-04-10 20:10:51] [INFO] [DBG]   k[1] s=1 w=0 len=32 b58=ESzi3jyKV4EW
[2026-04-10 20:10:51] [INFO] [DBG]   k[2] s=0 w=1 len=32 b58=5zpyutJu9ee6
[2026-04-10 20:10:51] [INFO] [DBG]   k[3] s=0 w=1 len=32 b58=DQwQCSZL4Wm9
[2026-04-10 20:10:51] [INFO] [DBG]   k[4] s=0 w=1 len=32 b58=ES7yhSrYeFo4
[2026-04-10 20:10:51] [INFO] [DBG]   k[5] s=0 w=1 len=32 b58=8ChvMvALunCZ
[2026-04-10 20:10:51] [INFO] [DBG]   k[6] s=0 w=1 len=32 b58=4dmvFGeQH2eq
[2026-04-10 20:10:51] [INFO] [DBG]   k[7] s=0 w=1 len=32 b58=EJRTQoUhFocF
[2026-04-10 20:10:51] [INFO] [DBG]   k[8] s=0 w=1 len=32 b58=GqjT3UE9p9t2
[2026-04-10 20:10:51] [INFO] [DBG]   k[9] s=0 w=1 len=32 b58=AKZj2vZ2UxQa
[2026-04-10 20:10:51] [INFO] [DBG]   k[10] s=0 w=0 len=32 b58=EXpqcVuTTPEm
[2026-04-10 20:10:51] [INFO] [DBG] ix[8] prog=KLend2g3 keys=12 dataLen=17 hex=b97500cb60f5b4ba00e40b540200000002
[2026-04-10 20:10:51] [INFO] [DBG]   k[0] s=1 w=0 len=32 b58=ESzi3jyKV4EW
[2026-04-10 20:10:51] [INFO] [DBG]   k[1] s=0 w=0 len=32 b58=9DrvZvyWh1Hu
[2026-04-10 20:10:51] [INFO] [DBG]   k[2] s=0 w=0 len=32 b58=7u3HeHxYDLhn
[2026-04-10 20:10:51] [INFO] [DBG]   k[3] s=0 w=1 len=32 b58=d4A2prbA2whe
[2026-04-10 20:10:51] [INFO] [DBG]   k[4] s=0 w=0 len=32 b58=So1111111111
[2026-04-10 20:10:51] [INFO] [DBG]   k[5] s=0 w=1 len=32 b58=GafNuUXj9rxG
[2026-04-10 20:10:51] [INFO] [DBG]   k[6] s=0 w=1 len=32 b58=DQwQCSZL4Wm9
[2026-04-10 20:10:51] [INFO] [DBG]   k[7] s=0 w=1 len=32 b58=3JNof8s453bw
[2026-04-10 20:10:51] [INFO] [DBG]   k[8] s=0 w=0 len=32 b58=KLend2g3cP87
[2026-04-10 20:10:51] [INFO] [DBG]   k[9] s=0 w=0 len=32 b58=KLend2g3cP87
[2026-04-10 20:10:51] [INFO] [DBG]   k[10] s=0 w=0 len=32 b58=Sysvar1nstru
[2026-04-10 20:10:51] [INFO] [DBG]   k[11] s=0 w=0 len=32 b58=TokenkegQfeZ
[2026-04-10 20:10:51] [INFO] [DBG] ix[9] prog=Tokenkeg keys=3 dataLen=1 hex=09
[2026-04-10 20:10:51] [INFO] [DBG]   k[0] s=0 w=1 len=32 b58=DQwQCSZL4Wm9
[2026-04-10 20:10:51] [INFO] [DBG]   k[1] s=0 w=1 len=32 b58=ESzi3jyKV4EW
[2026-04-10 20:10:51] [INFO] [DBG]   k[2] s=1 w=0 len=32 b58=ESzi3jyKV4EW
[2026-04-10 20:10:52] [ERROR] [LocalExec] Error: encoding overruns Uint8Array
[2026-04-10 20:10:52] [ERROR] [LocalExec] Stack: RangeError: encoding overruns Uint8Array
    at Blob.encode (/home/ubuntu/ARB-BOT/node_modules/@solana/buffer-layout/lib/Layout.js:2098:19)
    at Structure.encode (/home/ubuntu/ARB-BOT/node_modules/@solana/buffer-layout/lib/Layout.js:1092:36)
    at MessageV0.serialize (/home/ubuntu/ARB-BOT/node_modules/@solana/web3.js/lib/index.cjs.js:1045:51)
    at VersionedTransaction.sign (/home/ubuntu/ARB-BOT/node_modules/@solana/web3.js/lib/index.cjs.js:2107:38)
    at Executor.executeLocal (/home/ubuntu/ARB-BOT/src/executor.js:1312:21)
    at process.processTicksAndRejections (node:internal/process/task_queues:95:5)
    at async wsCallback (/home/ubuntu/ARB-BOT/src/bot.js:297:44)
[2026-04-10 20:10:52] [WARN] [LocalExec] ⚠️  computeSwap BYPASSED — pipeline test mode | gross local: -2.6732 USD
[2026-04-10 20:10:52] [INFO] 🎯 LOCAL EXEC — SOL/BONK | spread: 0.005% | loan: 4.0 SOL | profit: ~$-2.6732 | buy: Raydium CLMM@GtKKKs3y → sell: Orca@5zpyutJu
[2026-04-10 20:10:52] [INFO] [LocalExec] Jito tip: 50000 lamports (~$0.0043)
[2026-04-10 20:10:52] [INFO] [LocalExec] borrowIxIndex dynamically set to 2
[2026-04-10 20:10:52] [INFO] [DBG] innerIxs.length=10
[2026-04-10 20:10:52] [INFO] [DBG] ix[0] prog=11111111 keys=2 dataLen=12 hex=0200000050c3000000000000
[2026-04-10 20:10:52] [INFO] [DBG]   k[0] s=1 w=1 len=32 b58=ESzi3jyKV4EW
[2026-04-10 20:10:52] [INFO] [DBG]   k[1] s=0 w=1 len=32 b58=ADaUMid9yfUy
[2026-04-10 20:10:52] [INFO] [DBG] ix[1] prog=ATokenGP keys=6 dataLen=1 hex=01
[2026-04-10 20:10:52] [INFO] [DBG]   k[0] s=1 w=1 len=32 b58=ESzi3jyKV4EW
[2026-04-10 20:10:52] [INFO] [DBG]   k[1] s=0 w=1 len=32 b58=DQwQCSZL4Wm9
[2026-04-10 20:10:52] [INFO] [DBG]   k[2] s=0 w=0 len=32 b58=ESzi3jyKV4EW
[2026-04-10 20:10:52] [INFO] [DBG]   k[3] s=0 w=0 len=32 b58=So1111111111
[2026-04-10 20:10:52] [INFO] [DBG]   k[4] s=0 w=0 len=32 b58=111111111111
[2026-04-10 20:10:52] [INFO] [DBG]   k[5] s=0 w=0 len=32 b58=TokenkegQfeZ
[2026-04-10 20:10:52] [INFO] [DBG] ix[2] prog=KLend2g3 keys=12 dataLen=16 hex=87e734a70734d4c100286bee00000000
[2026-04-10 20:10:52] [INFO] [DBG]   k[0] s=1 w=0 len=32 b58=ESzi3jyKV4EW
[2026-04-10 20:10:52] [INFO] [DBG]   k[1] s=0 w=0 len=32 b58=9DrvZvyWh1Hu
[2026-04-10 20:10:52] [INFO] [DBG]   k[2] s=0 w=0 len=32 b58=7u3HeHxYDLhn
[2026-04-10 20:10:52] [INFO] [DBG]   k[3] s=0 w=1 len=32 b58=d4A2prbA2whe
[2026-04-10 20:10:52] [INFO] [DBG]   k[4] s=0 w=0 len=32 b58=So1111111111
[2026-04-10 20:10:52] [INFO] [DBG]   k[5] s=0 w=1 len=32 b58=GafNuUXj9rxG
[2026-04-10 20:10:52] [INFO] [DBG]   k[6] s=0 w=1 len=32 b58=DQwQCSZL4Wm9
[2026-04-10 20:10:52] [INFO] [DBG]   k[7] s=0 w=1 len=32 b58=3JNof8s453bw
[2026-04-10 20:10:52] [INFO] [DBG]   k[8] s=0 w=0 len=32 b58=KLend2g3cP87
[2026-04-10 20:10:52] [INFO] [DBG]   k[9] s=0 w=0 len=32 b58=KLend2g3cP87
[2026-04-10 20:10:52] [INFO] [DBG]   k[10] s=0 w=0 len=32 b58=Sysvar1nstru
[2026-04-10 20:10:52] [INFO] [DBG]   k[11] s=0 w=0 len=32 b58=TokenkegQfeZ
[2026-04-10 20:10:52] [INFO] [DBG] ix[3] prog=ComputeB keys=0 dataLen=5 hex=02c0270900
[2026-04-10 20:10:52] [INFO] [DBG] ix[4] prog=ComputeB keys=0 dataLen=9 hex=030100000000000000
[2026-04-10 20:10:52] [INFO] [DBG] ix[5] prog=ATokenGP keys=6 dataLen=1 hex=01
[2026-04-10 20:10:52] [INFO] [DBG]   k[0] s=1 w=1 len=32 b58=ESzi3jyKV4EW
[2026-04-10 20:10:52] [INFO] [DBG]   k[1] s=0 w=1 len=32 b58=8ChvMvALunCZ
[2026-04-10 20:10:52] [INFO] [DBG]   k[2] s=0 w=0 len=32 b58=ESzi3jyKV4EW
[2026-04-10 20:10:52] [INFO] [DBG]   k[3] s=0 w=0 len=32 b58=DezXAZ8z7Pnr
[2026-04-10 20:10:52] [INFO] [DBG]   k[4] s=0 w=0 len=32 b58=111111111111
[2026-04-10 20:10:52] [INFO] [DBG]   k[5] s=0 w=0 len=32 b58=TokenkegQfeZ
[2026-04-10 20:10:52] [INFO] [DBG] ix[6] prog=CAMMCzo5 keys=12 dataLen=41 hex=f8c69e91e17587c800286bee00000000264caad498040000513b010001000000000000000000000001
[2026-04-10 20:10:52] [INFO] [DBG]   k[0] s=1 w=1 len=32 b58=ESzi3jyKV4EW
[2026-04-10 20:10:52] [INFO] [DBG]   k[1] s=0 w=0 len=32 b58=E64NGkDLLCdQ
[2026-04-10 20:10:52] [INFO] [DBG]   k[2] s=0 w=1 len=32 b58=GtKKKs3yaPdH
[2026-04-10 20:10:52] [INFO] [DBG]   k[3] s=0 w=1 len=32 b58=DQwQCSZL4Wm9
[2026-04-10 20:10:52] [INFO] [DBG]   k[4] s=0 w=1 len=32 b58=8ChvMvALunCZ
[2026-04-10 20:10:52] [INFO] [DBG]   k[5] s=0 w=1 len=32 b58=GDnBvA76ZAJ2
[2026-04-10 20:10:52] [INFO] [DBG]   k[6] s=0 w=1 len=32 b58=2wzaFLYb4JcD
[2026-04-10 20:10:52] [INFO] [DBG]   k[7] s=0 w=1 len=32 b58=Gj8gzDNKmf5y
[2026-04-10 20:10:52] [INFO] [DBG]   k[8] s=0 w=0 len=32 b58=TokenkegQfeZ
[2026-04-10 20:10:52] [INFO] [DBG]   k[9] s=0 w=1 len=32 b58=FohQpHgvyJQH
[2026-04-10 20:10:52] [INFO] [DBG]   k[10] s=0 w=1 len=32 b58=H162txn8gSuX
[2026-04-10 20:10:52] [INFO] [DBG]   k[11] s=0 w=1 len=32 b58=81hDVagG29yQ
[2026-04-10 20:10:52] [INFO] [DBG] ix[7] prog=whirLbMi keys=11 dataLen=42 hex=f8c69e91e17587c8b91bf6961b05000000286bee00000000af331ba8327fbb35b1c4feff000000000100
[2026-04-10 20:10:52] [INFO] [DBG]   k[0] s=0 w=0 len=32 b58=TokenkegQfeZ
[2026-04-10 20:10:52] [INFO] [DBG]   k[1] s=1 w=0 len=32 b58=ESzi3jyKV4EW
[2026-04-10 20:10:52] [INFO] [DBG]   k[2] s=0 w=1 len=32 b58=5zpyutJu9ee6
[2026-04-10 20:10:52] [INFO] [DBG]   k[3] s=0 w=1 len=32 b58=DQwQCSZL4Wm9
[2026-04-10 20:10:52] [INFO] [DBG]   k[4] s=0 w=1 len=32 b58=ES7yhSrYeFo4
[2026-04-10 20:10:52] [INFO] [DBG]   k[5] s=0 w=1 len=32 b58=8ChvMvALunCZ
[2026-04-10 20:10:52] [INFO] [DBG]   k[6] s=0 w=1 len=32 b58=4dmvFGeQH2eq
[2026-04-10 20:10:52] [INFO] [DBG]   k[7] s=0 w=1 len=32 b58=EJRTQoUhFocF
[2026-04-10 20:10:52] [INFO] [DBG]   k[8] s=0 w=1 len=32 b58=GqjT3UE9p9t2
[2026-04-10 20:10:52] [INFO] [DBG]   k[9] s=0 w=1 len=32 b58=AKZj2vZ2UxQa
[2026-04-10 20:10:52] [INFO] [DBG]   k[10] s=0 w=0 len=32 b58=EXpqcVuTTPEm
[2026-04-10 20:10:52] [INFO] [DBG] ix[8] prog=KLend2g3 keys=12 dataLen=17 hex=b97500cb60f5b4ba00286bee0000000002
[2026-04-10 20:10:52] [INFO] [DBG]   k[0] s=1 w=0 len=32 b58=ESzi3jyKV4EW
[2026-04-10 20:10:52] [INFO] [DBG]   k[1] s=0 w=0 len=32 b58=9DrvZvyWh1Hu
[2026-04-10 20:10:52] [INFO] [DBG]   k[2] s=0 w=0 len=32 b58=7u3HeHxYDLhn
[2026-04-10 20:10:52] [INFO] [DBG]   k[3] s=0 w=1 len=32 b58=d4A2prbA2whe
[2026-04-10 20:10:52] [INFO] [DBG]   k[4] s=0 w=0 len=32 b58=So1111111111
[2026-04-10 20:10:52] [INFO] [DBG]   k[5] s=0 w=1 len=32 b58=GafNuUXj9rxG
[2026-04-10 20:10:52] [INFO] [DBG]   k[6] s=0 w=1 len=32 b58=DQwQCSZL4Wm9
[2026-04-10 20:10:52] [INFO] [DBG]   k[7] s=0 w=1 len=32 b58=3JNof8s453bw
[2026-04-10 20:10:52] [INFO] [DBG]   k[8] s=0 w=0 len=32 b58=KLend2g3cP87
[2026-04-10 20:10:52] [INFO] [DBG]   k[9] s=0 w=0 len=32 b58=KLend2g3cP87
[2026-04-10 20:10:52] [INFO] [DBG]   k[10] s=0 w=0 len=32 b58=Sysvar1nstru
[2026-04-10 20:10:52] [INFO] [DBG]   k[11] s=0 w=0 len=32 b58=TokenkegQfeZ
[2026-04-10 20:10:52] [INFO] [DBG] ix[9] prog=Tokenkeg keys=3 dataLen=1 hex=09
[2026-04-10 20:10:52] [INFO] [DBG]   k[0] s=0 w=1 len=32 b58=DQwQCSZL4Wm9
[2026-04-10 20:10:52] [INFO] [DBG]   k[1] s=0 w=1 len=32 b58=ESzi3jyKV4EW
[2026-04-10 20:10:52] [INFO] [DBG]   k[2] s=1 w=0 len=32 b58=ESzi3jyKV4EW
[2026-04-10 20:10:52] [ERROR] [LocalExec] Error: encoding overruns Uint8Array
[2026-04-10 20:10:52] [ERROR] [LocalExec] Stack: RangeError: encoding overruns Uint8Array
    at Blob.encode (/home/ubuntu/ARB-BOT/node_modules/@solana/buffer-layout/lib/Layout.js:2098:19)
    at Structure.encode (/home/ubuntu/ARB-BOT/node_modules/@solana/buffer-layout/lib/Layout.js:1092:36)
    at MessageV0.serialize (/home/ubuntu/ARB-BOT/node_modules/@solana/web3.js/lib/index.cjs.js:1045:51)
    at VersionedTransaction.sign (/home/ubuntu/ARB-BOT/node_modules/@solana/web3.js/lib/index.cjs.js:2107:38)
    at Executor.executeLocal (/home/ubuntu/ARB-BOT/src/executor.js:1312:21)
    at process.processTicksAndRejections (node:internal/process/task_queues:95:5)
    at async wsCallback (/home/ubuntu/ARB-BOT/src/bot.js:297:44)
[2026-04-10 20:10:52] [WARN] [LocalExec] ⚠️  computeSwap BYPASSED — pipeline test mode | gross local: -0.7174 USD
[2026-04-10 20:10:52] [INFO] 🎯 LOCAL EXEC — SOL/BONK | spread: 0.005% | loan: 2.0 SOL | profit: ~$-0.7174 | buy: Raydium CLMM@GtKKKs3y → sell: Orca@5zpyutJu
[2026-04-10 20:10:52] [INFO] [LocalExec] Jito tip: 50000 lamports (~$0.0043)
[2026-04-10 20:10:52] [INFO] [LocalExec] borrowIxIndex dynamically set to 2
[2026-04-10 20:10:52] [INFO] [DBG] innerIxs.length=10
[2026-04-10 20:10:52] [INFO] [DBG] ix[0] prog=11111111 keys=2 dataLen=12 hex=0200000050c3000000000000
[2026-04-10 20:10:52] [INFO] [DBG]   k[0] s=1 w=1 len=32 b58=ESzi3jyKV4EW
[2026-04-10 20:10:52] [INFO] [DBG]   k[1] s=0 w=1 len=32 b58=DttWaMuVvTid
[2026-04-10 20:10:52] [INFO] [DBG] ix[1] prog=ATokenGP keys=6 dataLen=1 hex=01
[2026-04-10 20:10:52] [INFO] [DBG]   k[0] s=1 w=1 len=32 b58=ESzi3jyKV4EW
[2026-04-10 20:10:52] [INFO] [DBG]   k[1] s=0 w=1 len=32 b58=DQwQCSZL4Wm9
[2026-04-10 20:10:52] [INFO] [DBG]   k[2] s=0 w=0 len=32 b58=ESzi3jyKV4EW
[2026-04-10 20:10:52] [INFO] [DBG]   k[3] s=0 w=0 len=32 b58=So1111111111
[2026-04-10 20:10:52] [INFO] [DBG]   k[4] s=0 w=0 len=32 b58=111111111111
[2026-04-10 20:10:52] [INFO] [DBG]   k[5] s=0 w=0 len=32 b58=TokenkegQfeZ
[2026-04-10 20:10:52] [INFO] [DBG] ix[2] prog=KLend2g3 keys=12 dataLen=16 hex=87e734a70734d4c10094357700000000
[2026-04-10 20:10:52] [INFO] [DBG]   k[0] s=1 w=0 len=32 b58=ESzi3jyKV4EW
[2026-04-10 20:10:52] [INFO] [DBG]   k[1] s=0 w=0 len=32 b58=9DrvZvyWh1Hu
[2026-04-10 20:10:52] [INFO] [DBG]   k[2] s=0 w=0 len=32 b58=7u3HeHxYDLhn
[2026-04-10 20:10:52] [INFO] [DBG]   k[3] s=0 w=1 len=32 b58=d4A2prbA2whe
[2026-04-10 20:10:52] [INFO] [DBG]   k[4] s=0 w=0 len=32 b58=So1111111111
[2026-04-10 20:10:52] [INFO] [DBG]   k[5] s=0 w=1 len=32 b58=GafNuUXj9rxG
[2026-04-10 20:10:52] [INFO] [DBG]   k[6] s=0 w=1 len=32 b58=DQwQCSZL4Wm9
[2026-04-10 20:10:52] [INFO] [DBG]   k[7] s=0 w=1 len=32 b58=3JNof8s453bw
[2026-04-10 20:10:52] [INFO] [DBG]   k[8] s=0 w=0 len=32 b58=KLend2g3cP87
[2026-04-10 20:10:52] [INFO] [DBG]   k[9] s=0 w=0 len=32 b58=KLend2g3cP87
[2026-04-10 20:10:52] [INFO] [DBG]   k[10] s=0 w=0 len=32 b58=Sysvar1nstru
[2026-04-10 20:10:52] [INFO] [DBG]   k[11] s=0 w=0 len=32 b58=TokenkegQfeZ
[2026-04-10 20:10:52] [INFO] [DBG] ix[3] prog=ComputeB keys=0 dataLen=5 hex=02c0270900
[2026-04-10 20:10:52] [INFO] [DBG] ix[4] prog=ComputeB keys=0 dataLen=9 hex=030100000000000000
[2026-04-10 20:10:52] [INFO] [DBG] ix[5] prog=ATokenGP keys=6 dataLen=1 hex=01
[2026-04-10 20:10:52] [INFO] [DBG]   k[0] s=1 w=1 len=32 b58=ESzi3jyKV4EW
[2026-04-10 20:10:52] [INFO] [DBG]   k[1] s=0 w=1 len=32 b58=8ChvMvALunCZ
[2026-04-10 20:10:52] [INFO] [DBG]   k[2] s=0 w=0 len=32 b58=ESzi3jyKV4EW
[2026-04-10 20:10:52] [INFO] [DBG]   k[3] s=0 w=0 len=32 b58=DezXAZ8z7Pnr
[2026-04-10 20:10:52] [INFO] [DBG]   k[4] s=0 w=0 len=32 b58=111111111111
[2026-04-10 20:10:52] [INFO] [DBG]   k[5] s=0 w=0 len=32 b58=TokenkegQfeZ
[2026-04-10 20:10:52] [INFO] [DBG] ix[6] prog=CAMMCzo5 keys=12 dataLen=41 hex=f8c69e91e17587c80094357700000000cf48cb2b4e020000513b010001000000000000000000000001
[2026-04-10 20:10:52] [INFO] [DBG]   k[0] s=1 w=1 len=32 b58=ESzi3jyKV4EW
[2026-04-10 20:10:52] [INFO] [DBG]   k[1] s=0 w=0 len=32 b58=E64NGkDLLCdQ
[2026-04-10 20:10:52] [INFO] [DBG]   k[2] s=0 w=1 len=32 b58=GtKKKs3yaPdH
[2026-04-10 20:10:52] [INFO] [DBG]   k[3] s=0 w=1 len=32 b58=DQwQCSZL4Wm9
[2026-04-10 20:10:52] [INFO] [DBG]   k[4] s=0 w=1 len=32 b58=8ChvMvALunCZ
[2026-04-10 20:10:52] [INFO] [DBG]   k[5] s=0 w=1 len=32 b58=GDnBvA76ZAJ2
[2026-04-10 20:10:52] [INFO] [DBG]   k[6] s=0 w=1 len=32 b58=2wzaFLYb4JcD
[2026-04-10 20:10:52] [INFO] [DBG]   k[7] s=0 w=1 len=32 b58=Gj8gzDNKmf5y
[2026-04-10 20:10:52] [INFO] [DBG]   k[8] s=0 w=0 len=32 b58=TokenkegQfeZ
[2026-04-10 20:10:52] [INFO] [DBG]   k[9] s=0 w=1 len=32 b58=FohQpHgvyJQH
[2026-04-10 20:10:52] [INFO] [DBG]   k[10] s=0 w=1 len=32 b58=H162txn8gSuX
[2026-04-10 20:10:52] [INFO] [DBG]   k[11] s=0 w=1 len=32 b58=81hDVagG29yQ
[2026-04-10 20:10:52] [INFO] [DBG] ix[7] prog=whirLbMi keys=11 dataLen=42 hex=f8c69e91e17587c81fdfe1be8f0200000094357700000000af331ba8327fbb35b1c4feff000000000100
[2026-04-10 20:10:52] [INFO] [DBG]   k[0] s=0 w=0 len=32 b58=TokenkegQfeZ
[2026-04-10 20:10:52] [INFO] [DBG]   k[1] s=1 w=0 len=32 b58=ESzi3jyKV4EW
[2026-04-10 20:10:52] [INFO] [DBG]   k[2] s=0 w=1 len=32 b58=5zpyutJu9ee6
[2026-04-10 20:10:52] [INFO] [DBG]   k[3] s=0 w=1 len=32 b58=DQwQCSZL4Wm9
[2026-04-10 20:10:52] [INFO] [DBG]   k[4] s=0 w=1 len=32 b58=ES7yhSrYeFo4
[2026-04-10 20:10:52] [INFO] [DBG]   k[5] s=0 w=1 len=32 b58=8ChvMvALunCZ
[2026-04-10 20:10:52] [INFO] [DBG]   k[6] s=0 w=1 len=32 b58=4dmvFGeQH2eq
[2026-04-10 20:10:52] [INFO] [DBG]   k[7] s=0 w=1 len=32 b58=EJRTQoUhFocF
[2026-04-10 20:10:52] [INFO] [DBG]   k[8] s=0 w=1 len=32 b58=GqjT3UE9p9t2
[2026-04-10 20:10:52] [INFO] [DBG]   k[9] s=0 w=1 len=32 b58=AKZj2vZ2UxQa
[2026-04-10 20:10:52] [INFO] [DBG]   k[10] s=0 w=0 len=32 b58=EXpqcVuTTPEm
[2026-04-10 20:10:52] [INFO] [DBG] ix[8] prog=KLend2g3 keys=12 dataLen=17 hex=b97500cb60f5b4ba009435770000000002
[2026-04-10 20:10:52] [INFO] [DBG]   k[0] s=1 w=0 len=32 b58=ESzi3jyKV4EW
[2026-04-10 20:10:52] [INFO] [DBG]   k[1] s=0 w=0 len=32 b58=9DrvZvyWh1Hu
[2026-04-10 20:10:52] [INFO] [DBG]   k[2] s=0 w=0 len=32 b58=7u3HeHxYDLhn
[2026-04-10 20:10:52] [INFO] [DBG]   k[3] s=0 w=1 len=32 b58=d4A2prbA2whe
[2026-04-10 20:10:52] [INFO] [DBG]   k[4] s=0 w=0 len=32 b58=So1111111111
[2026-04-10 20:10:52] [INFO] [DBG]   k[5] s=0 w=1 len=32 b58=GafNuUXj9rxG
[2026-04-10 20:10:52] [INFO] [DBG]   k[6] s=0 w=1 len=32 b58=DQwQCSZL4Wm9
[2026-04-10 20:10:52] [INFO] [DBG]   k[7] s=0 w=1 len=32 b58=3JNof8s453bw
[2026-04-10 20:10:52] [INFO] [DBG]   k[8] s=0 w=0 len=32 b58=KLend2g3cP87
[2026-04-10 20:10:52] [INFO] [DBG]   k[9] s=0 w=0 len=32 b58=KLend2g3cP87
[2026-04-10 20:10:52] [INFO] [DBG]   k[10] s=0 w=0 len=32 b58=Sysvar1nstru
[2026-04-10 20:10:52] [INFO] [DBG]   k[11] s=0 w=0 len=32 b58=TokenkegQfeZ
[2026-04-10 20:10:52] [INFO] [DBG] ix[9] prog=Tokenkeg keys=3 dataLen=1 hex=09
[2026-04-10 20:10:52] [INFO] [DBG]   k[0] s=0 w=1 len=32 b58=DQwQCSZL4Wm9
[2026-04-10 20:10:52] [INFO] [DBG]   k[1] s=0 w=1 len=32 b58=ESzi3jyKV4EW
[2026-04-10 20:10:52] [INFO] [DBG]   k[2] s=1 w=0 len=32 b58=ESzi3jyKV4EW
[2026-04-10 20:10:52] [ERROR] [LocalExec] Error: encoding overruns Uint8Array
[2026-04-10 20:10:52] [ERROR] [LocalExec] Stack: RangeError: encoding overruns Uint8Array
    at Blob.encode (/home/ubuntu/ARB-BOT/node_modules/@solana/buffer-layout/lib/Layout.js:2098:19)
    at Structure.encode (/home/ubuntu/ARB-BOT/node_modules/@solana/buffer-layout/lib/Layout.js:1092:36)
    at MessageV0.serialize (/home/ubuntu/ARB-BOT/node_modules/@solana/web3.js/lib/index.cjs.js:1045:51)
    at VersionedTransaction.sign (/home/ubuntu/ARB-BOT/node_modules/@solana/web3.js/lib/index.cjs.js:2107:38)
    at Executor.executeLocal (/home/ubuntu/ARB-BOT/src/executor.js:1312:21)
    at process.processTicksAndRejections (node:internal/process/task_queues:95:5)
    at async wsCallback (/home/ubuntu/ARB-BOT/src/bot.js:297:44)
[2026-04-10 20:10:52] [WARN] [LocalExec] ⚠️  computeSwap BYPASSED — pipeline test mode | gross local: -0.2030 USD
[2026-04-10 20:10:52] [INFO] 🎯 LOCAL EXEC — SOL/BONK | spread: 0.005% | loan: 1.0 SOL | profit: ~$-0.2030 | buy: Raydium CLMM@GtKKKs3y → sell: Orca@5zpyutJu
[2026-04-10 20:10:52] [INFO] [LocalExec] Jito tip: 50000 lamports (~$0.0043)
[2026-04-10 20:10:52] [INFO] [LocalExec] borrowIxIndex dynamically set to 2
[2026-04-10 20:10:52] [INFO] [DBG] innerIxs.length=10
[2026-04-10 20:10:52] [INFO] [DBG] ix[0] prog=11111111 keys=2 dataLen=12 hex=0200000050c3000000000000
[2026-04-10 20:10:52] [INFO] [DBG]   k[0] s=1 w=1 len=32 b58=ESzi3jyKV4EW
[2026-04-10 20:10:52] [INFO] [DBG]   k[1] s=0 w=1 len=32 b58=HFqU5x63VTqv
[2026-04-10 20:10:52] [INFO] [DBG] ix[1] prog=ATokenGP keys=6 dataLen=1 hex=01
[2026-04-10 20:10:52] [INFO] [DBG]   k[0] s=1 w=1 len=32 b58=ESzi3jyKV4EW
[2026-04-10 20:10:52] [INFO] [DBG]   k[1] s=0 w=1 len=32 b58=DQwQCSZL4Wm9
[2026-04-10 20:10:52] [INFO] [DBG]   k[2] s=0 w=0 len=32 b58=ESzi3jyKV4EW
[2026-04-10 20:10:52] [INFO] [DBG]   k[3] s=0 w=0 len=32 b58=So1111111111
[2026-04-10 20:10:52] [INFO] [DBG]   k[4] s=0 w=0 len=32 b58=111111111111
[2026-04-10 20:10:52] [INFO] [DBG]   k[5] s=0 w=0 len=32 b58=TokenkegQfeZ
[2026-04-10 20:10:52] [INFO] [DBG] ix[2] prog=KLend2g3 keys=12 dataLen=16 hex=87e734a70734d4c100ca9a3b00000000
[2026-04-10 20:10:52] [INFO] [DBG]   k[0] s=1 w=0 len=32 b58=ESzi3jyKV4EW
[2026-04-10 20:10:52] [INFO] [DBG]   k[1] s=0 w=0 len=32 b58=9DrvZvyWh1Hu
[2026-04-10 20:10:52] [INFO] [DBG]   k[2] s=0 w=0 len=32 b58=7u3HeHxYDLhn
[2026-04-10 20:10:52] [INFO] [DBG]   k[3] s=0 w=1 len=32 b58=d4A2prbA2whe
[2026-04-10 20:10:52] [INFO] [DBG]   k[4] s=0 w=0 len=32 b58=So1111111111
[2026-04-10 20:10:52] [INFO] [DBG]   k[5] s=0 w=1 len=32 b58=GafNuUXj9rxG
[2026-04-10 20:10:52] [INFO] [DBG]   k[6] s=0 w=1 len=32 b58=DQwQCSZL4Wm9
[2026-04-10 20:10:52] [INFO] [DBG]   k[7] s=0 w=1 len=32 b58=3JNof8s453bw
[2026-04-10 20:10:52] [INFO] [DBG]   k[8] s=0 w=0 len=32 b58=KLend2g3cP87
[2026-04-10 20:10:52] [INFO] [DBG]   k[9] s=0 w=0 len=32 b58=KLend2g3cP87
[2026-04-10 20:10:52] [INFO] [DBG]   k[10] s=0 w=0 len=32 b58=Sysvar1nstru
[2026-04-10 20:10:52] [INFO] [DBG]   k[11] s=0 w=0 len=32 b58=TokenkegQfeZ
[2026-04-10 20:10:52] [INFO] [DBG] ix[3] prog=ComputeB keys=0 dataLen=5 hex=02c0270900
[2026-04-10 20:10:52] [INFO] [DBG] ix[4] prog=ComputeB keys=0 dataLen=9 hex=030100000000000000
[2026-04-10 20:10:52] [INFO] [DBG] ix[5] prog=ATokenGP keys=6 dataLen=1 hex=01
[2026-04-10 20:10:52] [INFO] [DBG]   k[0] s=1 w=1 len=32 b58=ESzi3jyKV4EW
[2026-04-10 20:10:52] [INFO] [DBG]   k[1] s=0 w=1 len=32 b58=8ChvMvALunCZ
[2026-04-10 20:10:52] [INFO] [DBG]   k[2] s=0 w=0 len=32 b58=ESzi3jyKV4EW
[2026-04-10 20:10:52] [INFO] [DBG]   k[3] s=0 w=0 len=32 b58=DezXAZ8z7Pnr
[2026-04-10 20:10:52] [INFO] [DBG]   k[4] s=0 w=0 len=32 b58=111111111111
[2026-04-10 20:10:52] [INFO] [DBG]   k[5] s=0 w=0 len=32 b58=TokenkegQfeZ
[2026-04-10 20:10:52] [INFO] [DBG] ix[6] prog=CAMMCzo5 keys=12 dataLen=41 hex=f8c69e91e17587c800ca9a3b000000001f1dc48627010000513b010001000000000000000000000001
[2026-04-10 20:10:52] [INFO] [DBG]   k[0] s=1 w=1 len=32 b58=ESzi3jyKV4EW
[2026-04-10 20:10:52] [INFO] [DBG]   k[1] s=0 w=0 len=32 b58=E64NGkDLLCdQ
[2026-04-10 20:10:52] [INFO] [DBG]   k[2] s=0 w=1 len=32 b58=GtKKKs3yaPdH
[2026-04-10 20:10:52] [INFO] [DBG]   k[3] s=0 w=1 len=32 b58=DQwQCSZL4Wm9
[2026-04-10 20:10:52] [INFO] [DBG]   k[4] s=0 w=1 len=32 b58=8ChvMvALunCZ
[2026-04-10 20:10:52] [INFO] [DBG]   k[5] s=0 w=1 len=32 b58=GDnBvA76ZAJ2
[2026-04-10 20:10:52] [INFO] [DBG]   k[6] s=0 w=1 len=32 b58=2wzaFLYb4JcD
[2026-04-10 20:10:52] [INFO] [DBG]   k[7] s=0 w=1 len=32 b58=Gj8gzDNKmf5y
[2026-04-10 20:10:52] [INFO] [DBG]   k[8] s=0 w=0 len=32 b58=TokenkegQfeZ
[2026-04-10 20:10:52] [INFO] [DBG]   k[9] s=0 w=1 len=32 b58=FohQpHgvyJQH
[2026-04-10 20:10:52] [INFO] [DBG]   k[10] s=0 w=1 len=32 b58=H162txn8gSuX
[2026-04-10 20:10:52] [INFO] [DBG]   k[11] s=0 w=1 len=32 b58=81hDVagG29yQ
[2026-04-10 20:10:52] [INFO] [DBG] ix[7] prog=whirLbMi keys=11 dataLen=42 hex=f8c69e91e17587c878e7d95c4801000000ca9a3b00000000af331ba8327fbb35b1c4feff000000000100
[2026-04-10 20:10:52] [INFO] [DBG]   k[0] s=0 w=0 len=32 b58=TokenkegQfeZ
[2026-04-10 20:10:52] [INFO] [DBG]   k[1] s=1 w=0 len=32 b58=ESzi3jyKV4EW
[2026-04-10 20:10:52] [INFO] [DBG]   k[2] s=0 w=1 len=32 b58=5zpyutJu9ee6
[2026-04-10 20:10:52] [INFO] [DBG]   k[3] s=0 w=1 len=32 b58=DQwQCSZL4Wm9
[2026-04-10 20:10:52] [INFO] [DBG]   k[4] s=0 w=1 len=32 b58=ES7yhSrYeFo4
[2026-04-10 20:10:52] [INFO] [DBG]   k[5] s=0 w=1 len=32 b58=8ChvMvALunCZ
[2026-04-10 20:10:52] [INFO] [DBG]   k[6] s=0 w=1 len=32 b58=4dmvFGeQH2eq
[2026-04-10 20:10:52] [INFO] [DBG]   k[7] s=0 w=1 len=32 b58=EJRTQoUhFocF
[2026-04-10 20:10:52] [INFO] [DBG]   k[8] s=0 w=1 len=32 b58=GqjT3UE9p9t2
[2026-04-10 20:10:52] [INFO] [DBG]   k[9] s=0 w=1 len=32 b58=AKZj2vZ2UxQa
[2026-04-10 20:10:52] [INFO] [DBG]   k[10] s=0 w=0 len=32 b58=EXpqcVuTTPEm
[2026-04-10 20:10:52] [INFO] [DBG] ix[8] prog=KLend2g3 keys=12 dataLen=17 hex=b97500cb60f5b4ba00ca9a3b0000000002
[2026-04-10 20:10:52] [INFO] [DBG]   k[0] s=1 w=0 len=32 b58=ESzi3jyKV4EW
[2026-04-10 20:10:52] [INFO] [DBG]   k[1] s=0 w=0 len=32 b58=9DrvZvyWh1Hu
[2026-04-10 20:10:52] [INFO] [DBG]   k[2] s=0 w=0 len=32 b58=7u3HeHxYDLhn
[2026-04-10 20:10:52] [INFO] [DBG]   k[3] s=0 w=1 len=32 b58=d4A2prbA2whe
[2026-04-10 20:10:52] [INFO] [DBG]   k[4] s=0 w=0 len=32 b58=So1111111111
[2026-04-10 20:10:52] [INFO] [DBG]   k[5] s=0 w=1 len=32 b58=GafNuUXj9rxG
[2026-04-10 20:10:52] [INFO] [DBG]   k[6] s=0 w=1 len=32 b58=DQwQCSZL4Wm9
[2026-04-10 20:10:52] [INFO] [DBG]   k[7] s=0 w=1 len=32 b58=3JNof8s453bw
[2026-04-10 20:10:52] [INFO] [DBG]   k[8] s=0 w=0 len=32 b58=KLend2g3cP87
[2026-04-10 20:10:52] [INFO] [DBG]   k[9] s=0 w=0 len=32 b58=KLend2g3cP87
[2026-04-10 20:10:52] [INFO] [DBG]   k[10] s=0 w=0 len=32 b58=Sysvar1nstru
[2026-04-10 20:10:52] [INFO] [DBG]   k[11] s=0 w=0 len=32 b58=TokenkegQfeZ
[2026-04-10 20:10:52] [INFO] [DBG] ix[9] prog=Tokenkeg keys=3 dataLen=1 hex=09
[2026-04-10 20:10:52] [INFO] [DBG]   k[0] s=0 w=1 len=32 b58=DQwQCSZL4Wm9
[2026-04-10 20:10:52] [INFO] [DBG]   k[1] s=0 w=1 len=32 b58=ESzi3jyKV4EW
[2026-04-10 20:10:52] [INFO] [DBG]   k[2] s=1 w=0 len=32 b58=ESzi3jyKV4EW
[2026-04-10 20:10:52] [ERROR] [LocalExec] Error: encoding overruns Uint8Array
[2026-04-10 20:10:52] [ERROR] [LocalExec] Stack: RangeError: encoding overruns Uint8Array
    at Blob.encode (/home/ubuntu/ARB-BOT/node_modules/@solana/buffer-layout/lib/Layout.js:2098:19)
    at Structure.encode (/home/ubuntu/ARB-BOT/node_modules/@solana/buffer-layout/lib/Layout.js:1092:36)
    at MessageV0.serialize (/home/ubuntu/ARB-BOT/node_modules/@solana/web3.js/lib/index.cjs.js:1045:51)
    at VersionedTransaction.sign (/home/ubuntu/ARB-BOT/node_modules/@solana/web3.js/lib/index.cjs.js:2107:38)
    at Executor.executeLocal (/home/ubuntu/ARB-BOT/src/executor.js:1312:21)
    at process.processTicksAndRejections (node:internal/process/task_queues:95:5)
    at async wsCallback (/home/ubuntu/ARB-BOT/src/bot.js:297:44)
[2026-04-10 20:10:52] [INFO] [XDEX] SOL/BONK | spread: 0.0052% | fees: 0.0600% | PROFITABLE | hi: Raydium CLMM (14125586.414236) GtKKKs3yaPdHbQd2aZS4SfWhy8zQ988BJGnKNndLxYsN | lo: Orca (14124852.552824) 5zpyutJu9ee6jFymDGoK7F6S5Kczqtc9FomP3ueKuyA9
[2026-04-10 20:10:52] [WARN] [LocalExec] ⚠️  computeSwap BYPASSED — pipeline test mode | gross local: -235.2104 USD
[2026-04-10 20:10:52] [INFO] 🎯 LOCAL EXEC — SOL/BONK | spread: 0.005% | loan: 40.0 SOL | profit: ~$-235.2104 | buy: Raydium CLMM@GtKKKs3y → sell: Orca@5zpyutJu
[2026-04-10 20:10:53] [INFO] [LocalExec] Jito tip: 50000 lamports (~$0.0043)
[2026-04-10 20:10:53] [INFO] [LocalExec] borrowIxIndex dynamically set to 2
[2026-04-10 20:10:53] [INFO] [DBG] innerIxs.length=10
[2026-04-10 20:10:53] [INFO] [DBG] ix[0] prog=11111111 keys=2 dataLen=12 hex=0200000050c3000000000000
[2026-04-10 20:10:53] [INFO] [DBG]   k[0] s=1 w=1 len=32 b58=ESzi3jyKV4EW
[2026-04-10 20:10:53] [INFO] [DBG]   k[1] s=0 w=1 len=32 b58=DfXygSm4jCyN
[2026-04-10 20:10:53] [INFO] [DBG] ix[1] prog=ATokenGP keys=6 dataLen=1 hex=01
[2026-04-10 20:10:53] [INFO] [DBG]   k[0] s=1 w=1 len=32 b58=ESzi3jyKV4EW
[2026-04-10 20:10:53] [INFO] [DBG]   k[1] s=0 w=1 len=32 b58=DQwQCSZL4Wm9
[2026-04-10 20:10:53] [INFO] [DBG]   k[2] s=0 w=0 len=32 b58=ESzi3jyKV4EW
[2026-04-10 20:10:53] [INFO] [DBG]   k[3] s=0 w=0 len=32 b58=So1111111111
[2026-04-10 20:10:53] [INFO] [DBG]   k[4] s=0 w=0 len=32 b58=111111111111
[2026-04-10 20:10:53] [INFO] [DBG]   k[5] s=0 w=0 len=32 b58=TokenkegQfeZ
[2026-04-10 20:10:53] [INFO] [DBG] ix[2] prog=KLend2g3 keys=12 dataLen=16 hex=87e734a70734d4c100902f5009000000
[2026-04-10 20:10:53] [INFO] [DBG]   k[0] s=1 w=0 len=32 b58=ESzi3jyKV4EW
[2026-04-10 20:10:53] [INFO] [DBG]   k[1] s=0 w=0 len=32 b58=9DrvZvyWh1Hu
[2026-04-10 20:10:53] [INFO] [DBG]   k[2] s=0 w=0 len=32 b58=7u3HeHxYDLhn
[2026-04-10 20:10:53] [INFO] [DBG]   k[3] s=0 w=1 len=32 b58=d4A2prbA2whe
[2026-04-10 20:10:53] [INFO] [DBG]   k[4] s=0 w=0 len=32 b58=So1111111111
[2026-04-10 20:10:53] [INFO] [DBG]   k[5] s=0 w=1 len=32 b58=GafNuUXj9rxG
[2026-04-10 20:10:53] [INFO] [DBG]   k[6] s=0 w=1 len=32 b58=DQwQCSZL4Wm9
[2026-04-10 20:10:53] [INFO] [DBG]   k[7] s=0 w=1 len=32 b58=3JNof8s453bw
[2026-04-10 20:10:53] [INFO] [DBG]   k[8] s=0 w=0 len=32 b58=KLend2g3cP87
[2026-04-10 20:10:53] [INFO] [DBG]   k[9] s=0 w=0 len=32 b58=KLend2g3cP87
[2026-04-10 20:10:53] [INFO] [DBG]   k[10] s=0 w=0 len=32 b58=Sysvar1nstru
[2026-04-10 20:10:53] [INFO] [DBG]   k[11] s=0 w=0 len=32 b58=TokenkegQfeZ
[2026-04-10 20:10:53] [INFO] [DBG] ix[3] prog=ComputeB keys=0 dataLen=5 hex=02c0270900
[2026-04-10 20:10:53] [INFO] [DBG] ix[4] prog=ComputeB keys=0 dataLen=9 hex=030100000000000000
[2026-04-10 20:10:53] [INFO] [DBG] ix[5] prog=ATokenGP keys=6 dataLen=1 hex=01
[2026-04-10 20:10:53] [INFO] [DBG]   k[0] s=1 w=1 len=32 b58=ESzi3jyKV4EW
[2026-04-10 20:10:53] [INFO] [DBG]   k[1] s=0 w=1 len=32 b58=8ChvMvALunCZ
[2026-04-10 20:10:53] [INFO] [DBG]   k[2] s=0 w=0 len=32 b58=ESzi3jyKV4EW
[2026-04-10 20:10:53] [INFO] [DBG]   k[3] s=0 w=0 len=32 b58=DezXAZ8z7Pnr
[2026-04-10 20:10:53] [INFO] [DBG]   k[4] s=0 w=0 len=32 b58=111111111111
[2026-04-10 20:10:53] [INFO] [DBG]   k[5] s=0 w=0 len=32 b58=TokenkegQfeZ
[2026-04-10 20:10:53] [INFO] [DBG] ix[6] prog=CAMMCzo5 keys=12 dataLen=41 hex=f8c69e91e17587c800902f5009000000875c8029a22b0000513b010001000000000000000000000001
[2026-04-10 20:10:53] [INFO] [DBG]   k[0] s=1 w=1 len=32 b58=ESzi3jyKV4EW
[2026-04-10 20:10:53] [INFO] [DBG]   k[1] s=0 w=0 len=32 b58=E64NGkDLLCdQ
[2026-04-10 20:10:53] [INFO] [DBG]   k[2] s=0 w=1 len=32 b58=GtKKKs3yaPdH
[2026-04-10 20:10:53] [INFO] [DBG]   k[3] s=0 w=1 len=32 b58=DQwQCSZL4Wm9
[2026-04-10 20:10:53] [INFO] [DBG]   k[4] s=0 w=1 len=32 b58=8ChvMvALunCZ
[2026-04-10 20:10:53] [INFO] [DBG]   k[5] s=0 w=1 len=32 b58=GDnBvA76ZAJ2
[2026-04-10 20:10:53] [INFO] [DBG]   k[6] s=0 w=1 len=32 b58=2wzaFLYb4JcD
[2026-04-10 20:10:53] [INFO] [DBG]   k[7] s=0 w=1 len=32 b58=Gj8gzDNKmf5y
[2026-04-10 20:10:53] [INFO] [DBG]   k[8] s=0 w=0 len=32 b58=TokenkegQfeZ
[2026-04-10 20:10:53] [INFO] [DBG]   k[9] s=0 w=1 len=32 b58=FohQpHgvyJQH
[2026-04-10 20:10:53] [INFO] [DBG]   k[10] s=0 w=1 len=32 b58=H162txn8gSuX
[2026-04-10 20:10:53] [INFO] [DBG]   k[11] s=0 w=1 len=32 b58=81hDVagG29yQ
[2026-04-10 20:10:53] [INFO] [DBG] ix[7] prog=whirLbMi keys=11 dataLen=42 hex=f8c69e91e17587c8b39f8e4a7b30000000902f5009000000af331ba8327fbb35b1c4feff000000000100
[2026-04-10 20:10:53] [INFO] [DBG]   k[0] s=0 w=0 len=32 b58=TokenkegQfeZ
[2026-04-10 20:10:53] [INFO] [DBG]   k[1] s=1 w=0 len=32 b58=ESzi3jyKV4EW
[2026-04-10 20:10:53] [INFO] [DBG]   k[2] s=0 w=1 len=32 b58=5zpyutJu9ee6
[2026-04-10 20:10:53] [INFO] [DBG]   k[3] s=0 w=1 len=32 b58=DQwQCSZL4Wm9
[2026-04-10 20:10:53] [INFO] [DBG]   k[4] s=0 w=1 len=32 b58=ES7yhSrYeFo4
[2026-04-10 20:10:53] [INFO] [DBG]   k[5] s=0 w=1 len=32 b58=8ChvMvALunCZ
[2026-04-10 20:10:53] [INFO] [DBG]   k[6] s=0 w=1 len=32 b58=4dmvFGeQH2eq
[2026-04-10 20:10:53] [INFO] [DBG]   k[7] s=0 w=1 len=32 b58=EJRTQoUhFocF
[2026-04-10 20:10:53] [INFO] [DBG]   k[8] s=0 w=1 len=32 b58=GqjT3UE9p9t2
[2026-04-10 20:10:53] [INFO] [DBG]   k[9] s=0 w=1 len=32 b58=AKZj2vZ2UxQa
[2026-04-10 20:10:53] [INFO] [DBG]   k[10] s=0 w=0 len=32 b58=EXpqcVuTTPEm
[2026-04-10 20:10:53] [INFO] [DBG] ix[8] prog=KLend2g3 keys=12 dataLen=17 hex=b97500cb60f5b4ba00902f500900000002
[2026-04-10 20:10:53] [INFO] [DBG]   k[0] s=1 w=0 len=32 b58=ESzi3jyKV4EW
[2026-04-10 20:10:53] [INFO] [DBG]   k[1] s=0 w=0 len=32 b58=9DrvZvyWh1Hu
[2026-04-10 20:10:53] [INFO] [DBG]   k[2] s=0 w=0 len=32 b58=7u3HeHxYDLhn
[2026-04-10 20:10:53] [INFO] [DBG]   k[3] s=0 w=1 len=32 b58=d4A2prbA2whe
[2026-04-10 20:10:53] [INFO] [DBG]   k[4] s=0 w=0 len=32 b58=So1111111111
[2026-04-10 20:10:53] [INFO] [DBG]   k[5] s=0 w=1 len=32 b58=GafNuUXj9rxG
[2026-04-10 20:10:53] [INFO] [DBG]   k[6] s=0 w=1 len=32 b58=DQwQCSZL4Wm9
[2026-04-10 20:10:53] [INFO] [DBG]   k[7] s=0 w=1 len=32 b58=3JNof8s453bw
[2026-04-10 20:10:53] [INFO] [DBG]   k[8] s=0 w=0 len=32 b58=KLend2g3cP87
[2026-04-10 20:10:53] [INFO] [DBG]   k[9] s=0 w=0 len=32 b58=KLend2g3cP87
[2026-04-10 20:10:53] [INFO] [DBG]   k[10] s=0 w=0 len=32 b58=Sysvar1nstru
[2026-04-10 20:10:53] [INFO] [DBG]   k[11] s=0 w=0 len=32 b58=TokenkegQfeZ
[2026-04-10 20:10:53] [INFO] [DBG] ix[9] prog=Tokenkeg keys=3 dataLen=1 hex=09
[2026-04-10 20:10:53] [INFO] [DBG]   k[0] s=0 w=1 len=32 b58=DQwQCSZL4Wm9
[2026-04-10 20:10:53] [INFO] [DBG]   k[1] s=0 w=1 len=32 b58=ESzi3jyKV4EW
[2026-04-10 20:10:53] [INFO] [DBG]   k[2] s=1 w=0 len=32 b58=ESzi3jyKV4EW
[2026-04-10 20:10:53] [ERROR] [LocalExec] Error: encoding overruns Uint8Array
[2026-04-10 20:10:53] [ERROR] [LocalExec] Stack: RangeError: encoding overruns Uint8Array
    at Blob.encode (/home/ubuntu/ARB-BOT/node_modules/@solana/buffer-layout/lib/Layout.js:2098:19)
    at Structure.encode (/home/ubuntu/ARB-BOT/node_modules/@solana/buffer-layout/lib/Layout.js:1092:36)
    at MessageV0.serialize (/home/ubuntu/ARB-BOT/node_modules/@solana/web3.js/lib/index.cjs.js:1045:51)
    at VersionedTransaction.sign (/home/ubuntu/ARB-BOT/node_modules/@solana/web3.js/lib/index.cjs.js:2107:38)
    at Executor.executeLocal (/home/ubuntu/ARB-BOT/src/executor.js:1312:21)
    at process.processTicksAndRejections (node:internal/process/task_queues:95:5)
    at async wsCallback (/home/ubuntu/ARB-BOT/src/bot.js:297:44)
[2026-04-10 20:10:53] [WARN] [LocalExec] ⚠️  computeSwap BYPASSED — pipeline test mode | gross local: -61.3352 USD
[2026-04-10 20:10:53] [INFO] 🎯 LOCAL EXEC — SOL/BONK | spread: 0.005% | loan: 20.0 SOL | profit: ~$-61.3352 | buy: Raydium CLMM@GtKKKs3y → sell: Orca@5zpyutJu
[2026-04-10 20:10:53] [INFO] [LocalExec] Jito tip: 50000 lamports (~$0.0043)
[2026-04-10 20:10:53] [INFO] [LocalExec] borrowIxIndex dynamically set to 2
[2026-04-10 20:10:53] [INFO] [DBG] innerIxs.length=10
[2026-04-10 20:10:53] [INFO] [DBG] ix[0] prog=11111111 keys=2 dataLen=12 hex=0200000050c3000000000000
[2026-04-10 20:10:53] [INFO] [DBG]   k[0] s=1 w=1 len=32 b58=ESzi3jyKV4EW
[2026-04-10 20:10:53] [INFO] [DBG]   k[1] s=0 w=1 len=32 b58=HFqU5x63VTqv
[2026-04-10 20:10:53] [INFO] [DBG] ix[1] prog=ATokenGP keys=6 dataLen=1 hex=01
[2026-04-10 20:10:53] [INFO] [DBG]   k[0] s=1 w=1 len=32 b58=ESzi3jyKV4EW
[2026-04-10 20:10:53] [INFO] [DBG]   k[1] s=0 w=1 len=32 b58=DQwQCSZL4Wm9
[2026-04-10 20:10:53] [INFO] [DBG]   k[2] s=0 w=0 len=32 b58=ESzi3jyKV4EW
[2026-04-10 20:10:53] [INFO] [DBG]   k[3] s=0 w=0 len=32 b58=So1111111111
[2026-04-10 20:10:53] [INFO] [DBG]   k[4] s=0 w=0 len=32 b58=111111111111
[2026-04-10 20:10:53] [INFO] [DBG]   k[5] s=0 w=0 len=32 b58=TokenkegQfeZ
[2026-04-10 20:10:53] [INFO] [DBG] ix[2] prog=KLend2g3 keys=12 dataLen=16 hex=87e734a70734d4c100c817a804000000
[2026-04-10 20:10:53] [INFO] [DBG]   k[0] s=1 w=0 len=32 b58=ESzi3jyKV4EW
[2026-04-10 20:10:53] [INFO] [DBG]   k[1] s=0 w=0 len=32 b58=9DrvZvyWh1Hu
[2026-04-10 20:10:53] [INFO] [DBG]   k[2] s=0 w=0 len=32 b58=7u3HeHxYDLhn
[2026-04-10 20:10:53] [INFO] [DBG]   k[3] s=0 w=1 len=32 b58=d4A2prbA2whe
[2026-04-10 20:10:53] [INFO] [DBG]   k[4] s=0 w=0 len=32 b58=So1111111111
[2026-04-10 20:10:53] [INFO] [DBG]   k[5] s=0 w=1 len=32 b58=GafNuUXj9rxG
[2026-04-10 20:10:53] [INFO] [DBG]   k[6] s=0 w=1 len=32 b58=DQwQCSZL4Wm9
[2026-04-10 20:10:53] [INFO] [DBG]   k[7] s=0 w=1 len=32 b58=3JNof8s453bw
[2026-04-10 20:10:53] [INFO] [DBG]   k[8] s=0 w=0 len=32 b58=KLend2g3cP87
[2026-04-10 20:10:53] [INFO] [DBG]   k[9] s=0 w=0 len=32 b58=KLend2g3cP87
[2026-04-10 20:10:53] [INFO] [DBG]   k[10] s=0 w=0 len=32 b58=Sysvar1nstru
[2026-04-10 20:10:53] [INFO] [DBG]   k[11] s=0 w=0 len=32 b58=TokenkegQfeZ
[2026-04-10 20:10:53] [INFO] [DBG] ix[3] prog=ComputeB keys=0 dataLen=5 hex=02c0270900
[2026-04-10 20:10:53] [INFO] [DBG] ix[4] prog=ComputeB keys=0 dataLen=9 hex=030100000000000000
[2026-04-10 20:10:53] [INFO] [DBG] ix[5] prog=ATokenGP keys=6 dataLen=1 hex=01
[2026-04-10 20:10:53] [INFO] [DBG]   k[0] s=1 w=1 len=32 b58=ESzi3jyKV4EW
[2026-04-10 20:10:53] [INFO] [DBG]   k[1] s=0 w=1 len=32 b58=8ChvMvALunCZ
[2026-04-10 20:10:53] [INFO] [DBG]   k[2] s=0 w=0 len=32 b58=ESzi3jyKV4EW
[2026-04-10 20:10:53] [INFO] [DBG]   k[3] s=0 w=0 len=32 b58=DezXAZ8z7Pnr
[2026-04-10 20:10:53] [INFO] [DBG]   k[4] s=0 w=0 len=32 b58=111111111111
[2026-04-10 20:10:53] [INFO] [DBG]   k[5] s=0 w=0 len=32 b58=TokenkegQfeZ
[2026-04-10 20:10:53] [INFO] [DBG] ix[6] prog=CAMMCzo5 keys=12 dataLen=41 hex=f8c69e91e17587c800c817a804000000d38fbf5e73160000513b010001000000000000000000000001
[2026-04-10 20:10:53] [INFO] [DBG]   k[0] s=1 w=1 len=32 b58=ESzi3jyKV4EW
[2026-04-10 20:10:53] [INFO] [DBG]   k[1] s=0 w=0 len=32 b58=E64NGkDLLCdQ
[2026-04-10 20:10:53] [INFO] [DBG]   k[2] s=0 w=1 len=32 b58=GtKKKs3yaPdH
[2026-04-10 20:10:53] [INFO] [DBG]   k[3] s=0 w=1 len=32 b58=DQwQCSZL4Wm9
[2026-04-10 20:10:53] [INFO] [DBG]   k[4] s=0 w=1 len=32 b58=8ChvMvALunCZ
[2026-04-10 20:10:53] [INFO] [DBG]   k[5] s=0 w=1 len=32 b58=GDnBvA76ZAJ2
[2026-04-10 20:10:53] [INFO] [DBG]   k[6] s=0 w=1 len=32 b58=2wzaFLYb4JcD
[2026-04-10 20:10:53] [INFO] [DBG]   k[7] s=0 w=1 len=32 b58=Gj8gzDNKmf5y
[2026-04-10 20:10:53] [INFO] [DBG]   k[8] s=0 w=0 len=32 b58=TokenkegQfeZ
[2026-04-10 20:10:53] [INFO] [DBG]   k[9] s=0 w=1 len=32 b58=FohQpHgvyJQH
[2026-04-10 20:10:53] [INFO] [DBG]   k[10] s=0 w=1 len=32 b58=H162txn8gSuX
[2026-04-10 20:10:53] [INFO] [DBG]   k[11] s=0 w=1 len=32 b58=81hDVagG29yQ
[2026-04-10 20:10:53] [INFO] [DBG] ix[7] prog=whirLbMi keys=11 dataLen=42 hex=f8c69e91e17587c85d837ff7f118000000c817a804000000af331ba8327fbb35b1c4feff000000000100
[2026-04-10 20:10:53] [INFO] [DBG]   k[0] s=0 w=0 len=32 b58=TokenkegQfeZ
[2026-04-10 20:10:53] [INFO] [DBG]   k[1] s=1 w=0 len=32 b58=ESzi3jyKV4EW
[2026-04-10 20:10:53] [INFO] [DBG]   k[2] s=0 w=1 len=32 b58=5zpyutJu9ee6
[2026-04-10 20:10:53] [INFO] [DBG]   k[3] s=0 w=1 len=32 b58=DQwQCSZL4Wm9
[2026-04-10 20:10:53] [INFO] [DBG]   k[4] s=0 w=1 len=32 b58=ES7yhSrYeFo4
[2026-04-10 20:10:53] [INFO] [DBG]   k[5] s=0 w=1 len=32 b58=8ChvMvALunCZ
[2026-04-10 20:10:53] [INFO] [DBG]   k[6] s=0 w=1 len=32 b58=4dmvFGeQH2eq
[2026-04-10 20:10:53] [INFO] [DBG]   k[7] s=0 w=1 len=32 b58=EJRTQoUhFocF
[2026-04-10 20:10:53] [INFO] [DBG]   k[8] s=0 w=1 len=32 b58=GqjT3UE9p9t2
[2026-04-10 20:10:53] [INFO] [DBG]   k[9] s=0 w=1 len=32 b58=AKZj2vZ2UxQa
[2026-04-10 20:10:53] [INFO] [DBG]   k[10] s=0 w=0 len=32 b58=EXpqcVuTTPEm
[2026-04-10 20:10:53] [INFO] [DBG] ix[8] prog=KLend2g3 keys=12 dataLen=17 hex=b97500cb60f5b4ba00c817a80400000002
[2026-04-10 20:10:53] [INFO] [DBG]   k[0] s=1 w=0 len=32 b58=ESzi3jyKV4EW
[2026-04-10 20:10:53] [INFO] [DBG]   k[1] s=0 w=0 len=32 b58=9DrvZvyWh1Hu
[2026-04-10 20:10:53] [INFO] [DBG]   k[2] s=0 w=0 len=32 b58=7u3HeHxYDLhn
[2026-04-10 20:10:53] [INFO] [DBG]   k[3] s=0 w=1 len=32 b58=d4A2prbA2whe
[2026-04-10 20:10:53] [INFO] [DBG]   k[4] s=0 w=0 len=32 b58=So1111111111
[2026-04-10 20:10:53] [INFO] [DBG]   k[5] s=0 w=1 len=32 b58=GafNuUXj9rxG
[2026-04-10 20:10:53] [INFO] [DBG]   k[6] s=0 w=1 len=32 b58=DQwQCSZL4Wm9
[2026-04-10 20:10:53] [INFO] [DBG]   k[7] s=0 w=1 len=32 b58=3JNof8s453bw
[2026-04-10 20:10:53] [INFO] [DBG]   k[8] s=0 w=0 len=32 b58=KLend2g3cP87
[2026-04-10 20:10:53] [INFO] [DBG]   k[9] s=0 w=0 len=32 b58=KLend2g3cP87
[2026-04-10 20:10:53] [INFO] [DBG]   k[10] s=0 w=0 len=32 b58=Sysvar1nstru
[2026-04-10 20:10:53] [INFO] [DBG]   k[11] s=0 w=0 len=32 b58=TokenkegQfeZ
[2026-04-10 20:10:53] [INFO] [DBG] ix[9] prog=Tokenkeg keys=3 dataLen=1 hex=09
[2026-04-10 20:10:53] [INFO] [DBG]   k[0] s=0 w=1 len=32 b58=DQwQCSZL4Wm9
[2026-04-10 20:10:53] [INFO] [DBG]   k[1] s=0 w=1 len=32 b58=ESzi3jyKV4EW
[2026-04-10 20:10:53] [INFO] [DBG]   k[2] s=1 w=0 len=32 b58=ESzi3jyKV4EW
[2026-04-10 20:10:53] [ERROR] [LocalExec] Error: encoding overruns Uint8Array
[2026-04-10 20:10:53] [ERROR] [LocalExec] Stack: RangeError: encoding overruns Uint8Array
    at Blob.encode (/home/ubuntu/ARB-BOT/node_modules/@solana/buffer-layout/lib/Layout.js:2098:19)
    at Structure.encode (/home/ubuntu/ARB-BOT/node_modules/@solana/buffer-layout/lib/Layout.js:1092:36)
    at MessageV0.serialize (/home/ubuntu/ARB-BOT/node_modules/@solana/web3.js/lib/index.cjs.js:1045:51)
    at VersionedTransaction.sign (/home/ubuntu/ARB-BOT/node_modules/@solana/web3.js/lib/index.cjs.js:2107:38)
    at Executor.executeLocal (/home/ubuntu/ARB-BOT/src/executor.js:1312:21)
    at process.processTicksAndRejections (node:internal/process/task_queues:95:5)
    at async wsCallback (/home/ubuntu/ARB-BOT/src/bot.js:297:44)
[2026-04-10 20:10:53] [WARN] [LocalExec] ⚠️  computeSwap BYPASSED — pipeline test mode | gross local: -15.8398 USD
[2026-04-10 20:10:53] [INFO] 🎯 LOCAL EXEC — SOL/BONK | spread: 0.005% | loan: 10.0 SOL | profit: ~$-15.8398 | buy: Raydium CLMM@GtKKKs3y → sell: Orca@5zpyutJu
[2026-04-10 20:10:53] [INFO] [LocalExec] Jito tip: 50000 lamports (~$0.0043)
[2026-04-10 20:10:53] [INFO] [LocalExec] borrowIxIndex dynamically set to 2
[2026-04-10 20:10:53] [INFO] [DBG] innerIxs.length=10
[2026-04-10 20:10:53] [INFO] [DBG] ix[0] prog=11111111 keys=2 dataLen=12 hex=0200000050c3000000000000
[2026-04-10 20:10:53] [INFO] [DBG]   k[0] s=1 w=1 len=32 b58=ESzi3jyKV4EW
[2026-04-10 20:10:53] [INFO] [DBG]   k[1] s=0 w=1 len=32 b58=96gYZGLnJYVF
[2026-04-10 20:10:53] [INFO] [DBG] ix[1] prog=ATokenGP keys=6 dataLen=1 hex=01
[2026-04-10 20:10:53] [INFO] [DBG]   k[0] s=1 w=1 len=32 b58=ESzi3jyKV4EW
[2026-04-10 20:10:53] [INFO] [DBG]   k[1] s=0 w=1 len=32 b58=DQwQCSZL4Wm9
[2026-04-10 20:10:53] [INFO] [DBG]   k[2] s=0 w=0 len=32 b58=ESzi3jyKV4EW
[2026-04-10 20:10:53] [INFO] [DBG]   k[3] s=0 w=0 len=32 b58=So1111111111
[2026-04-10 20:10:53] [INFO] [DBG]   k[4] s=0 w=0 len=32 b58=111111111111
[2026-04-10 20:10:53] [INFO] [DBG]   k[5] s=0 w=0 len=32 b58=TokenkegQfeZ
[2026-04-10 20:10:53] [INFO] [DBG] ix[2] prog=KLend2g3 keys=12 dataLen=16 hex=87e734a70734d4c100e40b5402000000
[2026-04-10 20:10:53] [INFO] [DBG]   k[0] s=1 w=0 len=32 b58=ESzi3jyKV4EW
[2026-04-10 20:10:53] [INFO] [DBG]   k[1] s=0 w=0 len=32 b58=9DrvZvyWh1Hu
[2026-04-10 20:10:53] [INFO] [DBG]   k[2] s=0 w=0 len=32 b58=7u3HeHxYDLhn
[2026-04-10 20:10:53] [INFO] [DBG]   k[3] s=0 w=1 len=32 b58=d4A2prbA2whe
[2026-04-10 20:10:53] [INFO] [DBG]   k[4] s=0 w=0 len=32 b58=So1111111111
[2026-04-10 20:10:53] [INFO] [DBG]   k[5] s=0 w=1 len=32 b58=GafNuUXj9rxG
[2026-04-10 20:10:53] [INFO] [DBG]   k[6] s=0 w=1 len=32 b58=DQwQCSZL4Wm9
[2026-04-10 20:10:53] [INFO] [DBG]   k[7] s=0 w=1 len=32 b58=3JNof8s453bw
[2026-04-10 20:10:53] [INFO] [DBG]   k[8] s=0 w=0 len=32 b58=KLend2g3cP87
[2026-04-10 20:10:53] [INFO] [DBG]   k[9] s=0 w=0 len=32 b58=KLend2g3cP87
[2026-04-10 20:10:53] [INFO] [DBG]   k[10] s=0 w=0 len=32 b58=Sysvar1nstru
[2026-04-10 20:10:53] [INFO] [DBG]   k[11] s=0 w=0 len=32 b58=TokenkegQfeZ
[2026-04-10 20:10:53] [INFO] [DBG] ix[3] prog=ComputeB keys=0 dataLen=5 hex=02c0270900
[2026-04-10 20:10:53] [INFO] [DBG] ix[4] prog=ComputeB keys=0 dataLen=9 hex=030100000000000000
[2026-04-10 20:10:53] [INFO] [DBG] ix[5] prog=ATokenGP keys=6 dataLen=1 hex=01
[2026-04-10 20:10:53] [INFO] [DBG]   k[0] s=1 w=1 len=32 b58=ESzi3jyKV4EW
[2026-04-10 20:10:53] [INFO] [DBG]   k[1] s=0 w=1 len=32 b58=8ChvMvALunCZ
[2026-04-10 20:10:53] [INFO] [DBG]   k[2] s=0 w=0 len=32 b58=ESzi3jyKV4EW
[2026-04-10 20:10:53] [INFO] [DBG]   k[3] s=0 w=0 len=32 b58=DezXAZ8z7Pnr
[2026-04-10 20:10:53] [INFO] [DBG]   k[4] s=0 w=0 len=32 b58=111111111111
[2026-04-10 20:10:53] [INFO] [DBG]   k[5] s=0 w=0 len=32 b58=TokenkegQfeZ
[2026-04-10 20:10:53] [INFO] [DBG] ix[6] prog=CAMMCzo5 keys=12 dataLen=41 hex=f8c69e91e17587c800e40b5402000000150a420d640b0000513b010001000000000000000000000001
[2026-04-10 20:10:53] [INFO] [DBG]   k[0] s=1 w=1 len=32 b58=ESzi3jyKV4EW
[2026-04-10 20:10:53] [INFO] [DBG]   k[1] s=0 w=0 len=32 b58=E64NGkDLLCdQ
[2026-04-10 20:10:53] [INFO] [DBG]   k[2] s=0 w=1 len=32 b58=GtKKKs3yaPdH
[2026-04-10 20:10:53] [INFO] [DBG]   k[3] s=0 w=1 len=32 b58=DQwQCSZL4Wm9
[2026-04-10 20:10:53] [INFO] [DBG]   k[4] s=0 w=1 len=32 b58=8ChvMvALunCZ
[2026-04-10 20:10:53] [INFO] [DBG]   k[5] s=0 w=1 len=32 b58=GDnBvA76ZAJ2
[2026-04-10 20:10:53] [INFO] [DBG]   k[6] s=0 w=1 len=32 b58=2wzaFLYb4JcD
[2026-04-10 20:10:53] [INFO] [DBG]   k[7] s=0 w=1 len=32 b58=Gj8gzDNKmf5y
[2026-04-10 20:10:53] [INFO] [DBG]   k[8] s=0 w=0 len=32 b58=TokenkegQfeZ
[2026-04-10 20:10:53] [INFO] [DBG]   k[9] s=0 w=1 len=32 b58=FohQpHgvyJQH
[2026-04-10 20:10:53] [INFO] [DBG]   k[10] s=0 w=1 len=32 b58=H162txn8gSuX
[2026-04-10 20:10:53] [INFO] [DBG]   k[11] s=0 w=1 len=32 b58=81hDVagG29yQ
[2026-04-10 20:10:53] [INFO] [DBG] ix[7] prog=whirLbMi keys=11 dataLen=42 hex=f8c69e91e17587c8a627bb0ea80c000000e40b5402000000af331ba8327fbb35b1c4feff000000000100
[2026-04-10 20:10:53] [INFO] [DBG]   k[0] s=0 w=0 len=32 b58=TokenkegQfeZ
[2026-04-10 20:10:53] [INFO] [DBG]   k[1] s=1 w=0 len=32 b58=ESzi3jyKV4EW
[2026-04-10 20:10:53] [INFO] [DBG]   k[2] s=0 w=1 len=32 b58=5zpyutJu9ee6
[2026-04-10 20:10:53] [INFO] [DBG]   k[3] s=0 w=1 len=32 b58=DQwQCSZL4Wm9
[2026-04-10 20:10:53] [INFO] [DBG]   k[4] s=0 w=1 len=32 b58=ES7yhSrYeFo4
[2026-04-10 20:10:53] [INFO] [DBG]   k[5] s=0 w=1 len=32 b58=8ChvMvALunCZ
[2026-04-10 20:10:53] [INFO] [DBG]   k[6] s=0 w=1 len=32 b58=4dmvFGeQH2eq
[2026-04-10 20:10:53] [INFO] [DBG]   k[7] s=0 w=1 len=32 b58=EJRTQoUhFocF
[2026-04-10 20:10:53] [INFO] [DBG]   k[8] s=0 w=1 len=32 b58=GqjT3UE9p9t2
[2026-04-10 20:10:53] [INFO] [DBG]   k[9] s=0 w=1 len=32 b58=AKZj2vZ2UxQa
[2026-04-10 20:10:53] [INFO] [DBG]   k[10] s=0 w=0 len=32 b58=EXpqcVuTTPEm
[2026-04-10 20:10:53] [INFO] [DBG] ix[8] prog=KLend2g3 keys=12 dataLen=17 hex=b97500cb60f5b4ba00e40b540200000002
[2026-04-10 20:10:53] [INFO] [DBG]   k[0] s=1 w=0 len=32 b58=ESzi3jyKV4EW
[2026-04-10 20:10:53] [INFO] [DBG]   k[1] s=0 w=0 len=32 b58=9DrvZvyWh1Hu
[2026-04-10 20:10:53] [INFO] [DBG]   k[2] s=0 w=0 len=32 b58=7u3HeHxYDLhn
[2026-04-10 20:10:53] [INFO] [DBG]   k[3] s=0 w=1 len=32 b58=d4A2prbA2whe
[2026-04-10 20:10:53] [INFO] [DBG]   k[4] s=0 w=0 len=32 b58=So1111111111
[2026-04-10 20:10:53] [INFO] [DBG]   k[5] s=0 w=1 len=32 b58=GafNuUXj9rxG
[2026-04-10 20:10:53] [INFO] [DBG]   k[6] s=0 w=1 len=32 b58=DQwQCSZL4Wm9
[2026-04-10 20:10:53] [INFO] [DBG]   k[7] s=0 w=1 len=32 b58=3JNof8s453bw
[2026-04-10 20:10:53] [INFO] [DBG]   k[8] s=0 w=0 len=32 b58=KLend2g3cP87
[2026-04-10 20:10:53] [INFO] [DBG]   k[9] s=0 w=0 len=32 b58=KLend2g3cP87
[2026-04-10 20:10:53] [INFO] [DBG]   k[10] s=0 w=0 len=32 b58=Sysvar1nstru
[2026-04-10 20:10:53] [INFO] [DBG]   k[11] s=0 w=0 len=32 b58=TokenkegQfeZ
[2026-04-10 20:10:53] [INFO] [DBG] ix[9] prog=Tokenkeg keys=3 dataLen=1 hex=09
[2026-04-10 20:10:53] [INFO] [DBG]   k[0] s=0 w=1 len=32 b58=DQwQCSZL4Wm9
[2026-04-10 20:10:53] [INFO] [DBG]   k[1] s=0 w=1 len=32 b58=ESzi3jyKV4EW
[2026-04-10 20:10:53] [INFO] [DBG]   k[2] s=1 w=0 len=32 b58=ESzi3jyKV4EW
[2026-04-10 20:10:53] [ERROR] [LocalExec] Error: encoding overruns Uint8Array
[2026-04-10 20:10:53] [ERROR] [LocalExec] Stack: RangeError: encoding overruns Uint8Array
    at Blob.encode (/home/ubuntu/ARB-BOT/node_modules/@solana/buffer-layout/lib/Layout.js:2098:19)
    at Structure.encode (/home/ubuntu/ARB-BOT/node_modules/@solana/buffer-layout/lib/Layout.js:1092:36)
    at MessageV0.serialize (/home/ubuntu/ARB-BOT/node_modules/@solana/web3.js/lib/index.cjs.js:1045:51)
    at VersionedTransaction.sign (/home/ubuntu/ARB-BOT/node_modules/@solana/web3.js/lib/index.cjs.js:2107:38)
    at Executor.executeLocal (/home/ubuntu/ARB-BOT/src/executor.js:1312:21)
    at process.processTicksAndRejections (node:internal/process/task_queues:95:5)
    at async wsCallback (/home/ubuntu/ARB-BOT/src/bot.js:297:44)
[2026-04-10 20:10:53] [WARN] [LocalExec] ⚠️  computeSwap BYPASSED — pipeline test mode | gross local: -2.6735 USD
[2026-04-10 20:10:53] [INFO] 🎯 LOCAL EXEC — SOL/BONK | spread: 0.005% | loan: 4.0 SOL | profit: ~$-2.6735 | buy: Raydium CLMM@GtKKKs3y → sell: Orca@5zpyutJu
[2026-04-10 20:10:53] [INFO] [LocalExec] Jito tip: 50000 lamports (~$0.0043)
[2026-04-10 20:10:53] [INFO] [LocalExec] borrowIxIndex dynamically set to 2
[2026-04-10 20:10:53] [INFO] [DBG] innerIxs.length=10
[2026-04-10 20:10:53] [INFO] [DBG] ix[0] prog=11111111 keys=2 dataLen=12 hex=0200000050c3000000000000
[2026-04-10 20:10:53] [INFO] [DBG]   k[0] s=1 w=1 len=32 b58=ESzi3jyKV4EW
[2026-04-10 20:10:53] [INFO] [DBG]   k[1] s=0 w=1 len=32 b58=Cw8CFyM9FkoM
[2026-04-10 20:10:53] [INFO] [DBG] ix[1] prog=ATokenGP keys=6 dataLen=1 hex=01
[2026-04-10 20:10:53] [INFO] [DBG]   k[0] s=1 w=1 len=32 b58=ESzi3jyKV4EW
[2026-04-10 20:10:53] [INFO] [DBG]   k[1] s=0 w=1 len=32 b58=DQwQCSZL4Wm9
[2026-04-10 20:10:53] [INFO] [DBG]   k[2] s=0 w=0 len=32 b58=ESzi3jyKV4EW
[2026-04-10 20:10:53] [INFO] [DBG]   k[3] s=0 w=0 len=32 b58=So1111111111
[2026-04-10 20:10:53] [INFO] [DBG]   k[4] s=0 w=0 len=32 b58=111111111111
[2026-04-10 20:10:53] [INFO] [DBG]   k[5] s=0 w=0 len=32 b58=TokenkegQfeZ
[2026-04-10 20:10:53] [INFO] [DBG] ix[2] prog=KLend2g3 keys=12 dataLen=16 hex=87e734a70734d4c100286bee00000000
[2026-04-10 20:10:53] [INFO] [DBG]   k[0] s=1 w=0 len=32 b58=ESzi3jyKV4EW
[2026-04-10 20:10:53] [INFO] [DBG]   k[1] s=0 w=0 len=32 b58=9DrvZvyWh1Hu
[2026-04-10 20:10:53] [INFO] [DBG]   k[2] s=0 w=0 len=32 b58=7u3HeHxYDLhn
[2026-04-10 20:10:53] [INFO] [DBG]   k[3] s=0 w=1 len=32 b58=d4A2prbA2whe
[2026-04-10 20:10:53] [INFO] [DBG]   k[4] s=0 w=0 len=32 b58=So1111111111
[2026-04-10 20:10:53] [INFO] [DBG]   k[5] s=0 w=1 len=32 b58=GafNuUXj9rxG
[2026-04-10 20:10:53] [INFO] [DBG]   k[6] s=0 w=1 len=32 b58=DQwQCSZL4Wm9
[2026-04-10 20:10:53] [INFO] [DBG]   k[7] s=0 w=1 len=32 b58=3JNof8s453bw
[2026-04-10 20:10:53] [INFO] [DBG]   k[8] s=0 w=0 len=32 b58=KLend2g3cP87
[2026-04-10 20:10:53] [INFO] [DBG]   k[9] s=0 w=0 len=32 b58=KLend2g3cP87
[2026-04-10 20:10:53] [INFO] [DBG]   k[10] s=0 w=0 len=32 b58=Sysvar1nstru
[2026-04-10 20:10:53] [INFO] [DBG]   k[11] s=0 w=0 len=32 b58=TokenkegQfeZ
[2026-04-10 20:10:53] [INFO] [DBG] ix[3] prog=ComputeB keys=0 dataLen=5 hex=02c0270900
[2026-04-10 20:10:53] [INFO] [DBG] ix[4] prog=ComputeB keys=0 dataLen=9 hex=030100000000000000
[2026-04-10 20:10:53] [INFO] [DBG] ix[5] prog=ATokenGP keys=6 dataLen=1 hex=01
[2026-04-10 20:10:53] [INFO] [DBG]   k[0] s=1 w=1 len=32 b58=ESzi3jyKV4EW
[2026-04-10 20:10:53] [INFO] [DBG]   k[1] s=0 w=1 len=32 b58=8ChvMvALunCZ
[2026-04-10 20:10:53] [INFO] [DBG]   k[2] s=0 w=0 len=32 b58=ESzi3jyKV4EW
[2026-04-10 20:10:53] [INFO] [DBG]   k[3] s=0 w=0 len=32 b58=DezXAZ8z7Pnr
[2026-04-10 20:10:53] [INFO] [DBG]   k[4] s=0 w=0 len=32 b58=111111111111
[2026-04-10 20:10:53] [INFO] [DBG]   k[5] s=0 w=0 len=32 b58=TokenkegQfeZ
[2026-04-10 20:10:53] [INFO] [DBG] ix[6] prog=CAMMCzo5 keys=12 dataLen=41 hex=f8c69e91e17587c800286bee00000000264caad498040000513b010001000000000000000000000001
[2026-04-10 20:10:53] [INFO] [DBG]   k[0] s=1 w=1 len=32 b58=ESzi3jyKV4EW
[2026-04-10 20:10:53] [INFO] [DBG]   k[1] s=0 w=0 len=32 b58=E64NGkDLLCdQ
[2026-04-10 20:10:53] [INFO] [DBG]   k[2] s=0 w=1 len=32 b58=GtKKKs3yaPdH
[2026-04-10 20:10:53] [INFO] [DBG]   k[3] s=0 w=1 len=32 b58=DQwQCSZL4Wm9
[2026-04-10 20:10:53] [INFO] [DBG]   k[4] s=0 w=1 len=32 b58=8ChvMvALunCZ
[2026-04-10 20:10:53] [INFO] [DBG]   k[5] s=0 w=1 len=32 b58=GDnBvA76ZAJ2
[2026-04-10 20:10:53] [INFO] [DBG]   k[6] s=0 w=1 len=32 b58=2wzaFLYb4JcD
[2026-04-10 20:10:53] [INFO] [DBG]   k[7] s=0 w=1 len=32 b58=Gj8gzDNKmf5y
[2026-04-10 20:10:53] [INFO] [DBG]   k[8] s=0 w=0 len=32 b58=TokenkegQfeZ
[2026-04-10 20:10:53] [INFO] [DBG]   k[9] s=0 w=1 len=32 b58=FohQpHgvyJQH
[2026-04-10 20:10:53] [INFO] [DBG]   k[10] s=0 w=1 len=32 b58=H162txn8gSuX
[2026-04-10 20:10:53] [INFO] [DBG]   k[11] s=0 w=1 len=32 b58=81hDVagG29yQ
[2026-04-10 20:10:53] [INFO] [DBG] ix[7] prog=whirLbMi keys=11 dataLen=42 hex=f8c69e91e17587c8b91bf6961b05000000286bee00000000af331ba8327fbb35b1c4feff000000000100
[2026-04-10 20:10:53] [INFO] [DBG]   k[0] s=0 w=0 len=32 b58=TokenkegQfeZ
[2026-04-10 20:10:53] [INFO] [DBG]   k[1] s=1 w=0 len=32 b58=ESzi3jyKV4EW
[2026-04-10 20:10:53] [INFO] [DBG]   k[2] s=0 w=1 len=32 b58=5zpyutJu9ee6
[2026-04-10 20:10:53] [INFO] [DBG]   k[3] s=0 w=1 len=32 b58=DQwQCSZL4Wm9
[2026-04-10 20:10:53] [INFO] [DBG]   k[4] s=0 w=1 len=32 b58=ES7yhSrYeFo4
[2026-04-10 20:10:53] [INFO] [DBG]   k[5] s=0 w=1 len=32 b58=8ChvMvALunCZ
[2026-04-10 20:10:53] [INFO] [DBG]   k[6] s=0 w=1 len=32 b58=4dmvFGeQH2eq
[2026-04-10 20:10:53] [INFO] [DBG]   k[7] s=0 w=1 len=32 b58=EJRTQoUhFocF
[2026-04-10 20:10:53] [INFO] [DBG]   k[8] s=0 w=1 len=32 b58=GqjT3UE9p9t2
[2026-04-10 20:10:53] [INFO] [DBG]   k[9] s=0 w=1 len=32 b58=AKZj2vZ2UxQa
[2026-04-10 20:10:53] [INFO] [DBG]   k[10] s=0 w=0 len=32 b58=EXpqcVuTTPEm
[2026-04-10 20:10:53] [INFO] [DBG] ix[8] prog=KLend2g3 keys=12 dataLen=17 hex=b97500cb60f5b4ba00286bee0000000002
[2026-04-10 20:10:53] [INFO] [DBG]   k[0] s=1 w=0 len=32 b58=ESzi3jyKV4EW
[2026-04-10 20:10:53] [INFO] [DBG]   k[1] s=0 w=0 len=32 b58=9DrvZvyWh1Hu
[2026-04-10 20:10:53] [INFO] [DBG]   k[2] s=0 w=0 len=32 b58=7u3HeHxYDLhn
[2026-04-10 20:10:53] [INFO] [DBG]   k[3] s=0 w=1 len=32 b58=d4A2prbA2whe
[2026-04-10 20:10:53] [INFO] [DBG]   k[4] s=0 w=0 len=32 b58=So1111111111
[2026-04-10 20:10:53] [INFO] [DBG]   k[5] s=0 w=1 len=32 b58=GafNuUXj9rxG
[2026-04-10 20:10:53] [INFO] [DBG]   k[6] s=0 w=1 len=32 b58=DQwQCSZL4Wm9
[2026-04-10 20:10:53] [INFO] [DBG]   k[7] s=0 w=1 len=32 b58=3JNof8s453bw
[2026-04-10 20:10:53] [INFO] [DBG]   k[8] s=0 w=0 len=32 b58=KLend2g3cP87
[2026-04-10 20:10:53] [INFO] [DBG]   k[9] s=0 w=0 len=32 b58=KLend2g3cP87
[2026-04-10 20:10:53] [INFO] [DBG]   k[10] s=0 w=0 len=32 b58=Sysvar1nstru
[2026-04-10 20:10:53] [INFO] [DBG]   k[11] s=0 w=0 len=32 b58=TokenkegQfeZ
[2026-04-10 20:10:53] [INFO] [DBG] ix[9] prog=Tokenkeg keys=3 dataLen=1 hex=09
[2026-04-10 20:10:53] [INFO] [DBG]   k[0] s=0 w=1 len=32 b58=DQwQCSZL4Wm9
[2026-04-10 20:10:53] [INFO] [DBG]   k[1] s=0 w=1 len=32 b58=ESzi3jyKV4EW
[2026-04-10 20:10:53] [INFO] [DBG]   k[2] s=1 w=0 len=32 b58=ESzi3jyKV4EW
[2026-04-10 20:10:53] [ERROR] [LocalExec] Error: encoding overruns Uint8Array
[2026-04-10 20:10:53] [ERROR] [LocalExec] Stack: RangeError: encoding overruns Uint8Array
    at Blob.encode (/home/ubuntu/ARB-BOT/node_modules/@solana/buffer-layout/lib/Layout.js:2098:19)
    at Structure.encode (/home/ubuntu/ARB-BOT/node_modules/@solana/buffer-layout/lib/Layout.js:1092:36)
    at MessageV0.serialize (/home/ubuntu/ARB-BOT/node_modules/@solana/web3.js/lib/index.cjs.js:1045:51)
    at VersionedTransaction.sign (/home/ubuntu/ARB-BOT/node_modules/@solana/web3.js/lib/index.cjs.js:2107:38)
    at Executor.executeLocal (/home/ubuntu/ARB-BOT/src/executor.js:1312:21)
    at process.processTicksAndRejections (node:internal/process/task_queues:95:5)
    at async wsCallback (/home/ubuntu/ARB-BOT/src/bot.js:297:44)
[2026-04-10 20:10:53] [WARN] [LocalExec] ⚠️  computeSwap BYPASSED — pipeline test mode | gross local: -0.7174 USD
[2026-04-10 20:10:53] [INFO] 🎯 LOCAL EXEC — SOL/BONK | spread: 0.005% | loan: 2.0 SOL | profit: ~$-0.7174 | buy: Raydium CLMM@GtKKKs3y → sell: Orca@5zpyutJu
[2026-04-10 20:10:53] [INFO] [LocalExec] Jito tip: 50000 lamports (~$0.0043)
[2026-04-10 20:10:53] [INFO] [LocalExec] borrowIxIndex dynamically set to 2
[2026-04-10 20:10:53] [INFO] [DBG] innerIxs.length=10
[2026-04-10 20:10:53] [INFO] [DBG] ix[0] prog=11111111 keys=2 dataLen=12 hex=0200000050c3000000000000
[2026-04-10 20:10:53] [INFO] [DBG]   k[0] s=1 w=1 len=32 b58=ESzi3jyKV4EW
[2026-04-10 20:10:53] [INFO] [DBG]   k[1] s=0 w=1 len=32 b58=3AVi9Tg9Uo68
[2026-04-10 20:10:53] [INFO] [DBG] ix[1] prog=ATokenGP keys=6 dataLen=1 hex=01
[2026-04-10 20:10:53] [INFO] [DBG]   k[0] s=1 w=1 len=32 b58=ESzi3jyKV4EW
[2026-04-10 20:10:53] [INFO] [DBG]   k[1] s=0 w=1 len=32 b58=DQwQCSZL4Wm9
[2026-04-10 20:10:53] [INFO] [DBG]   k[2] s=0 w=0 len=32 b58=ESzi3jyKV4EW
[2026-04-10 20:10:53] [INFO] [DBG]   k[3] s=0 w=0 len=32 b58=So1111111111
[2026-04-10 20:10:53] [INFO] [DBG]   k[4] s=0 w=0 len=32 b58=111111111111
[2026-04-10 20:10:53] [INFO] [DBG]   k[5] s=0 w=0 len=32 b58=TokenkegQfeZ
[2026-04-10 20:10:53] [INFO] [DBG] ix[2] prog=KLend2g3 keys=12 dataLen=16 hex=87e734a70734d4c10094357700000000
[2026-04-10 20:10:53] [INFO] [DBG]   k[0] s=1 w=0 len=32 b58=ESzi3jyKV4EW
[2026-04-10 20:10:53] [INFO] [DBG]   k[1] s=0 w=0 len=32 b58=9DrvZvyWh1Hu
[2026-04-10 20:10:53] [INFO] [DBG]   k[2] s=0 w=0 len=32 b58=7u3HeHxYDLhn
[2026-04-10 20:10:53] [INFO] [DBG]   k[3] s=0 w=1 len=32 b58=d4A2prbA2whe
[2026-04-10 20:10:53] [INFO] [DBG]   k[4] s=0 w=0 len=32 b58=So1111111111
[2026-04-10 20:10:53] [INFO] [DBG]   k[5] s=0 w=1 len=32 b58=GafNuUXj9rxG
[2026-04-10 20:10:53] [INFO] [DBG]   k[6] s=0 w=1 len=32 b58=DQwQCSZL4Wm9
[2026-04-10 20:10:53] [INFO] [DBG]   k[7] s=0 w=1 len=32 b58=3JNof8s453bw
[2026-04-10 20:10:53] [INFO] [DBG]   k[8] s=0 w=0 len=32 b58=KLend2g3cP87
[2026-04-10 20:10:53] [INFO] [DBG]   k[9] s=0 w=0 len=32 b58=KLend2g3cP87
[2026-04-10 20:10:53] [INFO] [DBG]   k[10] s=0 w=0 len=32 b58=Sysvar1nstru
[2026-04-10 20:10:53] [INFO] [DBG]   k[11] s=0 w=0 len=32 b58=TokenkegQfeZ
[2026-04-10 20:10:53] [INFO] [DBG] ix[3] prog=ComputeB keys=0 dataLen=5 hex=02c0270900
[2026-04-10 20:10:53] [INFO] [DBG] ix[4] prog=ComputeB keys=0 dataLen=9 hex=030100000000000000
[2026-04-10 20:10:53] [INFO] [DBG] ix[5] prog=ATokenGP keys=6 dataLen=1 hex=01
[2026-04-10 20:10:53] [INFO] [DBG]   k[0] s=1 w=1 len=32 b58=ESzi3jyKV4EW
[2026-04-10 20:10:53] [INFO] [DBG]   k[1] s=0 w=1 len=32 b58=8ChvMvALunCZ
[2026-04-10 20:10:53] [INFO] [DBG]   k[2] s=0 w=0 len=32 b58=ESzi3jyKV4EW
[2026-04-10 20:10:53] [INFO] [DBG]   k[3] s=0 w=0 len=32 b58=DezXAZ8z7Pnr
[2026-04-10 20:10:53] [INFO] [DBG]   k[4] s=0 w=0 len=32 b58=111111111111
[2026-04-10 20:10:53] [INFO] [DBG]   k[5] s=0 w=0 len=32 b58=TokenkegQfeZ
[2026-04-10 20:10:53] [INFO] [DBG] ix[6] prog=CAMMCzo5 keys=12 dataLen=41 hex=f8c69e91e17587c80094357700000000cf48cb2b4e020000513b010001000000000000000000000001
[2026-04-10 20:10:53] [INFO] [DBG]   k[0] s=1 w=1 len=32 b58=ESzi3jyKV4EW
[2026-04-10 20:10:53] [INFO] [DBG]   k[1] s=0 w=0 len=32 b58=E64NGkDLLCdQ
[2026-04-10 20:10:53] [INFO] [DBG]   k[2] s=0 w=1 len=32 b58=GtKKKs3yaPdH
[2026-04-10 20:10:53] [INFO] [DBG]   k[3] s=0 w=1 len=32 b58=DQwQCSZL4Wm9
[2026-04-10 20:10:53] [INFO] [DBG]   k[4] s=0 w=1 len=32 b58=8ChvMvALunCZ
[2026-04-10 20:10:53] [INFO] [DBG]   k[5] s=0 w=1 len=32 b58=GDnBvA76ZAJ2
[2026-04-10 20:10:53] [INFO] [DBG]   k[6] s=0 w=1 len=32 b58=2wzaFLYb4JcD
[2026-04-10 20:10:53] [INFO] [DBG]   k[7] s=0 w=1 len=32 b58=Gj8gzDNKmf5y
[2026-04-10 20:10:53] [INFO] [DBG]   k[8] s=0 w=0 len=32 b58=TokenkegQfeZ
[2026-04-10 20:10:53] [INFO] [DBG]   k[9] s=0 w=1 len=32 b58=FohQpHgvyJQH
[2026-04-10 20:10:53] [INFO] [DBG]   k[10] s=0 w=1 len=32 b58=H162txn8gSuX
[2026-04-10 20:10:53] [INFO] [DBG]   k[11] s=0 w=1 len=32 b58=81hDVagG29yQ
[2026-04-10 20:10:53] [INFO] [DBG] ix[7] prog=whirLbMi keys=11 dataLen=42 hex=f8c69e91e17587c81fdfe1be8f0200000094357700000000af331ba8327fbb35b1c4feff000000000100
[2026-04-10 20:10:53] [INFO] [DBG]   k[0] s=0 w=0 len=32 b58=TokenkegQfeZ
[2026-04-10 20:10:53] [INFO] [DBG]   k[1] s=1 w=0 len=32 b58=ESzi3jyKV4EW
[2026-04-10 20:10:53] [INFO] [DBG]   k[2] s=0 w=1 len=32 b58=5zpyutJu9ee6
[2026-04-10 20:10:53] [INFO] [DBG]   k[3] s=0 w=1 len=32 b58=DQwQCSZL4Wm9
[2026-04-10 20:10:53] [INFO] [DBG]   k[4] s=0 w=1 len=32 b58=ES7yhSrYeFo4
[2026-04-10 20:10:53] [INFO] [DBG]   k[5] s=0 w=1 len=32 b58=8ChvMvALunCZ
[2026-04-10 20:10:53] [INFO] [DBG]   k[6] s=0 w=1 len=32 b58=4dmvFGeQH2eq
[2026-04-10 20:10:53] [INFO] [DBG]   k[7] s=0 w=1 len=32 b58=EJRTQoUhFocF
[2026-04-10 20:10:53] [INFO] [DBG]   k[8] s=0 w=1 len=32 b58=GqjT3UE9p9t2
[2026-04-10 20:10:53] [INFO] [DBG]   k[9] s=0 w=1 len=32 b58=AKZj2vZ2UxQa
[2026-04-10 20:10:53] [INFO] [DBG]   k[10] s=0 w=0 len=32 b58=EXpqcVuTTPEm
[2026-04-10 20:10:53] [INFO] [DBG] ix[8] prog=KLend2g3 keys=12 dataLen=17 hex=b97500cb60f5b4ba009435770000000002
[2026-04-10 20:10:53] [INFO] [DBG]   k[0] s=1 w=0 len=32 b58=ESzi3jyKV4EW
[2026-04-10 20:10:53] [INFO] [DBG]   k[1] s=0 w=0 len=32 b58=9DrvZvyWh1Hu
[2026-04-10 20:10:53] [INFO] [DBG]   k[2] s=0 w=0 len=32 b58=7u3HeHxYDLhn
[2026-04-10 20:10:53] [INFO] [DBG]   k[3] s=0 w=1 len=32 b58=d4A2prbA2whe
[2026-04-10 20:10:53] [INFO] [DBG]   k[4] s=0 w=0 len=32 b58=So1111111111
[2026-04-10 20:10:53] [INFO] [DBG]   k[5] s=0 w=1 len=32 b58=GafNuUXj9rxG
[2026-04-10 20:10:53] [INFO] [DBG]   k[6] s=0 w=1 len=32 b58=DQwQCSZL4Wm9
[2026-04-10 20:10:53] [INFO] [DBG]   k[7] s=0 w=1 len=32 b58=3JNof8s453bw
[2026-04-10 20:10:53] [INFO] [DBG]   k[8] s=0 w=0 len=32 b58=KLend2g3cP87
[2026-04-10 20:10:53] [INFO] [DBG]   k[9] s=0 w=0 len=32 b58=KLend2g3cP87
[2026-04-10 20:10:53] [INFO] [DBG]   k[10] s=0 w=0 len=32 b58=Sysvar1nstru
[2026-04-10 20:10:53] [INFO] [DBG]   k[11] s=0 w=0 len=32 b58=TokenkegQfeZ
[2026-04-10 20:10:53] [INFO] [DBG] ix[9] prog=Tokenkeg keys=3 dataLen=1 hex=09
[2026-04-10 20:10:53] [INFO] [DBG]   k[0] s=0 w=1 len=32 b58=DQwQCSZL4Wm9
[2026-04-10 20:10:53] [INFO] [DBG]   k[1] s=0 w=1 len=32 b58=ESzi3jyKV4EW
[2026-04-10 20:10:53] [INFO] [DBG]   k[2] s=1 w=0 len=32 b58=ESzi3jyKV4EW
[2026-04-10 20:10:53] [ERROR] [LocalExec] Error: encoding overruns Uint8Array
[2026-04-10 20:10:53] [ERROR] [LocalExec] Stack: RangeError: encoding overruns Uint8Array
    at Blob.encode (/home/ubuntu/ARB-BOT/node_modules/@solana/buffer-layout/lib/Layout.js:2098:19)
    at Structure.encode (/home/ubuntu/ARB-BOT/node_modules/@solana/buffer-layout/lib/Layout.js:1092:36)
    at MessageV0.serialize (/home/ubuntu/ARB-BOT/node_modules/@solana/web3.js/lib/index.cjs.js:1045:51)
    at VersionedTransaction.sign (/home/ubuntu/ARB-BOT/node_modules/@solana/web3.js/lib/index.cjs.js:2107:38)
    at Executor.executeLocal (/home/ubuntu/ARB-BOT/src/executor.js:1312:21)
    at process.processTicksAndRejections (node:internal/process/task_queues:95:5)
    at async wsCallback (/home/ubuntu/ARB-BOT/src/bot.js:297:44)
[2026-04-10 20:10:53] [WARN] [LocalExec] ⚠️  computeSwap BYPASSED — pipeline test mode | gross local: -0.2030 USD
[2026-04-10 20:10:53] [INFO] 🎯 LOCAL EXEC — SOL/BONK | spread: 0.005% | loan: 1.0 SOL | profit: ~$-0.2030 | buy: Raydium CLMM@GtKKKs3y → sell: Orca@5zpyutJu
[2026-04-10 20:10:53] [INFO] [LocalExec] Jito tip: 50000 lamports (~$0.0043)
[2026-04-10 20:10:53] [INFO] [LocalExec] borrowIxIndex dynamically set to 2
[2026-04-10 20:10:53] [INFO] [DBG] innerIxs.length=10
[2026-04-10 20:10:53] [INFO] [DBG] ix[0] prog=11111111 keys=2 dataLen=12 hex=0200000050c3000000000000
[2026-04-10 20:10:53] [INFO] [DBG]   k[0] s=1 w=1 len=32 b58=ESzi3jyKV4EW
[2026-04-10 20:10:53] [INFO] [DBG]   k[1] s=0 w=1 len=32 b58=Cw8CFyM9FkoM
[2026-04-10 20:10:53] [INFO] [DBG] ix[1] prog=ATokenGP keys=6 dataLen=1 hex=01
[2026-04-10 20:10:53] [INFO] [DBG]   k[0] s=1 w=1 len=32 b58=ESzi3jyKV4EW
[2026-04-10 20:10:53] [INFO] [DBG]   k[1] s=0 w=1 len=32 b58=DQwQCSZL4Wm9
[2026-04-10 20:10:53] [INFO] [DBG]   k[2] s=0 w=0 len=32 b58=ESzi3jyKV4EW
[2026-04-10 20:10:53] [INFO] [DBG]   k[3] s=0 w=0 len=32 b58=So1111111111
[2026-04-10 20:10:53] [INFO] [DBG]   k[4] s=0 w=0 len=32 b58=111111111111
[2026-04-10 20:10:53] [INFO] [DBG]   k[5] s=0 w=0 len=32 b58=TokenkegQfeZ
[2026-04-10 20:10:53] [INFO] [DBG] ix[2] prog=KLend2g3 keys=12 dataLen=16 hex=87e734a70734d4c100ca9a3b00000000
[2026-04-10 20:10:53] [INFO] [DBG]   k[0] s=1 w=0 len=32 b58=ESzi3jyKV4EW
[2026-04-10 20:10:53] [INFO] [DBG]   k[1] s=0 w=0 len=32 b58=9DrvZvyWh1Hu
[2026-04-10 20:10:53] [INFO] [DBG]   k[2] s=0 w=0 len=32 b58=7u3HeHxYDLhn
[2026-04-10 20:10:53] [INFO] [DBG]   k[3] s=0 w=1 len=32 b58=d4A2prbA2whe
[2026-04-10 20:10:53] [INFO] [DBG]   k[4] s=0 w=0 len=32 b58=So1111111111
[2026-04-10 20:10:53] [INFO] [DBG]   k[5] s=0 w=1 len=32 b58=GafNuUXj9rxG
[2026-04-10 20:10:53] [INFO] [DBG]   k[6] s=0 w=1 len=32 b58=DQwQCSZL4Wm9
[2026-04-10 20:10:53] [INFO] [DBG]   k[7] s=0 w=1 len=32 b58=3JNof8s453bw
[2026-04-10 20:10:53] [INFO] [DBG]   k[8] s=0 w=0 len=32 b58=KLend2g3cP87
[2026-04-10 20:10:53] [INFO] [DBG]   k[9] s=0 w=0 len=32 b58=KLend2g3cP87
[2026-04-10 20:10:53] [INFO] [DBG]   k[10] s=0 w=0 len=32 b58=Sysvar1nstru
[2026-04-10 20:10:53] [INFO] [DBG]   k[11] s=0 w=0 len=32 b58=TokenkegQfeZ
[2026-04-10 20:10:53] [INFO] [DBG] ix[3] prog=ComputeB keys=0 dataLen=5 hex=02c0270900
[2026-04-10 20:10:53] [INFO] [DBG] ix[4] prog=ComputeB keys=0 dataLen=9 hex=030100000000000000
[2026-04-10 20:10:53] [INFO] [DBG] ix[5] prog=ATokenGP keys=6 dataLen=1 hex=01
[2026-04-10 20:10:53] [INFO] [DBG]   k[0] s=1 w=1 len=32 b58=ESzi3jyKV4EW
[2026-04-10 20:10:53] [INFO] [DBG]   k[1] s=0 w=1 len=32 b58=8ChvMvALunCZ
[2026-04-10 20:10:53] [INFO] [DBG]   k[2] s=0 w=0 len=32 b58=ESzi3jyKV4EW
[2026-04-10 20:10:53] [INFO] [DBG]   k[3] s=0 w=0 len=32 b58=DezXAZ8z7Pnr
[2026-04-10 20:10:53] [INFO] [DBG]   k[4] s=0 w=0 len=32 b58=111111111111
[2026-04-10 20:10:53] [INFO] [DBG]   k[5] s=0 w=0 len=32 b58=TokenkegQfeZ
[2026-04-10 20:10:53] [INFO] [DBG] ix[6] prog=CAMMCzo5 keys=12 dataLen=41 hex=f8c69e91e17587c800ca9a3b000000001f1dc48627010000513b010001000000000000000000000001
[2026-04-10 20:10:53] [INFO] [DBG]   k[0] s=1 w=1 len=32 b58=ESzi3jyKV4EW
[2026-04-10 20:10:53] [INFO] [DBG]   k[1] s=0 w=0 len=32 b58=E64NGkDLLCdQ
[2026-04-10 20:10:53] [INFO] [DBG]   k[2] s=0 w=1 len=32 b58=GtKKKs3yaPdH
[2026-04-10 20:10:53] [INFO] [DBG]   k[3] s=0 w=1 len=32 b58=DQwQCSZL4Wm9
[2026-04-10 20:10:53] [INFO] [DBG]   k[4] s=0 w=1 len=32 b58=8ChvMvALunCZ
[2026-04-10 20:10:53] [INFO] [DBG]   k[5] s=0 w=1 len=32 b58=GDnBvA76ZAJ2
[2026-04-10 20:10:53] [INFO] [DBG]   k[6] s=0 w=1 len=32 b58=2wzaFLYb4JcD
[2026-04-10 20:10:53] [INFO] [DBG]   k[7] s=0 w=1 len=32 b58=Gj8gzDNKmf5y
[2026-04-10 20:10:53] [INFO] [DBG]   k[8] s=0 w=0 len=32 b58=TokenkegQfeZ
[2026-04-10 20:10:53] [INFO] [DBG]   k[9] s=0 w=1 len=32 b58=FohQpHgvyJQH
[2026-04-10 20:10:53] [INFO] [DBG]   k[10] s=0 w=1 len=32 b58=H162txn8gSuX
[2026-04-10 20:10:53] [INFO] [DBG]   k[11] s=0 w=1 len=32 b58=81hDVagG29yQ
[2026-04-10 20:10:53] [INFO] [DBG] ix[7] prog=whirLbMi keys=11 dataLen=42 hex=f8c69e91e17587c878e7d95c4801000000ca9a3b00000000af331ba8327fbb35b1c4feff000000000100
[2026-04-10 20:10:53] [INFO] [DBG]   k[0] s=0 w=0 len=32 b58=TokenkegQfeZ
[2026-04-10 20:10:53] [INFO] [DBG]   k[1] s=1 w=0 len=32 b58=ESzi3jyKV4EW
[2026-04-10 20:10:53] [INFO] [DBG]   k[2] s=0 w=1 len=32 b58=5zpyutJu9ee6
[2026-04-10 20:10:53] [INFO] [DBG]   k[3] s=0 w=1 len=32 b58=DQwQCSZL4Wm9
[2026-04-10 20:10:53] [INFO] [DBG]   k[4] s=0 w=1 len=32 b58=ES7yhSrYeFo4
[2026-04-10 20:10:53] [INFO] [DBG]   k[5] s=0 w=1 len=32 b58=8ChvMvALunCZ
[2026-04-10 20:10:53] [INFO] [DBG]   k[6] s=0 w=1 len=32 b58=4dmvFGeQH2eq
[2026-04-10 20:10:53] [INFO] [DBG]   k[7] s=0 w=1 len=32 b58=EJRTQoUhFocF
[2026-04-10 20:10:53] [INFO] [DBG]   k[8] s=0 w=1 len=32 b58=GqjT3UE9p9t2
[2026-04-10 20:10:53] [INFO] [DBG]   k[9] s=0 w=1 len=32 b58=AKZj2vZ2UxQa
[2026-04-10 20:10:53] [INFO] [DBG]   k[10] s=0 w=0 len=32 b58=EXpqcVuTTPEm
[2026-04-10 20:10:53] [INFO] [DBG] ix[8] prog=KLend2g3 keys=12 dataLen=17 hex=b97500cb60f5b4ba00ca9a3b0000000002
[2026-04-10 20:10:53] [INFO] [DBG]   k[0] s=1 w=0 len=32 b58=ESzi3jyKV4EW
[2026-04-10 20:10:53] [INFO] [DBG]   k[1] s=0 w=0 len=32 b58=9DrvZvyWh1Hu
[2026-04-10 20:10:53] [INFO] [DBG]   k[2] s=0 w=0 len=32 b58=7u3HeHxYDLhn
[2026-04-10 20:10:53] [INFO] [DBG]   k[3] s=0 w=1 len=32 b58=d4A2prbA2whe
[2026-04-10 20:10:53] [INFO] [DBG]   k[4] s=0 w=0 len=32 b58=So1111111111
[2026-04-10 20:10:53] [INFO] [DBG]   k[5] s=0 w=1 len=32 b58=GafNuUXj9rxG
[2026-04-10 20:10:53] [INFO] [DBG]   k[6] s=0 w=1 len=32 b58=DQwQCSZL4Wm9
[2026-04-10 20:10:53] [INFO] [DBG]   k[7] s=0 w=1 len=32 b58=3JNof8s453bw
[2026-04-10 20:10:53] [INFO] [DBG]   k[8] s=0 w=0 len=32 b58=KLend2g3cP87
[2026-04-10 20:10:53] [INFO] [DBG]   k[9] s=0 w=0 len=32 b58=KLend2g3cP87
[2026-04-10 20:10:53] [INFO] [DBG]   k[10] s=0 w=0 len=32 b58=Sysvar1nstru
[2026-04-10 20:10:53] [INFO] [DBG]   k[11] s=0 w=0 len=32 b58=TokenkegQfeZ
[2026-04-10 20:10:53] [INFO] [DBG] ix[9] prog=Tokenkeg keys=3 dataLen=1 hex=09
[2026-04-10 20:10:53] [INFO] [DBG]   k[0] s=0 w=1 len=32 b58=DQwQCSZL4Wm9
[2026-04-10 20:10:53] [INFO] [DBG]   k[1] s=0 w=1 len=32 b58=ESzi3jyKV4EW
[2026-04-10 20:10:53] [INFO] [DBG]   k[2] s=1 w=0 len=32 b58=ESzi3jyKV4EW
[2026-04-10 20:10:53] [ERROR] [LocalExec] Error: encoding overruns Uint8Array
[2026-04-10 20:10:53] [ERROR] [LocalExec] Stack: RangeError: encoding overruns Uint8Array
    at Blob.encode (/home/ubuntu/ARB-BOT/node_modules/@solana/buffer-layout/lib/Layout.js:2098:19)
    at Structure.encode (/home/ubuntu/ARB-BOT/node_modules/@solana/buffer-layout/lib/Layout.js:1092:36)
    at MessageV0.serialize (/home/ubuntu/ARB-BOT/node_modules/@solana/web3.js/lib/index.cjs.js:1045:51)
    at VersionedTransaction.sign (/home/ubuntu/ARB-BOT/node_modules/@solana/web3.js/lib/index.cjs.js:2107:38)
    at Executor.executeLocal (/home/ubuntu/ARB-BOT/src/executor.js:1312:21)
    at process.processTicksAndRejections (node:internal/process/task_queues:95:5)
    at async wsCallback (/home/ubuntu/ARB-BOT/src/bot.js:297:44)
[2026-04-10 20:11:03] [INFO] [XDEX] SOL/BONK | spread: 0.0052% | fees: 0.0600% | PROFITABLE | hi: Raydium CLMM (14125586.414236) GtKKKs3yaPdHbQd2aZS4SfWhy8zQ988BJGnKNndLxYsN | lo: Orca (14124852.552824) 5zpyutJu9ee6jFymDGoK7F6S5Kczqtc9FomP3ueKuyA9
[2026-04-10 20:11:03] [WARN] [LocalExec] ⚠️  computeSwap BYPASSED — pipeline test mode | gross local: -235.1553 USD
[2026-04-10 20:11:03] [INFO] 🎯 LOCAL EXEC — SOL/BONK | spread: 0.005% | loan: 40.0 SOL | profit: ~$-235.1553 | buy: Raydium CLMM@GtKKKs3y → sell: Orca@5zpyutJu
[2026-04-10 20:11:03] [INFO] [LocalExec] Jito tip: 50000 lamports (~$0.0043)
[2026-04-10 20:11:03] [INFO] [LocalExec] borrowIxIndex dynamically set to 2
[2026-04-10 20:11:03] [INFO] [DBG] innerIxs.length=10
[2026-04-10 20:11:03] [INFO] [DBG] ix[0] prog=11111111 keys=2 dataLen=12 hex=0200000050c3000000000000
[2026-04-10 20:11:03] [INFO] [DBG]   k[0] s=1 w=1 len=32 b58=ESzi3jyKV4EW
[2026-04-10 20:11:03] [INFO] [DBG]   k[1] s=0 w=1 len=32 b58=DttWaMuVvTid
[2026-04-10 20:11:03] [INFO] [DBG] ix[1] prog=ATokenGP keys=6 dataLen=1 hex=01
[2026-04-10 20:11:03] [INFO] [DBG]   k[0] s=1 w=1 len=32 b58=ESzi3jyKV4EW
[2026-04-10 20:11:03] [INFO] [DBG]   k[1] s=0 w=1 len=32 b58=DQwQCSZL4Wm9
[2026-04-10 20:11:03] [INFO] [DBG]   k[2] s=0 w=0 len=32 b58=ESzi3jyKV4EW
[2026-04-10 20:11:03] [INFO] [DBG]   k[3] s=0 w=0 len=32 b58=So1111111111
[2026-04-10 20:11:03] [INFO] [DBG]   k[4] s=0 w=0 len=32 b58=111111111111
[2026-04-10 20:11:03] [INFO] [DBG]   k[5] s=0 w=0 len=32 b58=TokenkegQfeZ
[2026-04-10 20:11:03] [INFO] [DBG] ix[2] prog=KLend2g3 keys=12 dataLen=16 hex=87e734a70734d4c100902f5009000000
[2026-04-10 20:11:03] [INFO] [DBG]   k[0] s=1 w=0 len=32 b58=ESzi3jyKV4EW
[2026-04-10 20:11:03] [INFO] [DBG]   k[1] s=0 w=0 len=32 b58=9DrvZvyWh1Hu
[2026-04-10 20:11:03] [INFO] [DBG]   k[2] s=0 w=0 len=32 b58=7u3HeHxYDLhn
[2026-04-10 20:11:03] [INFO] [DBG]   k[3] s=0 w=1 len=32 b58=d4A2prbA2whe
[2026-04-10 20:11:03] [INFO] [DBG]   k[4] s=0 w=0 len=32 b58=So1111111111
[2026-04-10 20:11:03] [INFO] [DBG]   k[5] s=0 w=1 len=32 b58=GafNuUXj9rxG
[2026-04-10 20:11:03] [INFO] [DBG]   k[6] s=0 w=1 len=32 b58=DQwQCSZL4Wm9
[2026-04-10 20:11:03] [INFO] [DBG]   k[7] s=0 w=1 len=32 b58=3JNof8s453bw
[2026-04-10 20:11:03] [INFO] [DBG]   k[8] s=0 w=0 len=32 b58=KLend2g3cP87
[2026-04-10 20:11:03] [INFO] [DBG]   k[9] s=0 w=0 len=32 b58=KLend2g3cP87
[2026-04-10 20:11:03] [INFO] [DBG]   k[10] s=0 w=0 len=32 b58=Sysvar1nstru
[2026-04-10 20:11:03] [INFO] [DBG]   k[11] s=0 w=0 len=32 b58=TokenkegQfeZ
[2026-04-10 20:11:03] [INFO] [DBG] ix[3] prog=ComputeB keys=0 dataLen=5 hex=02c0270900
[2026-04-10 20:11:03] [INFO] [DBG] ix[4] prog=ComputeB keys=0 dataLen=9 hex=030100000000000000
[2026-04-10 20:11:03] [INFO] [DBG] ix[5] prog=ATokenGP keys=6 dataLen=1 hex=01
[2026-04-10 20:11:03] [INFO] [DBG]   k[0] s=1 w=1 len=32 b58=ESzi3jyKV4EW
[2026-04-10 20:11:03] [INFO] [DBG]   k[1] s=0 w=1 len=32 b58=8ChvMvALunCZ
[2026-04-10 20:11:03] [INFO] [DBG]   k[2] s=0 w=0 len=32 b58=ESzi3jyKV4EW
[2026-04-10 20:11:03] [INFO] [DBG]   k[3] s=0 w=0 len=32 b58=DezXAZ8z7Pnr
[2026-04-10 20:11:03] [INFO] [DBG]   k[4] s=0 w=0 len=32 b58=111111111111
[2026-04-10 20:11:03] [INFO] [DBG]   k[5] s=0 w=0 len=32 b58=TokenkegQfeZ
[2026-04-10 20:11:03] [INFO] [DBG] ix[6] prog=CAMMCzo5 keys=12 dataLen=41 hex=f8c69e91e17587c800902f5009000000875c8029a22b0000513b010001000000000000000000000001
[2026-04-10 20:11:03] [INFO] [DBG]   k[0] s=1 w=1 len=32 b58=ESzi3jyKV4EW
[2026-04-10 20:11:03] [INFO] [DBG]   k[1] s=0 w=0 len=32 b58=E64NGkDLLCdQ
[2026-04-10 20:11:03] [INFO] [DBG]   k[2] s=0 w=1 len=32 b58=GtKKKs3yaPdH
[2026-04-10 20:11:03] [INFO] [DBG]   k[3] s=0 w=1 len=32 b58=DQwQCSZL4Wm9
[2026-04-10 20:11:03] [INFO] [DBG]   k[4] s=0 w=1 len=32 b58=8ChvMvALunCZ
[2026-04-10 20:11:03] [INFO] [DBG]   k[5] s=0 w=1 len=32 b58=GDnBvA76ZAJ2
[2026-04-10 20:11:03] [INFO] [DBG]   k[6] s=0 w=1 len=32 b58=2wzaFLYb4JcD
[2026-04-10 20:11:03] [INFO] [DBG]   k[7] s=0 w=1 len=32 b58=Gj8gzDNKmf5y
[2026-04-10 20:11:03] [INFO] [DBG]   k[8] s=0 w=0 len=32 b58=TokenkegQfeZ
[2026-04-10 20:11:03] [INFO] [DBG]   k[9] s=0 w=1 len=32 b58=FohQpHgvyJQH
[2026-04-10 20:11:03] [INFO] [DBG]   k[10] s=0 w=1 len=32 b58=H162txn8gSuX
[2026-04-10 20:11:03] [INFO] [DBG]   k[11] s=0 w=1 len=32 b58=81hDVagG29yQ
[2026-04-10 20:11:03] [INFO] [DBG] ix[7] prog=whirLbMi keys=11 dataLen=42 hex=f8c69e91e17587c8b39f8e4a7b30000000902f5009000000af331ba8327fbb35b1c4feff000000000100
[2026-04-10 20:11:03] [INFO] [DBG]   k[0] s=0 w=0 len=32 b58=TokenkegQfeZ
[2026-04-10 20:11:03] [INFO] [DBG]   k[1] s=1 w=0 len=32 b58=ESzi3jyKV4EW
[2026-04-10 20:11:03] [INFO] [DBG]   k[2] s=0 w=1 len=32 b58=5zpyutJu9ee6
[2026-04-10 20:11:03] [INFO] [DBG]   k[3] s=0 w=1 len=32 b58=DQwQCSZL4Wm9
[2026-04-10 20:11:03] [INFO] [DBG]   k[4] s=0 w=1 len=32 b58=ES7yhSrYeFo4
[2026-04-10 20:11:03] [INFO] [DBG]   k[5] s=0 w=1 len=32 b58=8ChvMvALunCZ
[2026-04-10 20:11:03] [INFO] [DBG]   k[6] s=0 w=1 len=32 b58=4dmvFGeQH2eq
[2026-04-10 20:11:03] [INFO] [DBG]   k[7] s=0 w=1 len=32 b58=EJRTQoUhFocF
[2026-04-10 20:11:03] [INFO] [DBG]   k[8] s=0 w=1 len=32 b58=GqjT3UE9p9t2
[2026-04-10 20:11:03] [INFO] [DBG]   k[9] s=0 w=1 len=32 b58=AKZj2vZ2UxQa
[2026-04-10 20:11:03] [INFO] [DBG]   k[10] s=0 w=0 len=32 b58=EXpqcVuTTPEm
[2026-04-10 20:11:03] [INFO] [DBG] ix[8] prog=KLend2g3 keys=12 dataLen=17 hex=b97500cb60f5b4ba00902f500900000002
[2026-04-10 20:11:03] [INFO] [DBG]   k[0] s=1 w=0 len=32 b58=ESzi3jyKV4EW
[2026-04-10 20:11:03] [INFO] [DBG]   k[1] s=0 w=0 len=32 b58=9DrvZvyWh1Hu
[2026-04-10 20:11:03] [INFO] [DBG]   k[2] s=0 w=0 len=32 b58=7u3HeHxYDLhn
[2026-04-10 20:11:03] [INFO] [DBG]   k[3] s=0 w=1 len=32 b58=d4A2prbA2whe
[2026-04-10 20:11:03] [INFO] [DBG]   k[4] s=0 w=0 len=32 b58=So1111111111
[2026-04-10 20:11:03] [INFO] [DBG]   k[5] s=0 w=1 len=32 b58=GafNuUXj9rxG
[2026-04-10 20:11:03] [INFO] [DBG]   k[6] s=0 w=1 len=32 b58=DQwQCSZL4Wm9
[2026-04-10 20:11:03] [INFO] [DBG]   k[7] s=0 w=1 len=32 b58=3JNof8s453bw
[2026-04-10 20:11:03] [INFO] [DBG]   k[8] s=0 w=0 len=32 b58=KLend2g3cP87
[2026-04-10 20:11:03] [INFO] [DBG]   k[9] s=0 w=0 len=32 b58=KLend2g3cP87
[2026-04-10 20:11:03] [INFO] [DBG]   k[10] s=0 w=0 len=32 b58=Sysvar1nstru
[2026-04-10 20:11:03] [INFO] [DBG]   k[11] s=0 w=0 len=32 b58=TokenkegQfeZ
[2026-04-10 20:11:03] [INFO] [DBG] ix[9] prog=Tokenkeg keys=3 dataLen=1 hex=09
[2026-04-10 20:11:03] [INFO] [DBG]   k[0] s=0 w=1 len=32 b58=DQwQCSZL4Wm9
[2026-04-10 20:11:03] [INFO] [DBG]   k[1] s=0 w=1 len=32 b58=ESzi3jyKV4EW
[2026-04-10 20:11:03] [INFO] [DBG]   k[2] s=1 w=0 len=32 b58=ESzi3jyKV4EW
[2026-04-10 20:11:03] [ERROR] [LocalExec] Error: encoding overruns Uint8Array
[2026-04-10 20:11:03] [ERROR] [LocalExec] Stack: RangeError: encoding overruns Uint8Array
    at Blob.encode (/home/ubuntu/ARB-BOT/node_modules/@solana/buffer-layout/lib/Layout.js:2098:19)
    at Structure.encode (/home/ubuntu/ARB-BOT/node_modules/@solana/buffer-layout/lib/Layout.js:1092:36)
    at MessageV0.serialize (/home/ubuntu/ARB-BOT/node_modules/@solana/web3.js/lib/index.cjs.js:1045:51)
    at VersionedTransaction.sign (/home/ubuntu/ARB-BOT/node_modules/@solana/web3.js/lib/index.cjs.js:2107:38)
    at Executor.executeLocal (/home/ubuntu/ARB-BOT/src/executor.js:1312:21)
    at process.processTicksAndRejections (node:internal/process/task_queues:95:5)
    at async wsCallback (/home/ubuntu/ARB-BOT/src/bot.js:297:44)
[2026-04-10 20:11:03] [WARN] [LocalExec] ⚠️  computeSwap BYPASSED — pipeline test mode | gross local: -61.3208 USD
[2026-04-10 20:11:03] [INFO] 🎯 LOCAL EXEC — SOL/BONK | spread: 0.005% | loan: 20.0 SOL | profit: ~$-61.3208 | buy: Raydium CLMM@GtKKKs3y → sell: Orca@5zpyutJu
[2026-04-10 20:11:03] [INFO] [LocalExec] Jito tip: 50000 lamports (~$0.0043)
[2026-04-10 20:11:03] [INFO] [LocalExec] borrowIxIndex dynamically set to 2
[2026-04-10 20:11:03] [INFO] [DBG] innerIxs.length=10
[2026-04-10 20:11:03] [INFO] [DBG] ix[0] prog=11111111 keys=2 dataLen=12 hex=0200000050c3000000000000
[2026-04-10 20:11:03] [INFO] [DBG]   k[0] s=1 w=1 len=32 b58=ESzi3jyKV4EW
[2026-04-10 20:11:03] [INFO] [DBG]   k[1] s=0 w=1 len=32 b58=DfXygSm4jCyN
[2026-04-10 20:11:03] [INFO] [DBG] ix[1] prog=ATokenGP keys=6 dataLen=1 hex=01
[2026-04-10 20:11:03] [INFO] [DBG]   k[0] s=1 w=1 len=32 b58=ESzi3jyKV4EW
[2026-04-10 20:11:03] [INFO] [DBG]   k[1] s=0 w=1 len=32 b58=DQwQCSZL4Wm9
[2026-04-10 20:11:03] [INFO] [DBG]   k[2] s=0 w=0 len=32 b58=ESzi3jyKV4EW
[2026-04-10 20:11:03] [INFO] [DBG]   k[3] s=0 w=0 len=32 b58=So1111111111
[2026-04-10 20:11:03] [INFO] [DBG]   k[4] s=0 w=0 len=32 b58=111111111111
[2026-04-10 20:11:03] [INFO] [DBG]   k[5] s=0 w=0 len=32 b58=TokenkegQfeZ
[2026-04-10 20:11:03] [INFO] [DBG] ix[2] prog=KLend2g3 keys=12 dataLen=16 hex=87e734a70734d4c100c817a804000000
[2026-04-10 20:11:03] [INFO] [DBG]   k[0] s=1 w=0 len=32 b58=ESzi3jyKV4EW
[2026-04-10 20:11:03] [INFO] [DBG]   k[1] s=0 w=0 len=32 b58=9DrvZvyWh1Hu
[2026-04-10 20:11:03] [INFO] [DBG]   k[2] s=0 w=0 len=32 b58=7u3HeHxYDLhn
[2026-04-10 20:11:03] [INFO] [DBG]   k[3] s=0 w=1 len=32 b58=d4A2prbA2whe
[2026-04-10 20:11:03] [INFO] [DBG]   k[4] s=0 w=0 len=32 b58=So1111111111
[2026-04-10 20:11:03] [INFO] [DBG]   k[5] s=0 w=1 len=32 b58=GafNuUXj9rxG
[2026-04-10 20:11:03] [INFO] [DBG]   k[6] s=0 w=1 len=32 b58=DQwQCSZL4Wm9
[2026-04-10 20:11:03] [INFO] [DBG]   k[7] s=0 w=1 len=32 b58=3JNof8s453bw
[2026-04-10 20:11:03] [INFO] [DBG]   k[8] s=0 w=0 len=32 b58=KLend2g3cP87
[2026-04-10 20:11:03] [INFO] [DBG]   k[9] s=0 w=0 len=32 b58=KLend2g3cP87
[2026-04-10 20:11:03] [INFO] [DBG]   k[10] s=0 w=0 len=32 b58=Sysvar1nstru
[2026-04-10 20:11:03] [INFO] [DBG]   k[11] s=0 w=0 len=32 b58=TokenkegQfeZ
[2026-04-10 20:11:03] [INFO] [DBG] ix[3] prog=ComputeB keys=0 dataLen=5 hex=02c0270900
[2026-04-10 20:11:03] [INFO] [DBG] ix[4] prog=ComputeB keys=0 dataLen=9 hex=030100000000000000
[2026-04-10 20:11:03] [INFO] [DBG] ix[5] prog=ATokenGP keys=6 dataLen=1 hex=01
[2026-04-10 20:11:03] [INFO] [DBG]   k[0] s=1 w=1 len=32 b58=ESzi3jyKV4EW
[2026-04-10 20:11:03] [INFO] [DBG]   k[1] s=0 w=1 len=32 b58=8ChvMvALunCZ
[2026-04-10 20:11:03] [INFO] [DBG]   k[2] s=0 w=0 len=32 b58=ESzi3jyKV4EW
[2026-04-10 20:11:03] [INFO] [DBG]   k[3] s=0 w=0 len=32 b58=DezXAZ8z7Pnr
[2026-04-10 20:11:03] [INFO] [DBG]   k[4] s=0 w=0 len=32 b58=111111111111
[2026-04-10 20:11:03] [INFO] [DBG]   k[5] s=0 w=0 len=32 b58=TokenkegQfeZ
[2026-04-10 20:11:03] [INFO] [DBG] ix[6] prog=CAMMCzo5 keys=12 dataLen=41 hex=f8c69e91e17587c800c817a804000000d38fbf5e73160000513b010001000000000000000000000001
[2026-04-10 20:11:03] [INFO] [DBG]   k[0] s=1 w=1 len=32 b58=ESzi3jyKV4EW
[2026-04-10 20:11:03] [INFO] [DBG]   k[1] s=0 w=0 len=32 b58=E64NGkDLLCdQ
[2026-04-10 20:11:03] [INFO] [DBG]   k[2] s=0 w=1 len=32 b58=GtKKKs3yaPdH
[2026-04-10 20:11:03] [INFO] [DBG]   k[3] s=0 w=1 len=32 b58=DQwQCSZL4Wm9
[2026-04-10 20:11:03] [INFO] [DBG]   k[4] s=0 w=1 len=32 b58=8ChvMvALunCZ
[2026-04-10 20:11:03] [INFO] [DBG]   k[5] s=0 w=1 len=32 b58=GDnBvA76ZAJ2
[2026-04-10 20:11:03] [INFO] [DBG]   k[6] s=0 w=1 len=32 b58=2wzaFLYb4JcD
[2026-04-10 20:11:03] [INFO] [DBG]   k[7] s=0 w=1 len=32 b58=Gj8gzDNKmf5y
[2026-04-10 20:11:03] [INFO] [DBG]   k[8] s=0 w=0 len=32 b58=TokenkegQfeZ
[2026-04-10 20:11:03] [INFO] [DBG]   k[9] s=0 w=1 len=32 b58=FohQpHgvyJQH
[2026-04-10 20:11:03] [INFO] [DBG]   k[10] s=0 w=1 len=32 b58=H162txn8gSuX
[2026-04-10 20:11:03] [INFO] [DBG]   k[11] s=0 w=1 len=32 b58=81hDVagG29yQ
[2026-04-10 20:11:03] [INFO] [DBG] ix[7] prog=whirLbMi keys=11 dataLen=42 hex=f8c69e91e17587c85d837ff7f118000000c817a804000000af331ba8327fbb35b1c4feff000000000100
[2026-04-10 20:11:03] [INFO] [DBG]   k[0] s=0 w=0 len=32 b58=TokenkegQfeZ
[2026-04-10 20:11:03] [INFO] [DBG]   k[1] s=1 w=0 len=32 b58=ESzi3jyKV4EW
[2026-04-10 20:11:03] [INFO] [DBG]   k[2] s=0 w=1 len=32 b58=5zpyutJu9ee6
[2026-04-10 20:11:03] [INFO] [DBG]   k[3] s=0 w=1 len=32 b58=DQwQCSZL4Wm9
[2026-04-10 20:11:03] [INFO] [DBG]   k[4] s=0 w=1 len=32 b58=ES7yhSrYeFo4
[2026-04-10 20:11:03] [INFO] [DBG]   k[5] s=0 w=1 len=32 b58=8ChvMvALunCZ
[2026-04-10 20:11:03] [INFO] [DBG]   k[6] s=0 w=1 len=32 b58=4dmvFGeQH2eq
[2026-04-10 20:11:03] [INFO] [DBG]   k[7] s=0 w=1 len=32 b58=EJRTQoUhFocF
[2026-04-10 20:11:03] [INFO] [DBG]   k[8] s=0 w=1 len=32 b58=GqjT3UE9p9t2
[2026-04-10 20:11:03] [INFO] [DBG]   k[9] s=0 w=1 len=32 b58=AKZj2vZ2UxQa
[2026-04-10 20:11:03] [INFO] [DBG]   k[10] s=0 w=0 len=32 b58=EXpqcVuTTPEm
[2026-04-10 20:11:03] [INFO] [DBG] ix[8] prog=KLend2g3 keys=12 dataLen=17 hex=b97500cb60f5b4ba00c817a80400000002
[2026-04-10 20:11:03] [INFO] [DBG]   k[0] s=1 w=0 len=32 b58=ESzi3jyKV4EW
[2026-04-10 20:11:03] [INFO] [DBG]   k[1] s=0 w=0 len=32 b58=9DrvZvyWh1Hu
[2026-04-10 20:11:03] [INFO] [DBG]   k[2] s=0 w=0 len=32 b58=7u3HeHxYDLhn
[2026-04-10 20:11:03] [INFO] [DBG]   k[3] s=0 w=1 len=32 b58=d4A2prbA2whe
[2026-04-10 20:11:03] [INFO] [DBG]   k[4] s=0 w=0 len=32 b58=So1111111111
[2026-04-10 20:11:03] [INFO] [DBG]   k[5] s=0 w=1 len=32 b58=GafNuUXj9rxG
[2026-04-10 20:11:03] [INFO] [DBG]   k[6] s=0 w=1 len=32 b58=DQwQCSZL4Wm9
[2026-04-10 20:11:03] [INFO] [DBG]   k[7] s=0 w=1 len=32 b58=3JNof8s453bw
[2026-04-10 20:11:03] [INFO] [DBG]   k[8] s=0 w=0 len=32 b58=KLend2g3cP87
[2026-04-10 20:11:03] [INFO] [DBG]   k[9] s=0 w=0 len=32 b58=KLend2g3cP87
[2026-04-10 20:11:03] [INFO] [DBG]   k[10] s=0 w=0 len=32 b58=Sysvar1nstru
[2026-04-10 20:11:03] [INFO] [DBG]   k[11] s=0 w=0 len=32 b58=TokenkegQfeZ
[2026-04-10 20:11:03] [INFO] [DBG] ix[9] prog=Tokenkeg keys=3 dataLen=1 hex=09
[2026-04-10 20:11:03] [INFO] [DBG]   k[0] s=0 w=1 len=32 b58=DQwQCSZL4Wm9
[2026-04-10 20:11:03] [INFO] [DBG]   k[1] s=0 w=1 len=32 b58=ESzi3jyKV4EW
[2026-04-10 20:11:03] [INFO] [DBG]   k[2] s=1 w=0 len=32 b58=ESzi3jyKV4EW
[2026-04-10 20:11:03] [ERROR] [LocalExec] Error: encoding overruns Uint8Array
[2026-04-10 20:11:03] [ERROR] [LocalExec] Stack: RangeError: encoding overruns Uint8Array
    at Blob.encode (/home/ubuntu/ARB-BOT/node_modules/@solana/buffer-layout/lib/Layout.js:2098:19)
    at Structure.encode (/home/ubuntu/ARB-BOT/node_modules/@solana/buffer-layout/lib/Layout.js:1092:36)
    at MessageV0.serialize (/home/ubuntu/ARB-BOT/node_modules/@solana/web3.js/lib/index.cjs.js:1045:51)
    at VersionedTransaction.sign (/home/ubuntu/ARB-BOT/node_modules/@solana/web3.js/lib/index.cjs.js:2107:38)
    at Executor.executeLocal (/home/ubuntu/ARB-BOT/src/executor.js:1312:21)
    at process.processTicksAndRejections (node:internal/process/task_queues:95:5)
    at async wsCallback (/home/ubuntu/ARB-BOT/src/bot.js:297:44)
[2026-04-10 20:11:03] [WARN] [LocalExec] ⚠️  computeSwap BYPASSED — pipeline test mode | gross local: -15.8360 USD
[2026-04-10 20:11:03] [INFO] 🎯 LOCAL EXEC — SOL/BONK | spread: 0.005% | loan: 10.0 SOL | profit: ~$-15.8360 | buy: Raydium CLMM@GtKKKs3y → sell: Orca@5zpyutJu
[2026-04-10 20:11:03] [INFO] [LocalExec] Jito tip: 50000 lamports (~$0.0043)
[2026-04-10 20:11:03] [INFO] [LocalExec] borrowIxIndex dynamically set to 2
[2026-04-10 20:11:03] [INFO] [DBG] innerIxs.length=10
[2026-04-10 20:11:03] [INFO] [DBG] ix[0] prog=11111111 keys=2 dataLen=12 hex=0200000050c3000000000000
[2026-04-10 20:11:03] [INFO] [DBG]   k[0] s=1 w=1 len=32 b58=ESzi3jyKV4EW
[2026-04-10 20:11:03] [INFO] [DBG]   k[1] s=0 w=1 len=32 b58=Cw8CFyM9FkoM
[2026-04-10 20:11:03] [INFO] [DBG] ix[1] prog=ATokenGP keys=6 dataLen=1 hex=01
[2026-04-10 20:11:03] [INFO] [DBG]   k[0] s=1 w=1 len=32 b58=ESzi3jyKV4EW
[2026-04-10 20:11:03] [INFO] [DBG]   k[1] s=0 w=1 len=32 b58=DQwQCSZL4Wm9
[2026-04-10 20:11:03] [INFO] [DBG]   k[2] s=0 w=0 len=32 b58=ESzi3jyKV4EW
[2026-04-10 20:11:03] [INFO] [DBG]   k[3] s=0 w=0 len=32 b58=So1111111111
[2026-04-10 20:11:03] [INFO] [DBG]   k[4] s=0 w=0 len=32 b58=111111111111
[2026-04-10 20:11:03] [INFO] [DBG]   k[5] s=0 w=0 len=32 b58=TokenkegQfeZ
[2026-04-10 20:11:03] [INFO] [DBG] ix[2] prog=KLend2g3 keys=12 dataLen=16 hex=87e734a70734d4c100e40b5402000000
[2026-04-10 20:11:03] [INFO] [DBG]   k[0] s=1 w=0 len=32 b58=ESzi3jyKV4EW
[2026-04-10 20:11:03] [INFO] [DBG]   k[1] s=0 w=0 len=32 b58=9DrvZvyWh1Hu
[2026-04-10 20:11:03] [INFO] [DBG]   k[2] s=0 w=0 len=32 b58=7u3HeHxYDLhn
[2026-04-10 20:11:03] [INFO] [DBG]   k[3] s=0 w=1 len=32 b58=d4A2prbA2whe
[2026-04-10 20:11:03] [INFO] [DBG]   k[4] s=0 w=0 len=32 b58=So1111111111
[2026-04-10 20:11:03] [INFO] [DBG]   k[5] s=0 w=1 len=32 b58=GafNuUXj9rxG
[2026-04-10 20:11:03] [INFO] [DBG]   k[6] s=0 w=1 len=32 b58=DQwQCSZL4Wm9
[2026-04-10 20:11:03] [INFO] [DBG]   k[7] s=0 w=1 len=32 b58=3JNof8s453bw
[2026-04-10 20:11:03] [INFO] [DBG]   k[8] s=0 w=0 len=32 b58=KLend2g3cP87
[2026-04-10 20:11:03] [INFO] [DBG]   k[9] s=0 w=0 len=32 b58=KLend2g3cP87
[2026-04-10 20:11:03] [INFO] [DBG]   k[10] s=0 w=0 len=32 b58=Sysvar1nstru
[2026-04-10 20:11:03] [INFO] [DBG]   k[11] s=0 w=0 len=32 b58=TokenkegQfeZ
[2026-04-10 20:11:03] [INFO] [DBG] ix[3] prog=ComputeB keys=0 dataLen=5 hex=02c0270900
[2026-04-10 20:11:03] [INFO] [DBG] ix[4] prog=ComputeB keys=0 dataLen=9 hex=030100000000000000
[2026-04-10 20:11:03] [INFO] [DBG] ix[5] prog=ATokenGP keys=6 dataLen=1 hex=01
[2026-04-10 20:11:03] [INFO] [DBG]   k[0] s=1 w=1 len=32 b58=ESzi3jyKV4EW
[2026-04-10 20:11:03] [INFO] [DBG]   k[1] s=0 w=1 len=32 b58=8ChvMvALunCZ
[2026-04-10 20:11:03] [INFO] [DBG]   k[2] s=0 w=0 len=32 b58=ESzi3jyKV4EW
[2026-04-10 20:11:03] [INFO] [DBG]   k[3] s=0 w=0 len=32 b58=DezXAZ8z7Pnr
[2026-04-10 20:11:03] [INFO] [DBG]   k[4] s=0 w=0 len=32 b58=111111111111
[2026-04-10 20:11:03] [INFO] [DBG]   k[5] s=0 w=0 len=32 b58=TokenkegQfeZ
[2026-04-10 20:11:03] [INFO] [DBG] ix[6] prog=CAMMCzo5 keys=12 dataLen=41 hex=f8c69e91e17587c800e40b5402000000150a420d640b0000513b010001000000000000000000000001
[2026-04-10 20:11:03] [INFO] [DBG]   k[0] s=1 w=1 len=32 b58=ESzi3jyKV4EW
[2026-04-10 20:11:03] [INFO] [DBG]   k[1] s=0 w=0 len=32 b58=E64NGkDLLCdQ
[2026-04-10 20:11:03] [INFO] [DBG]   k[2] s=0 w=1 len=32 b58=GtKKKs3yaPdH
[2026-04-10 20:11:03] [INFO] [DBG]   k[3] s=0 w=1 len=32 b58=DQwQCSZL4Wm9
[2026-04-10 20:11:03] [INFO] [DBG]   k[4] s=0 w=1 len=32 b58=8ChvMvALunCZ
[2026-04-10 20:11:03] [INFO] [DBG]   k[5] s=0 w=1 len=32 b58=GDnBvA76ZAJ2
[2026-04-10 20:11:03] [INFO] [DBG]   k[6] s=0 w=1 len=32 b58=2wzaFLYb4JcD
[2026-04-10 20:11:03] [INFO] [DBG]   k[7] s=0 w=1 len=32 b58=Gj8gzDNKmf5y
[2026-04-10 20:11:03] [INFO] [DBG]   k[8] s=0 w=0 len=32 b58=TokenkegQfeZ
[2026-04-10 20:11:03] [INFO] [DBG]   k[9] s=0 w=1 len=32 b58=FohQpHgvyJQH
[2026-04-10 20:11:03] [INFO] [DBG]   k[10] s=0 w=1 len=32 b58=H162txn8gSuX
[2026-04-10 20:11:03] [INFO] [DBG]   k[11] s=0 w=1 len=32 b58=81hDVagG29yQ
[2026-04-10 20:11:03] [INFO] [DBG] ix[7] prog=whirLbMi keys=11 dataLen=42 hex=f8c69e91e17587c8a627bb0ea80c000000e40b5402000000af331ba8327fbb35b1c4feff000000000100
[2026-04-10 20:11:03] [INFO] [DBG]   k[0] s=0 w=0 len=32 b58=TokenkegQfeZ
[2026-04-10 20:11:03] [INFO] [DBG]   k[1] s=1 w=0 len=32 b58=ESzi3jyKV4EW
[2026-04-10 20:11:03] [INFO] [DBG]   k[2] s=0 w=1 len=32 b58=5zpyutJu9ee6
[2026-04-10 20:11:03] [INFO] [DBG]   k[3] s=0 w=1 len=32 b58=DQwQCSZL4Wm9
[2026-04-10 20:11:03] [INFO] [DBG]   k[4] s=0 w=1 len=32 b58=ES7yhSrYeFo4
[2026-04-10 20:11:03] [INFO] [DBG]   k[5] s=0 w=1 len=32 b58=8ChvMvALunCZ
[2026-04-10 20:11:03] [INFO] [DBG]   k[6] s=0 w=1 len=32 b58=4dmvFGeQH2eq
[2026-04-10 20:11:03] [INFO] [DBG]   k[7] s=0 w=1 len=32 b58=EJRTQoUhFocF
[2026-04-10 20:11:03] [INFO] [DBG]   k[8] s=0 w=1 len=32 b58=GqjT3UE9p9t2
[2026-04-10 20:11:03] [INFO] [DBG]   k[9] s=0 w=1 len=32 b58=AKZj2vZ2UxQa
[2026-04-10 20:11:03] [INFO] [DBG]   k[10] s=0 w=0 len=32 b58=EXpqcVuTTPEm
[2026-04-10 20:11:03] [INFO] [DBG] ix[8] prog=KLend2g3 keys=12 dataLen=17 hex=b97500cb60f5b4ba00e40b540200000002
[2026-04-10 20:11:03] [INFO] [DBG]   k[0] s=1 w=0 len=32 b58=ESzi3jyKV4EW
[2026-04-10 20:11:03] [INFO] [DBG]   k[1] s=0 w=0 len=32 b58=9DrvZvyWh1Hu
[2026-04-10 20:11:03] [INFO] [DBG]   k[2] s=0 w=0 len=32 b58=7u3HeHxYDLhn
[2026-04-10 20:11:03] [INFO] [DBG]   k[3] s=0 w=1 len=32 b58=d4A2prbA2whe
[2026-04-10 20:11:03] [INFO] [DBG]   k[4] s=0 w=0 len=32 b58=So1111111111
[2026-04-10 20:11:03] [INFO] [DBG]   k[5] s=0 w=1 len=32 b58=GafNuUXj9rxG
[2026-04-10 20:11:03] [INFO] [DBG]   k[6] s=0 w=1 len=32 b58=DQwQCSZL4Wm9
[2026-04-10 20:11:03] [INFO] [DBG]   k[7] s=0 w=1 len=32 b58=3JNof8s453bw
[2026-04-10 20:11:03] [INFO] [DBG]   k[8] s=0 w=0 len=32 b58=KLend2g3cP87
[2026-04-10 20:11:03] [INFO] [DBG]   k[9] s=0 w=0 len=32 b58=KLend2g3cP87
[2026-04-10 20:11:03] [INFO] [DBG]   k[10] s=0 w=0 len=32 b58=Sysvar1nstru
[2026-04-10 20:11:03] [INFO] [DBG]   k[11] s=0 w=0 len=32 b58=TokenkegQfeZ
[2026-04-10 20:11:03] [INFO] [DBG] ix[9] prog=Tokenkeg keys=3 dataLen=1 hex=09
[2026-04-10 20:11:03] [INFO] [DBG]   k[0] s=0 w=1 len=32 b58=DQwQCSZL4Wm9
[2026-04-10 20:11:03] [INFO] [DBG]   k[1] s=0 w=1 len=32 b58=ESzi3jyKV4EW
[2026-04-10 20:11:03] [INFO] [DBG]   k[2] s=1 w=0 len=32 b58=ESzi3jyKV4EW
[2026-04-10 20:11:03] [ERROR] [LocalExec] Error: encoding overruns Uint8Array
[2026-04-10 20:11:03] [ERROR] [LocalExec] Stack: RangeError: encoding overruns Uint8Array
    at Blob.encode (/home/ubuntu/ARB-BOT/node_modules/@solana/buffer-layout/lib/Layout.js:2098:19)
    at Structure.encode (/home/ubuntu/ARB-BOT/node_modules/@solana/buffer-layout/lib/Layout.js:1092:36)
    at MessageV0.serialize (/home/ubuntu/ARB-BOT/node_modules/@solana/web3.js/lib/index.cjs.js:1045:51)
    at VersionedTransaction.sign (/home/ubuntu/ARB-BOT/node_modules/@solana/web3.js/lib/index.cjs.js:2107:38)
    at Executor.executeLocal (/home/ubuntu/ARB-BOT/src/executor.js:1312:21)
    at process.processTicksAndRejections (node:internal/process/task_queues:95:5)
    at async wsCallback (/home/ubuntu/ARB-BOT/src/bot.js:297:44)
[2026-04-10 20:11:03] [WARN] [LocalExec] ⚠️  computeSwap BYPASSED — pipeline test mode | gross local: -2.6729 USD
[2026-04-10 20:11:03] [INFO] 🎯 LOCAL EXEC — SOL/BONK | spread: 0.005% | loan: 4.0 SOL | profit: ~$-2.6729 | buy: Raydium CLMM@GtKKKs3y → sell: Orca@5zpyutJu
[2026-04-10 20:11:03] [INFO] [LocalExec] Jito tip: 50000 lamports (~$0.0043)
[2026-04-10 20:11:03] [INFO] [LocalExec] borrowIxIndex dynamically set to 2
[2026-04-10 20:11:03] [INFO] [DBG] innerIxs.length=10
[2026-04-10 20:11:03] [INFO] [DBG] ix[0] prog=11111111 keys=2 dataLen=12 hex=0200000050c3000000000000
[2026-04-10 20:11:03] [INFO] [DBG]   k[0] s=1 w=1 len=32 b58=ESzi3jyKV4EW
[2026-04-10 20:11:03] [INFO] [DBG]   k[1] s=0 w=1 len=32 b58=DfXygSm4jCyN
[2026-04-10 20:11:03] [INFO] [DBG] ix[1] prog=ATokenGP keys=6 dataLen=1 hex=01
[2026-04-10 20:11:03] [INFO] [DBG]   k[0] s=1 w=1 len=32 b58=ESzi3jyKV4EW
[2026-04-10 20:11:03] [INFO] [DBG]   k[1] s=0 w=1 len=32 b58=DQwQCSZL4Wm9
[2026-04-10 20:11:03] [INFO] [DBG]   k[2] s=0 w=0 len=32 b58=ESzi3jyKV4EW
[2026-04-10 20:11:03] [INFO] [DBG]   k[3] s=0 w=0 len=32 b58=So1111111111
[2026-04-10 20:11:03] [INFO] [DBG]   k[4] s=0 w=0 len=32 b58=111111111111
[2026-04-10 20:11:03] [INFO] [DBG]   k[5] s=0 w=0 len=32 b58=TokenkegQfeZ
[2026-04-10 20:11:03] [INFO] [DBG] ix[2] prog=KLend2g3 keys=12 dataLen=16 hex=87e734a70734d4c100286bee00000000
[2026-04-10 20:11:03] [INFO] [DBG]   k[0] s=1 w=0 len=32 b58=ESzi3jyKV4EW
[2026-04-10 20:11:03] [INFO] [DBG]   k[1] s=0 w=0 len=32 b58=9DrvZvyWh1Hu
[2026-04-10 20:11:03] [INFO] [DBG]   k[2] s=0 w=0 len=32 b58=7u3HeHxYDLhn
[2026-04-10 20:11:03] [INFO] [DBG]   k[3] s=0 w=1 len=32 b58=d4A2prbA2whe
[2026-04-10 20:11:03] [INFO] [DBG]   k[4] s=0 w=0 len=32 b58=So1111111111
[2026-04-10 20:11:03] [INFO] [DBG]   k[5] s=0 w=1 len=32 b58=GafNuUXj9rxG
[2026-04-10 20:11:03] [INFO] [DBG]   k[6] s=0 w=1 len=32 b58=DQwQCSZL4Wm9
[2026-04-10 20:11:03] [INFO] [DBG]   k[7] s=0 w=1 len=32 b58=3JNof8s453bw
[2026-04-10 20:11:03] [INFO] [DBG]   k[8] s=0 w=0 len=32 b58=KLend2g3cP87
[2026-04-10 20:11:03] [INFO] [DBG]   k[9] s=0 w=0 len=32 b58=KLend2g3cP87
[2026-04-10 20:11:03] [INFO] [DBG]   k[10] s=0 w=0 len=32 b58=Sysvar1nstru
[2026-04-10 20:11:03] [INFO] [DBG]   k[11] s=0 w=0 len=32 b58=TokenkegQfeZ
[2026-04-10 20:11:03] [INFO] [DBG] ix[3] prog=ComputeB keys=0 dataLen=5 hex=02c0270900
[2026-04-10 20:11:03] [INFO] [DBG] ix[4] prog=ComputeB keys=0 dataLen=9 hex=030100000000000000
[2026-04-10 20:11:03] [INFO] [DBG] ix[5] prog=ATokenGP keys=6 dataLen=1 hex=01
[2026-04-10 20:11:03] [INFO] [DBG]   k[0] s=1 w=1 len=32 b58=ESzi3jyKV4EW
[2026-04-10 20:11:03] [INFO] [DBG]   k[1] s=0 w=1 len=32 b58=8ChvMvALunCZ
[2026-04-10 20:11:03] [INFO] [DBG]   k[2] s=0 w=0 len=32 b58=ESzi3jyKV4EW
[2026-04-10 20:11:03] [INFO] [DBG]   k[3] s=0 w=0 len=32 b58=DezXAZ8z7Pnr
[2026-04-10 20:11:03] [INFO] [DBG]   k[4] s=0 w=0 len=32 b58=111111111111
[2026-04-10 20:11:03] [INFO] [DBG]   k[5] s=0 w=0 len=32 b58=TokenkegQfeZ
[2026-04-10 20:11:03] [INFO] [DBG] ix[6] prog=CAMMCzo5 keys=12 dataLen=41 hex=f8c69e91e17587c800286bee00000000264caad498040000513b010001000000000000000000000001
[2026-04-10 20:11:03] [INFO] [DBG]   k[0] s=1 w=1 len=32 b58=ESzi3jyKV4EW
[2026-04-10 20:11:03] [INFO] [DBG]   k[1] s=0 w=0 len=32 b58=E64NGkDLLCdQ
[2026-04-10 20:11:03] [INFO] [DBG]   k[2] s=0 w=1 len=32 b58=GtKKKs3yaPdH
[2026-04-10 20:11:03] [INFO] [DBG]   k[3] s=0 w=1 len=32 b58=DQwQCSZL4Wm9
[2026-04-10 20:11:03] [INFO] [DBG]   k[4] s=0 w=1 len=32 b58=8ChvMvALunCZ
[2026-04-10 20:11:03] [INFO] [DBG]   k[5] s=0 w=1 len=32 b58=GDnBvA76ZAJ2
[2026-04-10 20:11:03] [INFO] [DBG]   k[6] s=0 w=1 len=32 b58=2wzaFLYb4JcD
[2026-04-10 20:11:03] [INFO] [DBG]   k[7] s=0 w=1 len=32 b58=Gj8gzDNKmf5y
[2026-04-10 20:11:03] [INFO] [DBG]   k[8] s=0 w=0 len=32 b58=TokenkegQfeZ
[2026-04-10 20:11:03] [INFO] [DBG]   k[9] s=0 w=1 len=32 b58=FohQpHgvyJQH
[2026-04-10 20:11:03] [INFO] [DBG]   k[10] s=0 w=1 len=32 b58=H162txn8gSuX
[2026-04-10 20:11:03] [INFO] [DBG]   k[11] s=0 w=1 len=32 b58=81hDVagG29yQ
[2026-04-10 20:11:03] [INFO] [DBG] ix[7] prog=whirLbMi keys=11 dataLen=42 hex=f8c69e91e17587c8b91bf6961b05000000286bee00000000af331ba8327fbb35b1c4feff000000000100
[2026-04-10 20:11:03] [INFO] [DBG]   k[0] s=0 w=0 len=32 b58=TokenkegQfeZ
[2026-04-10 20:11:03] [INFO] [DBG]   k[1] s=1 w=0 len=32 b58=ESzi3jyKV4EW
[2026-04-10 20:11:03] [INFO] [DBG]   k[2] s=0 w=1 len=32 b58=5zpyutJu9ee6
[2026-04-10 20:11:03] [INFO] [DBG]   k[3] s=0 w=1 len=32 b58=DQwQCSZL4Wm9
[2026-04-10 20:11:03] [INFO] [DBG]   k[4] s=0 w=1 len=32 b58=ES7yhSrYeFo4
[2026-04-10 20:11:03] [INFO] [DBG]   k[5] s=0 w=1 len=32 b58=8ChvMvALunCZ
[2026-04-10 20:11:03] [INFO] [DBG]   k[6] s=0 w=1 len=32 b58=4dmvFGeQH2eq
[2026-04-10 20:11:03] [INFO] [DBG]   k[7] s=0 w=1 len=32 b58=EJRTQoUhFocF
[2026-04-10 20:11:03] [INFO] [DBG]   k[8] s=0 w=1 len=32 b58=GqjT3UE9p9t2
[2026-04-10 20:11:03] [INFO] [DBG]   k[9] s=0 w=1 len=32 b58=AKZj2vZ2UxQa
[2026-04-10 20:11:03] [INFO] [DBG]   k[10] s=0 w=0 len=32 b58=EXpqcVuTTPEm
[2026-04-10 20:11:03] [INFO] [DBG] ix[8] prog=KLend2g3 keys=12 dataLen=17 hex=b97500cb60f5b4ba00286bee0000000002
[2026-04-10 20:11:03] [INFO] [DBG]   k[0] s=1 w=0 len=32 b58=ESzi3jyKV4EW
[2026-04-10 20:11:03] [INFO] [DBG]   k[1] s=0 w=0 len=32 b58=9DrvZvyWh1Hu
[2026-04-10 20:11:03] [INFO] [DBG]   k[2] s=0 w=0 len=32 b58=7u3HeHxYDLhn
[2026-04-10 20:11:03] [INFO] [DBG]   k[3] s=0 w=1 len=32 b58=d4A2prbA2whe
[2026-04-10 20:11:03] [INFO] [DBG]   k[4] s=0 w=0 len=32 b58=So1111111111
[2026-04-10 20:11:03] [INFO] [DBG]   k[5] s=0 w=1 len=32 b58=GafNuUXj9rxG
[2026-04-10 20:11:03] [INFO] [DBG]   k[6] s=0 w=1 len=32 b58=DQwQCSZL4Wm9
[2026-04-10 20:11:03] [INFO] [DBG]   k[7] s=0 w=1 len=32 b58=3JNof8s453bw
[2026-04-10 20:11:03] [INFO] [DBG]   k[8] s=0 w=0 len=32 b58=KLend2g3cP87
[2026-04-10 20:11:03] [INFO] [DBG]   k[9] s=0 w=0 len=32 b58=KLend2g3cP87
[2026-04-10 20:11:03] [INFO] [DBG]   k[10] s=0 w=0 len=32 b58=Sysvar1nstru
[2026-04-10 20:11:03] [INFO] [DBG]   k[11] s=0 w=0 len=32 b58=TokenkegQfeZ
[2026-04-10 20:11:03] [INFO] [DBG] ix[9] prog=Tokenkeg keys=3 dataLen=1 hex=09
[2026-04-10 20:11:03] [INFO] [DBG]   k[0] s=0 w=1 len=32 b58=DQwQCSZL4Wm9
[2026-04-10 20:11:03] [INFO] [DBG]   k[1] s=0 w=1 len=32 b58=ESzi3jyKV4EW
[2026-04-10 20:11:03] [INFO] [DBG]   k[2] s=1 w=0 len=32 b58=ESzi3jyKV4EW
[2026-04-10 20:11:03] [ERROR] [LocalExec] Error: encoding overruns Uint8Array
[2026-04-10 20:11:03] [ERROR] [LocalExec] Stack: RangeError: encoding overruns Uint8Array
    at Blob.encode (/home/ubuntu/ARB-BOT/node_modules/@solana/buffer-layout/lib/Layout.js:2098:19)
    at Structure.encode (/home/ubuntu/ARB-BOT/node_modules/@solana/buffer-layout/lib/Layout.js:1092:36)
    at MessageV0.serialize (/home/ubuntu/ARB-BOT/node_modules/@solana/web3.js/lib/index.cjs.js:1045:51)
    at VersionedTransaction.sign (/home/ubuntu/ARB-BOT/node_modules/@solana/web3.js/lib/index.cjs.js:2107:38)
    at Executor.executeLocal (/home/ubuntu/ARB-BOT/src/executor.js:1312:21)
    at process.processTicksAndRejections (node:internal/process/task_queues:95:5)
    at async wsCallback (/home/ubuntu/ARB-BOT/src/bot.js:297:44)
[2026-04-10 20:11:03] [WARN] [LocalExec] ⚠️  computeSwap BYPASSED — pipeline test mode | gross local: -0.7173 USD
[2026-04-10 20:11:03] [INFO] 🎯 LOCAL EXEC — SOL/BONK | spread: 0.005% | loan: 2.0 SOL | profit: ~$-0.7173 | buy: Raydium CLMM@GtKKKs3y → sell: Orca@5zpyutJu
[2026-04-10 20:11:03] [INFO] [LocalExec] Jito tip: 50000 lamports (~$0.0043)
[2026-04-10 20:11:03] [INFO] [LocalExec] borrowIxIndex dynamically set to 2
[2026-04-10 20:11:03] [INFO] [DBG] innerIxs.length=10
[2026-04-10 20:11:03] [INFO] [DBG] ix[0] prog=11111111 keys=2 dataLen=12 hex=0200000050c3000000000000
[2026-04-10 20:11:03] [INFO] [DBG]   k[0] s=1 w=1 len=32 b58=ESzi3jyKV4EW
[2026-04-10 20:11:03] [INFO] [DBG]   k[1] s=0 w=1 len=32 b58=Cw8CFyM9FkoM
[2026-04-10 20:11:03] [INFO] [DBG] ix[1] prog=ATokenGP keys=6 dataLen=1 hex=01
[2026-04-10 20:11:03] [INFO] [DBG]   k[0] s=1 w=1 len=32 b58=ESzi3jyKV4EW
[2026-04-10 20:11:03] [INFO] [DBG]   k[1] s=0 w=1 len=32 b58=DQwQCSZL4Wm9
[2026-04-10 20:11:03] [INFO] [DBG]   k[2] s=0 w=0 len=32 b58=ESzi3jyKV4EW
[2026-04-10 20:11:03] [INFO] [DBG]   k[3] s=0 w=0 len=32 b58=So1111111111
[2026-04-10 20:11:03] [INFO] [DBG]   k[4] s=0 w=0 len=32 b58=111111111111
[2026-04-10 20:11:03] [INFO] [DBG]   k[5] s=0 w=0 len=32 b58=TokenkegQfeZ
[2026-04-10 20:11:03] [INFO] [DBG] ix[2] prog=KLend2g3 keys=12 dataLen=16 hex=87e734a70734d4c10094357700000000
[2026-04-10 20:11:03] [INFO] [DBG]   k[0] s=1 w=0 len=32 b58=ESzi3jyKV4EW
[2026-04-10 20:11:03] [INFO] [DBG]   k[1] s=0 w=0 len=32 b58=9DrvZvyWh1Hu
[2026-04-10 20:11:03] [INFO] [DBG]   k[2] s=0 w=0 len=32 b58=7u3HeHxYDLhn
[2026-04-10 20:11:03] [INFO] [DBG]   k[3] s=0 w=1 len=32 b58=d4A2prbA2whe
[2026-04-10 20:11:03] [INFO] [DBG]   k[4] s=0 w=0 len=32 b58=So1111111111
[2026-04-10 20:11:03] [INFO] [DBG]   k[5] s=0 w=1 len=32 b58=GafNuUXj9rxG
[2026-04-10 20:11:03] [INFO] [DBG]   k[6] s=0 w=1 len=32 b58=DQwQCSZL4Wm9
[2026-04-10 20:11:03] [INFO] [DBG]   k[7] s=0 w=1 len=32 b58=3JNof8s453bw
[2026-04-10 20:11:03] [INFO] [DBG]   k[8] s=0 w=0 len=32 b58=KLend2g3cP87
[2026-04-10 20:11:03] [INFO] [DBG]   k[9] s=0 w=0 len=32 b58=KLend2g3cP87
[2026-04-10 20:11:03] [INFO] [DBG]   k[10] s=0 w=0 len=32 b58=Sysvar1nstru
[2026-04-10 20:11:03] [INFO] [DBG]   k[11] s=0 w=0 len=32 b58=TokenkegQfeZ
[2026-04-10 20:11:03] [INFO] [DBG] ix[3] prog=ComputeB keys=0 dataLen=5 hex=02c0270900
[2026-04-10 20:11:03] [INFO] [DBG] ix[4] prog=ComputeB keys=0 dataLen=9 hex=030100000000000000
[2026-04-10 20:11:03] [INFO] [DBG] ix[5] prog=ATokenGP keys=6 dataLen=1 hex=01
[2026-04-10 20:11:03] [INFO] [DBG]   k[0] s=1 w=1 len=32 b58=ESzi3jyKV4EW
[2026-04-10 20:11:03] [INFO] [DBG]   k[1] s=0 w=1 len=32 b58=8ChvMvALunCZ
[2026-04-10 20:11:03] [INFO] [DBG]   k[2] s=0 w=0 len=32 b58=ESzi3jyKV4EW
[2026-04-10 20:11:03] [INFO] [DBG]   k[3] s=0 w=0 len=32 b58=DezXAZ8z7Pnr
[2026-04-10 20:11:03] [INFO] [DBG]   k[4] s=0 w=0 len=32 b58=111111111111
[2026-04-10 20:11:03] [INFO] [DBG]   k[5] s=0 w=0 len=32 b58=TokenkegQfeZ
[2026-04-10 20:11:03] [INFO] [DBG] ix[6] prog=CAMMCzo5 keys=12 dataLen=41 hex=f8c69e91e17587c80094357700000000cf48cb2b4e020000513b010001000000000000000000000001
[2026-04-10 20:11:03] [INFO] [DBG]   k[0] s=1 w=1 len=32 b58=ESzi3jyKV4EW
[2026-04-10 20:11:03] [INFO] [DBG]   k[1] s=0 w=0 len=32 b58=E64NGkDLLCdQ
[2026-04-10 20:11:03] [INFO] [DBG]   k[2] s=0 w=1 len=32 b58=GtKKKs3yaPdH
[2026-04-10 20:11:03] [INFO] [DBG]   k[3] s=0 w=1 len=32 b58=DQwQCSZL4Wm9
[2026-04-10 20:11:03] [INFO] [DBG]   k[4] s=0 w=1 len=32 b58=8ChvMvALunCZ
[2026-04-10 20:11:03] [INFO] [DBG]   k[5] s=0 w=1 len=32 b58=GDnBvA76ZAJ2
[2026-04-10 20:11:03] [INFO] [DBG]   k[6] s=0 w=1 len=32 b58=2wzaFLYb4JcD
[2026-04-10 20:11:03] [INFO] [DBG]   k[7] s=0 w=1 len=32 b58=Gj8gzDNKmf5y
[2026-04-10 20:11:03] [INFO] [DBG]   k[8] s=0 w=0 len=32 b58=TokenkegQfeZ
[2026-04-10 20:11:03] [INFO] [DBG]   k[9] s=0 w=1 len=32 b58=FohQpHgvyJQH
[2026-04-10 20:11:03] [INFO] [DBG]   k[10] s=0 w=1 len=32 b58=H162txn8gSuX
[2026-04-10 20:11:03] [INFO] [DBG]   k[11] s=0 w=1 len=32 b58=81hDVagG29yQ
[2026-04-10 20:11:03] [INFO] [DBG] ix[7] prog=whirLbMi keys=11 dataLen=42 hex=f8c69e91e17587c81fdfe1be8f0200000094357700000000af331ba8327fbb35b1c4feff000000000100
[2026-04-10 20:11:03] [INFO] [DBG]   k[0] s=0 w=0 len=32 b58=TokenkegQfeZ
[2026-04-10 20:11:03] [INFO] [DBG]   k[1] s=1 w=0 len=32 b58=ESzi3jyKV4EW
[2026-04-10 20:11:03] [INFO] [DBG]   k[2] s=0 w=1 len=32 b58=5zpyutJu9ee6
[2026-04-10 20:11:03] [INFO] [DBG]   k[3] s=0 w=1 len=32 b58=DQwQCSZL4Wm9
[2026-04-10 20:11:03] [INFO] [DBG]   k[4] s=0 w=1 len=32 b58=ES7yhSrYeFo4
[2026-04-10 20:11:03] [INFO] [DBG]   k[5] s=0 w=1 len=32 b58=8ChvMvALunCZ
[2026-04-10 20:11:03] [INFO] [DBG]   k[6] s=0 w=1 len=32 b58=4dmvFGeQH2eq
[2026-04-10 20:11:03] [INFO] [DBG]   k[7] s=0 w=1 len=32 b58=EJRTQoUhFocF
[2026-04-10 20:11:03] [INFO] [DBG]   k[8] s=0 w=1 len=32 b58=GqjT3UE9p9t2
[2026-04-10 20:11:03] [INFO] [DBG]   k[9] s=0 w=1 len=32 b58=AKZj2vZ2UxQa
[2026-04-10 20:11:03] [INFO] [DBG]   k[10] s=0 w=0 len=32 b58=EXpqcVuTTPEm
[2026-04-10 20:11:03] [INFO] [DBG] ix[8] prog=KLend2g3 keys=12 dataLen=17 hex=b97500cb60f5b4ba009435770000000002
[2026-04-10 20:11:03] [INFO] [DBG]   k[0] s=1 w=0 len=32 b58=ESzi3jyKV4EW
[2026-04-10 20:11:03] [INFO] [DBG]   k[1] s=0 w=0 len=32 b58=9DrvZvyWh1Hu
[2026-04-10 20:11:03] [INFO] [DBG]   k[2] s=0 w=0 len=32 b58=7u3HeHxYDLhn
[2026-04-10 20:11:03] [INFO] [DBG]   k[3] s=0 w=1 len=32 b58=d4A2prbA2whe
[2026-04-10 20:11:03] [INFO] [DBG]   k[4] s=0 w=0 len=32 b58=So1111111111
[2026-04-10 20:11:03] [INFO] [DBG]   k[5] s=0 w=1 len=32 b58=GafNuUXj9rxG
[2026-04-10 20:11:03] [INFO] [DBG]   k[6] s=0 w=1 len=32 b58=DQwQCSZL4Wm9
[2026-04-10 20:11:03] [INFO] [DBG]   k[7] s=0 w=1 len=32 b58=3JNof8s453bw
[2026-04-10 20:11:03] [INFO] [DBG]   k[8] s=0 w=0 len=32 b58=KLend2g3cP87
[2026-04-10 20:11:03] [INFO] [DBG]   k[9] s=0 w=0 len=32 b58=KLend2g3cP87
[2026-04-10 20:11:03] [INFO] [DBG]   k[10] s=0 w=0 len=32 b58=Sysvar1nstru
[2026-04-10 20:11:03] [INFO] [DBG]   k[11] s=0 w=0 len=32 b58=TokenkegQfeZ
[2026-04-10 20:11:03] [INFO] [DBG] ix[9] prog=Tokenkeg keys=3 dataLen=1 hex=09
[2026-04-10 20:11:03] [INFO] [DBG]   k[0] s=0 w=1 len=32 b58=DQwQCSZL4Wm9
[2026-04-10 20:11:03] [INFO] [DBG]   k[1] s=0 w=1 len=32 b58=ESzi3jyKV4EW
[2026-04-10 20:11:03] [INFO] [DBG]   k[2] s=1 w=0 len=32 b58=ESzi3jyKV4EW
[2026-04-10 20:11:03] [ERROR] [LocalExec] Error: encoding overruns Uint8Array
[2026-04-10 20:11:03] [ERROR] [LocalExec] Stack: RangeError: encoding overruns Uint8Array
    at Blob.encode (/home/ubuntu/ARB-BOT/node_modules/@solana/buffer-layout/lib/Layout.js:2098:19)
    at Structure.encode (/home/ubuntu/ARB-BOT/node_modules/@solana/buffer-layout/lib/Layout.js:1092:36)
    at MessageV0.serialize (/home/ubuntu/ARB-BOT/node_modules/@solana/web3.js/lib/index.cjs.js:1045:51)
    at VersionedTransaction.sign (/home/ubuntu/ARB-BOT/node_modules/@solana/web3.js/lib/index.cjs.js:2107:38)
    at Executor.executeLocal (/home/ubuntu/ARB-BOT/src/executor.js:1312:21)
    at process.processTicksAndRejections (node:internal/process/task_queues:95:5)
    at async wsCallback (/home/ubuntu/ARB-BOT/src/bot.js:297:44)
[2026-04-10 20:11:03] [WARN] [LocalExec] ⚠️  computeSwap BYPASSED — pipeline test mode | gross local: -0.2030 USD
[2026-04-10 20:11:03] [INFO] 🎯 LOCAL EXEC — SOL/BONK | spread: 0.005% | loan: 1.0 SOL | profit: ~$-0.2030 | buy: Raydium CLMM@GtKKKs3y → sell: Orca@5zpyutJu
[2026-04-10 20:11:03] [INFO] [LocalExec] Jito tip: 50000 lamports (~$0.0043)
[2026-04-10 20:11:03] [INFO] [LocalExec] borrowIxIndex dynamically set to 2
[2026-04-10 20:11:03] [INFO] [DBG] innerIxs.length=10
[2026-04-10 20:11:03] [INFO] [DBG] ix[0] prog=11111111 keys=2 dataLen=12 hex=0200000050c3000000000000
[2026-04-10 20:11:03] [INFO] [DBG]   k[0] s=1 w=1 len=32 b58=ESzi3jyKV4EW
[2026-04-10 20:11:03] [INFO] [DBG]   k[1] s=0 w=1 len=32 b58=96gYZGLnJYVF
[2026-04-10 20:11:03] [INFO] [DBG] ix[1] prog=ATokenGP keys=6 dataLen=1 hex=01
[2026-04-10 20:11:03] [INFO] [DBG]   k[0] s=1 w=1 len=32 b58=ESzi3jyKV4EW
[2026-04-10 20:11:03] [INFO] [DBG]   k[1] s=0 w=1 len=32 b58=DQwQCSZL4Wm9
[2026-04-10 20:11:03] [INFO] [DBG]   k[2] s=0 w=0 len=32 b58=ESzi3jyKV4EW
[2026-04-10 20:11:03] [INFO] [DBG]   k[3] s=0 w=0 len=32 b58=So1111111111
[2026-04-10 20:11:03] [INFO] [DBG]   k[4] s=0 w=0 len=32 b58=111111111111
[2026-04-10 20:11:03] [INFO] [DBG]   k[5] s=0 w=0 len=32 b58=TokenkegQfeZ
[2026-04-10 20:11:03] [INFO] [DBG] ix[2] prog=KLend2g3 keys=12 dataLen=16 hex=87e734a70734d4c100ca9a3b00000000
[2026-04-10 20:11:03] [INFO] [DBG]   k[0] s=1 w=0 len=32 b58=ESzi3jyKV4EW
[2026-04-10 20:11:03] [INFO] [DBG]   k[1] s=0 w=0 len=32 b58=9DrvZvyWh1Hu
[2026-04-10 20:11:03] [INFO] [DBG]   k[2] s=0 w=0 len=32 b58=7u3HeHxYDLhn
[2026-04-10 20:11:03] [INFO] [DBG]   k[3] s=0 w=1 len=32 b58=d4A2prbA2whe
[2026-04-10 20:11:03] [INFO] [DBG]   k[4] s=0 w=0 len=32 b58=So1111111111
[2026-04-10 20:11:03] [INFO] [DBG]   k[5] s=0 w=1 len=32 b58=GafNuUXj9rxG
[2026-04-10 20:11:03] [INFO] [DBG]   k[6] s=0 w=1 len=32 b58=DQwQCSZL4Wm9
[2026-04-10 20:11:03] [INFO] [DBG]   k[7] s=0 w=1 len=32 b58=3JNof8s453bw
[2026-04-10 20:11:03] [INFO] [DBG]   k[8] s=0 w=0 len=32 b58=KLend2g3cP87
[2026-04-10 20:11:03] [INFO] [DBG]   k[9] s=0 w=0 len=32 b58=KLend2g3cP87
[2026-04-10 20:11:03] [INFO] [DBG]   k[10] s=0 w=0 len=32 b58=Sysvar1nstru
[2026-04-10 20:11:03] [INFO] [DBG]   k[11] s=0 w=0 len=32 b58=TokenkegQfeZ
[2026-04-10 20:11:03] [INFO] [DBG] ix[3] prog=ComputeB keys=0 dataLen=5 hex=02c0270900
[2026-04-10 20:11:03] [INFO] [DBG] ix[4] prog=ComputeB keys=0 dataLen=9 hex=030100000000000000
[2026-04-10 20:11:03] [INFO] [DBG] ix[5] prog=ATokenGP keys=6 dataLen=1 hex=01
[2026-04-10 20:11:03] [INFO] [DBG]   k[0] s=1 w=1 len=32 b58=ESzi3jyKV4EW
[2026-04-10 20:11:03] [INFO] [DBG]   k[1] s=0 w=1 len=32 b58=8ChvMvALunCZ
[2026-04-10 20:11:03] [INFO] [DBG]   k[2] s=0 w=0 len=32 b58=ESzi3jyKV4EW
[2026-04-10 20:11:03] [INFO] [DBG]   k[3] s=0 w=0 len=32 b58=DezXAZ8z7Pnr
[2026-04-10 20:11:03] [INFO] [DBG]   k[4] s=0 w=0 len=32 b58=111111111111
[2026-04-10 20:11:03] [INFO] [DBG]   k[5] s=0 w=0 len=32 b58=TokenkegQfeZ
[2026-04-10 20:11:03] [INFO] [DBG] ix[6] prog=CAMMCzo5 keys=12 dataLen=41 hex=f8c69e91e17587c800ca9a3b000000001f1dc48627010000513b010001000000000000000000000001
[2026-04-10 20:11:03] [INFO] [DBG]   k[0] s=1 w=1 len=32 b58=ESzi3jyKV4EW
[2026-04-10 20:11:03] [INFO] [DBG]   k[1] s=0 w=0 len=32 b58=E64NGkDLLCdQ
[2026-04-10 20:11:03] [INFO] [DBG]   k[2] s=0 w=1 len=32 b58=GtKKKs3yaPdH
[2026-04-10 20:11:03] [INFO] [DBG]   k[3] s=0 w=1 len=32 b58=DQwQCSZL4Wm9
[2026-04-10 20:11:03] [INFO] [DBG]   k[4] s=0 w=1 len=32 b58=8ChvMvALunCZ
[2026-04-10 20:11:03] [INFO] [DBG]   k[5] s=0 w=1 len=32 b58=GDnBvA76ZAJ2
[2026-04-10 20:11:03] [INFO] [DBG]   k[6] s=0 w=1 len=32 b58=2wzaFLYb4JcD
[2026-04-10 20:11:03] [INFO] [DBG]   k[7] s=0 w=1 len=32 b58=Gj8gzDNKmf5y
[2026-04-10 20:11:03] [INFO] [DBG]   k[8] s=0 w=0 len=32 b58=TokenkegQfeZ
[2026-04-10 20:11:03] [INFO] [DBG]   k[9] s=0 w=1 len=32 b58=FohQpHgvyJQH
[2026-04-10 20:11:03] [INFO] [DBG]   k[10] s=0 w=1 len=32 b58=H162txn8gSuX
[2026-04-10 20:11:03] [INFO] [DBG]   k[11] s=0 w=1 len=32 b58=81hDVagG29yQ
[2026-04-10 20:11:03] [INFO] [DBG] ix[7] prog=whirLbMi keys=11 dataLen=42 hex=f8c69e91e17587c878e7d95c4801000000ca9a3b00000000af331ba8327fbb35b1c4feff000000000100
[2026-04-10 20:11:03] [INFO] [DBG]   k[0] s=0 w=0 len=32 b58=TokenkegQfeZ
[2026-04-10 20:11:03] [INFO] [DBG]   k[1] s=1 w=0 len=32 b58=ESzi3jyKV4EW
[2026-04-10 20:11:03] [INFO] [DBG]   k[2] s=0 w=1 len=32 b58=5zpyutJu9ee6
[2026-04-10 20:11:03] [INFO] [DBG]   k[3] s=0 w=1 len=32 b58=DQwQCSZL4Wm9
[2026-04-10 20:11:03] [INFO] [DBG]   k[4] s=0 w=1 len=32 b58=ES7yhSrYeFo4
[2026-04-10 20:11:03] [INFO] [DBG]   k[5] s=0 w=1 len=32 b58=8ChvMvALunCZ
[2026-04-10 20:11:03] [INFO] [DBG]   k[6] s=0 w=1 len=32 b58=4dmvFGeQH2eq
[2026-04-10 20:11:03] [INFO] [DBG]   k[7] s=0 w=1 len=32 b58=EJRTQoUhFocF
[2026-04-10 20:11:03] [INFO] [DBG]   k[8] s=0 w=1 len=32 b58=GqjT3UE9p9t2
[2026-04-10 20:11:03] [INFO] [DBG]   k[9] s=0 w=1 len=32 b58=AKZj2vZ2UxQa
[2026-04-10 20:11:03] [INFO] [DBG]   k[10] s=0 w=0 len=32 b58=EXpqcVuTTPEm
[2026-04-10 20:11:03] [INFO] [DBG] ix[8] prog=KLend2g3 keys=12 dataLen=17 hex=b97500cb60f5b4ba00ca9a3b0000000002
[2026-04-10 20:11:03] [INFO] [DBG]   k[0] s=1 w=0 len=32 b58=ESzi3jyKV4EW
[2026-04-10 20:11:03] [INFO] [DBG]   k[1] s=0 w=0 len=32 b58=9DrvZvyWh1Hu
[2026-04-10 20:11:03] [INFO] [DBG]   k[2] s=0 w=0 len=32 b58=7u3HeHxYDLhn
[2026-04-10 20:11:03] [INFO] [DBG]   k[3] s=0 w=1 len=32 b58=d4A2prbA2whe
[2026-04-10 20:11:03] [INFO] [DBG]   k[4] s=0 w=0 len=32 b58=So1111111111
[2026-04-10 20:11:04] [INFO] [DBG]   k[5] s=0 w=1 len=32 b58=GafNuUXj9rxG
[2026-04-10 20:11:04] [INFO] [DBG]   k[6] s=0 w=1 len=32 b58=DQwQCSZL4Wm9
[2026-04-10 20:11:04] [INFO] [DBG]   k[7] s=0 w=1 len=32 b58=3JNof8s453bw
[2026-04-10 20:11:04] [INFO] [DBG]   k[8] s=0 w=0 len=32 b58=KLend2g3cP87
[2026-04-10 20:11:04] [INFO] [DBG]   k[9] s=0 w=0 len=32 b58=KLend2g3cP87
[2026-04-10 20:11:04] [INFO] [DBG]   k[10] s=0 w=0 len=32 b58=Sysvar1nstru
[2026-04-10 20:11:04] [INFO] [DBG]   k[11] s=0 w=0 len=32 b58=TokenkegQfeZ
[2026-04-10 20:11:04] [INFO] [DBG] ix[9] prog=Tokenkeg keys=3 dataLen=1 hex=09
[2026-04-10 20:11:04] [INFO] [DBG]   k[0] s=0 w=1 len=32 b58=DQwQCSZL4Wm9
[2026-04-10 20:11:04] [INFO] [DBG]   k[1] s=0 w=1 len=32 b58=ESzi3jyKV4EW
[2026-04-10 20:11:04] [INFO] [DBG]   k[2] s=1 w=0 len=32 b58=ESzi3jyKV4EW
[2026-04-10 20:11:04] [ERROR] [LocalExec] Error: encoding overruns Uint8Array
[2026-04-10 20:11:04] [ERROR] [LocalExec] Stack: RangeError: encoding overruns Uint8Array
    at Blob.encode (/home/ubuntu/ARB-BOT/node_modules/@solana/buffer-layout/lib/Layout.js:2098:19)
    at Structure.encode (/home/ubuntu/ARB-BOT/node_modules/@solana/buffer-layout/lib/Layout.js:1092:36)
    at MessageV0.serialize (/home/ubuntu/ARB-BOT/node_modules/@solana/web3.js/lib/index.cjs.js:1045:51)
    at VersionedTransaction.sign (/home/ubuntu/ARB-BOT/node_modules/@solana/web3.js/lib/index.cjs.js:2107:38)
    at Executor.executeLocal (/home/ubuntu/ARB-BOT/src/executor.js:1312:21)
    at process.processTicksAndRejections (node:internal/process/task_queues:95:5)
    at async wsCallback (/home/ubuntu/ARB-BOT/src/bot.js:297:44)
[2026-04-10 20:11:43] [INFO] [XDEX] SOL/BONK | spread: 0.0052% | fees: 0.0600% | PROFITABLE | hi: Raydium CLMM (14125586.414236) GtKKKs3yaPdHbQd2aZS4SfWhy8zQ988BJGnKNndLxYsN | lo: Orca (14124852.552824) 5zpyutJu9ee6jFymDGoK7F6S5Kczqtc9FomP3ueKuyA9
[2026-04-10 20:11:43] [WARN] [LocalExec] ⚠️  computeSwap BYPASSED — pipeline test mode | gross local: -235.0726 USD
[2026-04-10 20:11:43] [INFO] 🎯 LOCAL EXEC — SOL/BONK | spread: 0.005% | loan: 40.0 SOL | profit: ~$-235.0726 | buy: Raydium CLMM@GtKKKs3y → sell: Orca@5zpyutJu
[2026-04-10 20:11:43] [INFO] [LocalExec] Jito tip: 50000 lamports (~$0.0043)
[2026-04-10 20:11:43] [INFO] [LocalExec] borrowIxIndex dynamically set to 2
[2026-04-10 20:11:43] [INFO] [DBG] innerIxs.length=10
[2026-04-10 20:11:43] [INFO] [DBG] ix[0] prog=11111111 keys=2 dataLen=12 hex=0200000050c3000000000000
[2026-04-10 20:11:43] [INFO] [DBG]   k[0] s=1 w=1 len=32 b58=ESzi3jyKV4EW
[2026-04-10 20:11:43] [INFO] [DBG]   k[1] s=0 w=1 len=32 b58=HFqU5x63VTqv
[2026-04-10 20:11:43] [INFO] [DBG] ix[1] prog=ATokenGP keys=6 dataLen=1 hex=01
[2026-04-10 20:11:43] [INFO] [DBG]   k[0] s=1 w=1 len=32 b58=ESzi3jyKV4EW
[2026-04-10 20:11:43] [INFO] [DBG]   k[1] s=0 w=1 len=32 b58=DQwQCSZL4Wm9
[2026-04-10 20:11:43] [INFO] [DBG]   k[2] s=0 w=0 len=32 b58=ESzi3jyKV4EW
[2026-04-10 20:11:43] [INFO] [DBG]   k[3] s=0 w=0 len=32 b58=So1111111111
[2026-04-10 20:11:43] [INFO] [DBG]   k[4] s=0 w=0 len=32 b58=111111111111
[2026-04-10 20:11:43] [INFO] [DBG]   k[5] s=0 w=0 len=32 b58=TokenkegQfeZ
[2026-04-10 20:11:43] [INFO] [DBG] ix[2] prog=KLend2g3 keys=12 dataLen=16 hex=87e734a70734d4c100902f5009000000
[2026-04-10 20:11:43] [INFO] [DBG]   k[0] s=1 w=0 len=32 b58=ESzi3jyKV4EW
[2026-04-10 20:11:43] [INFO] [DBG]   k[1] s=0 w=0 len=32 b58=9DrvZvyWh1Hu
[2026-04-10 20:11:43] [INFO] [DBG]   k[2] s=0 w=0 len=32 b58=7u3HeHxYDLhn
[2026-04-10 20:11:43] [INFO] [DBG]   k[3] s=0 w=1 len=32 b58=d4A2prbA2whe
[2026-04-10 20:11:43] [INFO] [DBG]   k[4] s=0 w=0 len=32 b58=So1111111111
[2026-04-10 20:11:43] [INFO] [DBG]   k[5] s=0 w=1 len=32 b58=GafNuUXj9rxG
[2026-04-10 20:11:43] [INFO] [DBG]   k[6] s=0 w=1 len=32 b58=DQwQCSZL4Wm9
[2026-04-10 20:11:43] [INFO] [DBG]   k[7] s=0 w=1 len=32 b58=3JNof8s453bw
[2026-04-10 20:11:43] [INFO] [DBG]   k[8] s=0 w=0 len=32 b58=KLend2g3cP87
[2026-04-10 20:11:43] [INFO] [DBG]   k[9] s=0 w=0 len=32 b58=KLend2g3cP87
[2026-04-10 20:11:43] [INFO] [DBG]   k[10] s=0 w=0 len=32 b58=Sysvar1nstru
[2026-04-10 20:11:43] [INFO] [DBG]   k[11] s=0 w=0 len=32 b58=TokenkegQfeZ
[2026-04-10 20:11:43] [INFO] [DBG] ix[3] prog=ComputeB keys=0 dataLen=5 hex=02c0270900
[2026-04-10 20:11:43] [INFO] [DBG] ix[4] prog=ComputeB keys=0 dataLen=9 hex=030100000000000000
[2026-04-10 20:11:43] [INFO] [DBG] ix[5] prog=ATokenGP keys=6 dataLen=1 hex=01
[2026-04-10 20:11:43] [INFO] [DBG]   k[0] s=1 w=1 len=32 b58=ESzi3jyKV4EW
[2026-04-10 20:11:43] [INFO] [DBG]   k[1] s=0 w=1 len=32 b58=8ChvMvALunCZ
[2026-04-10 20:11:43] [INFO] [DBG]   k[2] s=0 w=0 len=32 b58=ESzi3jyKV4EW
[2026-04-10 20:11:43] [INFO] [DBG]   k[3] s=0 w=0 len=32 b58=DezXAZ8z7Pnr
[2026-04-10 20:11:43] [INFO] [DBG]   k[4] s=0 w=0 len=32 b58=111111111111
[2026-04-10 20:11:43] [INFO] [DBG]   k[5] s=0 w=0 len=32 b58=TokenkegQfeZ
[2026-04-10 20:11:43] [INFO] [DBG] ix[6] prog=CAMMCzo5 keys=12 dataLen=41 hex=f8c69e91e17587c800902f5009000000875c8029a22b0000513b010001000000000000000000000001
[2026-04-10 20:11:43] [INFO] [DBG]   k[0] s=1 w=1 len=32 b58=ESzi3jyKV4EW
[2026-04-10 20:11:43] [INFO] [DBG]   k[1] s=0 w=0 len=32 b58=E64NGkDLLCdQ
[2026-04-10 20:11:43] [INFO] [DBG]   k[2] s=0 w=1 len=32 b58=GtKKKs3yaPdH
[2026-04-10 20:11:43] [INFO] [DBG]   k[3] s=0 w=1 len=32 b58=DQwQCSZL4Wm9
[2026-04-10 20:11:43] [INFO] [DBG]   k[4] s=0 w=1 len=32 b58=8ChvMvALunCZ
[2026-04-10 20:11:43] [INFO] [DBG]   k[5] s=0 w=1 len=32 b58=GDnBvA76ZAJ2
[2026-04-10 20:11:43] [INFO] [DBG]   k[6] s=0 w=1 len=32 b58=2wzaFLYb4JcD
[2026-04-10 20:11:43] [INFO] [DBG]   k[7] s=0 w=1 len=32 b58=Gj8gzDNKmf5y
[2026-04-10 20:11:43] [INFO] [DBG]   k[8] s=0 w=0 len=32 b58=TokenkegQfeZ
[2026-04-10 20:11:43] [INFO] [DBG]   k[9] s=0 w=1 len=32 b58=FohQpHgvyJQH
[2026-04-10 20:11:43] [INFO] [DBG]   k[10] s=0 w=1 len=32 b58=H162txn8gSuX
[2026-04-10 20:11:43] [INFO] [DBG]   k[11] s=0 w=1 len=32 b58=81hDVagG29yQ
[2026-04-10 20:11:43] [INFO] [DBG] ix[7] prog=whirLbMi keys=11 dataLen=42 hex=f8c69e91e17587c8b39f8e4a7b30000000902f5009000000af331ba8327fbb35b1c4feff000000000100
[2026-04-10 20:11:43] [INFO] [DBG]   k[0] s=0 w=0 len=32 b58=TokenkegQfeZ
[2026-04-10 20:11:43] [INFO] [DBG]   k[1] s=1 w=0 len=32 b58=ESzi3jyKV4EW
[2026-04-10 20:11:43] [INFO] [DBG]   k[2] s=0 w=1 len=32 b58=5zpyutJu9ee6
[2026-04-10 20:11:43] [INFO] [DBG]   k[3] s=0 w=1 len=32 b58=DQwQCSZL4Wm9
[2026-04-10 20:11:43] [INFO] [DBG]   k[4] s=0 w=1 len=32 b58=ES7yhSrYeFo4
[2026-04-10 20:11:43] [INFO] [DBG]   k[5] s=0 w=1 len=32 b58=8ChvMvALunCZ
[2026-04-10 20:11:43] [INFO] [DBG]   k[6] s=0 w=1 len=32 b58=4dmvFGeQH2eq
[2026-04-10 20:11:43] [INFO] [DBG]   k[7] s=0 w=1 len=32 b58=EJRTQoUhFocF
[2026-04-10 20:11:43] [INFO] [DBG]   k[8] s=0 w=1 len=32 b58=GqjT3UE9p9t2
[2026-04-10 20:11:43] [INFO] [DBG]   k[9] s=0 w=1 len=32 b58=AKZj2vZ2UxQa
[2026-04-10 20:11:43] [INFO] [DBG]   k[10] s=0 w=0 len=32 b58=EXpqcVuTTPEm
[2026-04-10 20:11:43] [INFO] [DBG] ix[8] prog=KLend2g3 keys=12 dataLen=17 hex=b97500cb60f5b4ba00902f500900000002
[2026-04-10 20:11:43] [INFO] [DBG]   k[0] s=1 w=0 len=32 b58=ESzi3jyKV4EW
[2026-04-10 20:11:43] [INFO] [DBG]   k[1] s=0 w=0 len=32 b58=9DrvZvyWh1Hu
[2026-04-10 20:11:43] [INFO] [DBG]   k[2] s=0 w=0 len=32 b58=7u3HeHxYDLhn
[2026-04-10 20:11:43] [INFO] [DBG]   k[3] s=0 w=1 len=32 b58=d4A2prbA2whe
[2026-04-10 20:11:43] [INFO] [DBG]   k[4] s=0 w=0 len=32 b58=So1111111111
[2026-04-10 20:11:43] [INFO] [DBG]   k[5] s=0 w=1 len=32 b58=GafNuUXj9rxG
[2026-04-10 20:11:43] [INFO] [DBG]   k[6] s=0 w=1 len=32 b58=DQwQCSZL4Wm9
[2026-04-10 20:11:43] [INFO] [DBG]   k[7] s=0 w=1 len=32 b58=3JNof8s453bw
[2026-04-10 20:11:43] [INFO] [DBG]   k[8] s=0 w=0 len=32 b58=KLend2g3cP87
[2026-04-10 20:11:43] [INFO] [DBG]   k[9] s=0 w=0 len=32 b58=KLend2g3cP87
[2026-04-10 20:11:43] [INFO] [DBG]   k[10] s=0 w=0 len=32 b58=Sysvar1nstru
[2026-04-10 20:11:43] [INFO] [DBG]   k[11] s=0 w=0 len=32 b58=TokenkegQfeZ
[2026-04-10 20:11:43] [INFO] [DBG] ix[9] prog=Tokenkeg keys=3 dataLen=1 hex=09
[2026-04-10 20:11:43] [INFO] [DBG]   k[0] s=0 w=1 len=32 b58=DQwQCSZL4Wm9
[2026-04-10 20:11:43] [INFO] [DBG]   k[1] s=0 w=1 len=32 b58=ESzi3jyKV4EW
[2026-04-10 20:11:43] [INFO] [DBG]   k[2] s=1 w=0 len=32 b58=ESzi3jyKV4EW
[2026-04-10 20:11:44] [ERROR] [LocalExec] Error: encoding overruns Uint8Array
[2026-04-10 20:11:44] [ERROR] [LocalExec] Stack: RangeError: encoding overruns Uint8Array
    at Blob.encode (/home/ubuntu/ARB-BOT/node_modules/@solana/buffer-layout/lib/Layout.js:2098:19)
    at Structure.encode (/home/ubuntu/ARB-BOT/node_modules/@solana/buffer-layout/lib/Layout.js:1092:36)
    at MessageV0.serialize (/home/ubuntu/ARB-BOT/node_modules/@solana/web3.js/lib/index.cjs.js:1045:51)
    at VersionedTransaction.sign (/home/ubuntu/ARB-BOT/node_modules/@solana/web3.js/lib/index.cjs.js:2107:38)
    at Executor.executeLocal (/home/ubuntu/ARB-BOT/src/executor.js:1312:21)
    at process.processTicksAndRejections (node:internal/process/task_queues:95:5)
    at async wsCallback (/home/ubuntu/ARB-BOT/src/bot.js:297:44)
[2026-04-10 20:11:44] [WARN] [LocalExec] ⚠️  computeSwap BYPASSED — pipeline test mode | gross local: -61.2992 USD
[2026-04-10 20:11:44] [INFO] 🎯 LOCAL EXEC — SOL/BONK | spread: 0.005% | loan: 20.0 SOL | profit: ~$-61.2992 | buy: Raydium CLMM@GtKKKs3y → sell: Orca@5zpyutJu
[2026-04-10 20:11:44] [INFO] [LocalExec] Jito tip: 50000 lamports (~$0.0043)
[2026-04-10 20:11:44] [INFO] [LocalExec] borrowIxIndex dynamically set to 2
[2026-04-10 20:11:44] [INFO] [DBG] innerIxs.length=10
[2026-04-10 20:11:44] [INFO] [DBG] ix[0] prog=11111111 keys=2 dataLen=12 hex=0200000050c3000000000000
[2026-04-10 20:11:44] [INFO] [DBG]   k[0] s=1 w=1 len=32 b58=ESzi3jyKV4EW
[2026-04-10 20:11:44] [INFO] [DBG]   k[1] s=0 w=1 len=32 b58=HFqU5x63VTqv
[2026-04-10 20:11:44] [INFO] [DBG] ix[1] prog=ATokenGP keys=6 dataLen=1 hex=01
[2026-04-10 20:11:44] [INFO] [DBG]   k[0] s=1 w=1 len=32 b58=ESzi3jyKV4EW
[2026-04-10 20:11:44] [INFO] [DBG]   k[1] s=0 w=1 len=32 b58=DQwQCSZL4Wm9
[2026-04-10 20:11:44] [INFO] [DBG]   k[2] s=0 w=0 len=32 b58=ESzi3jyKV4EW
[2026-04-10 20:11:44] [INFO] [DBG]   k[3] s=0 w=0 len=32 b58=So1111111111
[2026-04-10 20:11:44] [INFO] [DBG]   k[4] s=0 w=0 len=32 b58=111111111111
[2026-04-10 20:11:44] [INFO] [DBG]   k[5] s=0 w=0 len=32 b58=TokenkegQfeZ
[2026-04-10 20:11:44] [INFO] [DBG] ix[2] prog=KLend2g3 keys=12 dataLen=16 hex=87e734a70734d4c100c817a804000000
[2026-04-10 20:11:44] [INFO] [DBG]   k[0] s=1 w=0 len=32 b58=ESzi3jyKV4EW
[2026-04-10 20:11:44] [INFO] [DBG]   k[1] s=0 w=0 len=32 b58=9DrvZvyWh1Hu
[2026-04-10 20:11:44] [INFO] [DBG]   k[2] s=0 w=0 len=32 b58=7u3HeHxYDLhn
[2026-04-10 20:11:44] [INFO] [DBG]   k[3] s=0 w=1 len=32 b58=d4A2prbA2whe
[2026-04-10 20:11:44] [INFO] [DBG]   k[4] s=0 w=0 len=32 b58=So1111111111
[2026-04-10 20:11:44] [INFO] [DBG]   k[5] s=0 w=1 len=32 b58=GafNuUXj9rxG
[2026-04-10 20:11:44] [INFO] [DBG]   k[6] s=0 w=1 len=32 b58=DQwQCSZL4Wm9
[2026-04-10 20:11:44] [INFO] [DBG]   k[7] s=0 w=1 len=32 b58=3JNof8s453bw
[2026-04-10 20:11:44] [INFO] [DBG]   k[8] s=0 w=0 len=32 b58=KLend2g3cP87
[2026-04-10 20:11:44] [INFO] [DBG]   k[9] s=0 w=0 len=32 b58=KLend2g3cP87
[2026-04-10 20:11:44] [INFO] [DBG]   k[10] s=0 w=0 len=32 b58=Sysvar1nstru
[2026-04-10 20:11:44] [INFO] [DBG]   k[11] s=0 w=0 len=32 b58=TokenkegQfeZ
[2026-04-10 20:11:44] [INFO] [DBG] ix[3] prog=ComputeB keys=0 dataLen=5 hex=02c0270900
[2026-04-10 20:11:44] [INFO] [DBG] ix[4] prog=ComputeB keys=0 dataLen=9 hex=030100000000000000
[2026-04-10 20:11:44] [INFO] [DBG] ix[5] prog=ATokenGP keys=6 dataLen=1 hex=01
[2026-04-10 20:11:44] [INFO] [DBG]   k[0] s=1 w=1 len=32 b58=ESzi3jyKV4EW
[2026-04-10 20:11:44] [INFO] [DBG]   k[1] s=0 w=1 len=32 b58=8ChvMvALunCZ
[2026-04-10 20:11:44] [INFO] [DBG]   k[2] s=0 w=0 len=32 b58=ESzi3jyKV4EW
[2026-04-10 20:11:44] [INFO] [DBG]   k[3] s=0 w=0 len=32 b58=DezXAZ8z7Pnr
[2026-04-10 20:11:44] [INFO] [DBG]   k[4] s=0 w=0 len=32 b58=111111111111
[2026-04-10 20:11:44] [INFO] [DBG]   k[5] s=0 w=0 len=32 b58=TokenkegQfeZ
[2026-04-10 20:11:44] [INFO] [DBG] ix[6] prog=CAMMCzo5 keys=12 dataLen=41 hex=f8c69e91e17587c800c817a804000000d38fbf5e73160000513b010001000000000000000000000001
[2026-04-10 20:11:44] [INFO] [DBG]   k[0] s=1 w=1 len=32 b58=ESzi3jyKV4EW
[2026-04-10 20:11:44] [INFO] [DBG]   k[1] s=0 w=0 len=32 b58=E64NGkDLLCdQ
[2026-04-10 20:11:44] [INFO] [DBG]   k[2] s=0 w=1 len=32 b58=GtKKKs3yaPdH
[2026-04-10 20:11:44] [INFO] [DBG]   k[3] s=0 w=1 len=32 b58=DQwQCSZL4Wm9
[2026-04-10 20:11:44] [INFO] [DBG]   k[4] s=0 w=1 len=32 b58=8ChvMvALunCZ
[2026-04-10 20:11:44] [INFO] [DBG]   k[5] s=0 w=1 len=32 b58=GDnBvA76ZAJ2
[2026-04-10 20:11:44] [INFO] [DBG]   k[6] s=0 w=1 len=32 b58=2wzaFLYb4JcD
[2026-04-10 20:11:44] [INFO] [DBG]   k[7] s=0 w=1 len=32 b58=Gj8gzDNKmf5y
[2026-04-10 20:11:44] [INFO] [DBG]   k[8] s=0 w=0 len=32 b58=TokenkegQfeZ
[2026-04-10 20:11:44] [INFO] [DBG]   k[9] s=0 w=1 len=32 b58=FohQpHgvyJQH
[2026-04-10 20:11:44] [INFO] [DBG]   k[10] s=0 w=1 len=32 b58=H162txn8gSuX
[2026-04-10 20:11:44] [INFO] [DBG]   k[11] s=0 w=1 len=32 b58=81hDVagG29yQ
[2026-04-10 20:11:44] [INFO] [DBG] ix[7] prog=whirLbMi keys=11 dataLen=42 hex=f8c69e91e17587c85d837ff7f118000000c817a804000000af331ba8327fbb35b1c4feff000000000100
[2026-04-10 20:11:44] [INFO] [DBG]   k[0] s=0 w=0 len=32 b58=TokenkegQfeZ
[2026-04-10 20:11:44] [INFO] [DBG]   k[1] s=1 w=0 len=32 b58=ESzi3jyKV4EW
[2026-04-10 20:11:44] [INFO] [DBG]   k[2] s=0 w=1 len=32 b58=5zpyutJu9ee6
[2026-04-10 20:11:44] [INFO] [DBG]   k[3] s=0 w=1 len=32 b58=DQwQCSZL4Wm9
[2026-04-10 20:11:44] [INFO] [DBG]   k[4] s=0 w=1 len=32 b58=ES7yhSrYeFo4
[2026-04-10 20:11:44] [INFO] [DBG]   k[5] s=0 w=1 len=32 b58=8ChvMvALunCZ
[2026-04-10 20:11:44] [INFO] [DBG]   k[6] s=0 w=1 len=32 b58=4dmvFGeQH2eq
[2026-04-10 20:11:44] [INFO] [DBG]   k[7] s=0 w=1 len=32 b58=EJRTQoUhFocF
[2026-04-10 20:11:44] [INFO] [DBG]   k[8] s=0 w=1 len=32 b58=GqjT3UE9p9t2
[2026-04-10 20:11:44] [INFO] [DBG]   k[9] s=0 w=1 len=32 b58=AKZj2vZ2UxQa
[2026-04-10 20:11:44] [INFO] [DBG]   k[10] s=0 w=0 len=32 b58=EXpqcVuTTPEm
[2026-04-10 20:11:44] [INFO] [DBG] ix[8] prog=KLend2g3 keys=12 dataLen=17 hex=b97500cb60f5b4ba00c817a80400000002
[2026-04-10 20:11:44] [INFO] [DBG]   k[0] s=1 w=0 len=32 b58=ESzi3jyKV4EW
[2026-04-10 20:11:44] [INFO] [DBG]   k[1] s=0 w=0 len=32 b58=9DrvZvyWh1Hu
[2026-04-10 20:11:44] [INFO] [DBG]   k[2] s=0 w=0 len=32 b58=7u3HeHxYDLhn
[2026-04-10 20:11:44] [INFO] [DBG]   k[3] s=0 w=1 len=32 b58=d4A2prbA2whe
[2026-04-10 20:11:44] [INFO] [DBG]   k[4] s=0 w=0 len=32 b58=So1111111111
[2026-04-10 20:11:44] [INFO] [DBG]   k[5] s=0 w=1 len=32 b58=GafNuUXj9rxG
[2026-04-10 20:11:44] [INFO] [DBG]   k[6] s=0 w=1 len=32 b58=DQwQCSZL4Wm9
[2026-04-10 20:11:44] [INFO] [DBG]   k[7] s=0 w=1 len=32 b58=3JNof8s453bw
[2026-04-10 20:11:44] [INFO] [DBG]   k[8] s=0 w=0 len=32 b58=KLend2g3cP87
[2026-04-10 20:11:44] [INFO] [DBG]   k[9] s=0 w=0 len=32 b58=KLend2g3cP87
[2026-04-10 20:11:44] [INFO] [DBG]   k[10] s=0 w=0 len=32 b58=Sysvar1nstru
[2026-04-10 20:11:44] [INFO] [DBG]   k[11] s=0 w=0 len=32 b58=TokenkegQfeZ
[2026-04-10 20:11:44] [INFO] [DBG] ix[9] prog=Tokenkeg keys=3 dataLen=1 hex=09
[2026-04-10 20:11:44] [INFO] [DBG]   k[0] s=0 w=1 len=32 b58=DQwQCSZL4Wm9
[2026-04-10 20:11:44] [INFO] [DBG]   k[1] s=0 w=1 len=32 b58=ESzi3jyKV4EW
[2026-04-10 20:11:44] [INFO] [DBG]   k[2] s=1 w=0 len=32 b58=ESzi3jyKV4EW
[2026-04-10 20:11:44] [ERROR] [LocalExec] Error: encoding overruns Uint8Array
[2026-04-10 20:11:44] [ERROR] [LocalExec] Stack: RangeError: encoding overruns Uint8Array
    at Blob.encode (/home/ubuntu/ARB-BOT/node_modules/@solana/buffer-layout/lib/Layout.js:2098:19)
    at Structure.encode (/home/ubuntu/ARB-BOT/node_modules/@solana/buffer-layout/lib/Layout.js:1092:36)
    at MessageV0.serialize (/home/ubuntu/ARB-BOT/node_modules/@solana/web3.js/lib/index.cjs.js:1045:51)
    at VersionedTransaction.sign (/home/ubuntu/ARB-BOT/node_modules/@solana/web3.js/lib/index.cjs.js:2107:38)
    at Executor.executeLocal (/home/ubuntu/ARB-BOT/src/executor.js:1312:21)
    at process.processTicksAndRejections (node:internal/process/task_queues:95:5)
    at async wsCallback (/home/ubuntu/ARB-BOT/src/bot.js:297:44)
[2026-04-10 20:11:44] [WARN] [LocalExec] ⚠️  computeSwap BYPASSED — pipeline test mode | gross local: -15.8305 USD
[2026-04-10 20:11:44] [INFO] 🎯 LOCAL EXEC — SOL/BONK | spread: 0.005% | loan: 10.0 SOL | profit: ~$-15.8305 | buy: Raydium CLMM@GtKKKs3y → sell: Orca@5zpyutJu
[2026-04-10 20:11:44] [INFO] [LocalExec] Jito tip: 50000 lamports (~$0.0043)
[2026-04-10 20:11:44] [INFO] [LocalExec] borrowIxIndex dynamically set to 2
[2026-04-10 20:11:44] [INFO] [DBG] innerIxs.length=10
[2026-04-10 20:11:44] [INFO] [DBG] ix[0] prog=11111111 keys=2 dataLen=12 hex=0200000050c3000000000000
[2026-04-10 20:11:44] [INFO] [DBG]   k[0] s=1 w=1 len=32 b58=ESzi3jyKV4EW
[2026-04-10 20:11:44] [INFO] [DBG]   k[1] s=0 w=1 len=32 b58=ADuUkR4vqLUM
[2026-04-10 20:11:44] [INFO] [DBG] ix[1] prog=ATokenGP keys=6 dataLen=1 hex=01
[2026-04-10 20:11:44] [INFO] [DBG]   k[0] s=1 w=1 len=32 b58=ESzi3jyKV4EW
[2026-04-10 20:11:44] [INFO] [DBG]   k[1] s=0 w=1 len=32 b58=DQwQCSZL4Wm9
[2026-04-10 20:11:44] [INFO] [DBG]   k[2] s=0 w=0 len=32 b58=ESzi3jyKV4EW
[2026-04-10 20:11:44] [INFO] [DBG]   k[3] s=0 w=0 len=32 b58=So1111111111
[2026-04-10 20:11:44] [INFO] [DBG]   k[4] s=0 w=0 len=32 b58=111111111111
[2026-04-10 20:11:44] [INFO] [DBG]   k[5] s=0 w=0 len=32 b58=TokenkegQfeZ
[2026-04-10 20:11:44] [INFO] [DBG] ix[2] prog=KLend2g3 keys=12 dataLen=16 hex=87e734a70734d4c100e40b5402000000
[2026-04-10 20:11:44] [INFO] [DBG]   k[0] s=1 w=0 len=32 b58=ESzi3jyKV4EW
[2026-04-10 20:11:44] [INFO] [DBG]   k[1] s=0 w=0 len=32 b58=9DrvZvyWh1Hu
[2026-04-10 20:11:44] [INFO] [DBG]   k[2] s=0 w=0 len=32 b58=7u3HeHxYDLhn
[2026-04-10 20:11:44] [INFO] [DBG]   k[3] s=0 w=1 len=32 b58=d4A2prbA2whe
[2026-04-10 20:11:44] [INFO] [DBG]   k[4] s=0 w=0 len=32 b58=So1111111111
[2026-04-10 20:11:44] [INFO] [DBG]   k[5] s=0 w=1 len=32 b58=GafNuUXj9rxG
[2026-04-10 20:11:44] [INFO] [DBG]   k[6] s=0 w=1 len=32 b58=DQwQCSZL4Wm9
[2026-04-10 20:11:44] [INFO] [DBG]   k[7] s=0 w=1 len=32 b58=3JNof8s453bw
[2026-04-10 20:11:44] [INFO] [DBG]   k[8] s=0 w=0 len=32 b58=KLend2g3cP87
[2026-04-10 20:11:44] [INFO] [DBG]   k[9] s=0 w=0 len=32 b58=KLend2g3cP87
[2026-04-10 20:11:44] [INFO] [DBG]   k[10] s=0 w=0 len=32 b58=Sysvar1nstru
[2026-04-10 20:11:44] [INFO] [DBG]   k[11] s=0 w=0 len=32 b58=TokenkegQfeZ
[2026-04-10 20:11:44] [INFO] [DBG] ix[3] prog=ComputeB keys=0 dataLen=5 hex=02c0270900
[2026-04-10 20:11:44] [INFO] [DBG] ix[4] prog=ComputeB keys=0 dataLen=9 hex=030100000000000000
[2026-04-10 20:11:44] [INFO] [DBG] ix[5] prog=ATokenGP keys=6 dataLen=1 hex=01
[2026-04-10 20:11:44] [INFO] [DBG]   k[0] s=1 w=1 len=32 b58=ESzi3jyKV4EW
[2026-04-10 20:11:44] [INFO] [DBG]   k[1] s=0 w=1 len=32 b58=8ChvMvALunCZ
[2026-04-10 20:11:44] [INFO] [DBG]   k[2] s=0 w=0 len=32 b58=ESzi3jyKV4EW
[2026-04-10 20:11:44] [INFO] [DBG]   k[3] s=0 w=0 len=32 b58=DezXAZ8z7Pnr
[2026-04-10 20:11:44] [INFO] [DBG]   k[4] s=0 w=0 len=32 b58=111111111111
[2026-04-10 20:11:44] [INFO] [DBG]   k[5] s=0 w=0 len=32 b58=TokenkegQfeZ
[2026-04-10 20:11:44] [INFO] [DBG] ix[6] prog=CAMMCzo5 keys=12 dataLen=41 hex=f8c69e91e17587c800e40b5402000000150a420d640b0000513b010001000000000000000000000001
[2026-04-10 20:11:44] [INFO] [DBG]   k[0] s=1 w=1 len=32 b58=ESzi3jyKV4EW
[2026-04-10 20:11:44] [INFO] [DBG]   k[1] s=0 w=0 len=32 b58=E64NGkDLLCdQ
[2026-04-10 20:11:44] [INFO] [DBG]   k[2] s=0 w=1 len=32 b58=GtKKKs3yaPdH
[2026-04-10 20:11:44] [INFO] [DBG]   k[3] s=0 w=1 len=32 b58=DQwQCSZL4Wm9
[2026-04-10 20:11:44] [INFO] [DBG]   k[4] s=0 w=1 len=32 b58=8ChvMvALunCZ
[2026-04-10 20:11:44] [INFO] [DBG]   k[5] s=0 w=1 len=32 b58=GDnBvA76ZAJ2
[2026-04-10 20:11:44] [INFO] [DBG]   k[6] s=0 w=1 len=32 b58=2wzaFLYb4JcD
[2026-04-10 20:11:44] [INFO] [DBG]   k[7] s=0 w=1 len=32 b58=Gj8gzDNKmf5y
[2026-04-10 20:11:44] [INFO] [DBG]   k[8] s=0 w=0 len=32 b58=TokenkegQfeZ
[2026-04-10 20:11:44] [INFO] [DBG]   k[9] s=0 w=1 len=32 b58=FohQpHgvyJQH
[2026-04-10 20:11:44] [INFO] [DBG]   k[10] s=0 w=1 len=32 b58=H162txn8gSuX
[2026-04-10 20:11:44] [INFO] [DBG]   k[11] s=0 w=1 len=32 b58=81hDVagG29yQ
[2026-04-10 20:11:44] [INFO] [DBG] ix[7] prog=whirLbMi keys=11 dataLen=42 hex=f8c69e91e17587c8a627bb0ea80c000000e40b5402000000af331ba8327fbb35b1c4feff000000000100
[2026-04-10 20:11:44] [INFO] [DBG]   k[0] s=0 w=0 len=32 b58=TokenkegQfeZ
[2026-04-10 20:11:44] [INFO] [DBG]   k[1] s=1 w=0 len=32 b58=ESzi3jyKV4EW
[2026-04-10 20:11:44] [INFO] [DBG]   k[2] s=0 w=1 len=32 b58=5zpyutJu9ee6
[2026-04-10 20:11:44] [INFO] [DBG]   k[3] s=0 w=1 len=32 b58=DQwQCSZL4Wm9
[2026-04-10 20:11:44] [INFO] [DBG]   k[4] s=0 w=1 len=32 b58=ES7yhSrYeFo4
[2026-04-10 20:11:44] [INFO] [DBG]   k[5] s=0 w=1 len=32 b58=8ChvMvALunCZ
[2026-04-10 20:11:44] [INFO] [DBG]   k[6] s=0 w=1 len=32 b58=4dmvFGeQH2eq
[2026-04-10 20:11:44] [INFO] [DBG]   k[7] s=0 w=1 len=32 b58=EJRTQoUhFocF
[2026-04-10 20:11:44] [INFO] [DBG]   k[8] s=0 w=1 len=32 b58=GqjT3UE9p9t2
[2026-04-10 20:11:44] [INFO] [DBG]   k[9] s=0 w=1 len=32 b58=AKZj2vZ2UxQa
[2026-04-10 20:11:44] [INFO] [DBG]   k[10] s=0 w=0 len=32 b58=EXpqcVuTTPEm
[2026-04-10 20:11:44] [INFO] [DBG] ix[8] prog=KLend2g3 keys=12 dataLen=17 hex=b97500cb60f5b4ba00e40b540200000002
[2026-04-10 20:11:44] [INFO] [DBG]   k[0] s=1 w=0 len=32 b58=ESzi3jyKV4EW
[2026-04-10 20:11:44] [INFO] [DBG]   k[1] s=0 w=0 len=32 b58=9DrvZvyWh1Hu
[2026-04-10 20:11:44] [INFO] [DBG]   k[2] s=0 w=0 len=32 b58=7u3HeHxYDLhn
[2026-04-10 20:11:44] [INFO] [DBG]   k[3] s=0 w=1 len=32 b58=d4A2prbA2whe
[2026-04-10 20:11:44] [INFO] [DBG]   k[4] s=0 w=0 len=32 b58=So1111111111
[2026-04-10 20:11:44] [INFO] [DBG]   k[5] s=0 w=1 len=32 b58=GafNuUXj9rxG
[2026-04-10 20:11:44] [INFO] [DBG]   k[6] s=0 w=1 len=32 b58=DQwQCSZL4Wm9
[2026-04-10 20:11:44] [INFO] [DBG]   k[7] s=0 w=1 len=32 b58=3JNof8s453bw
[2026-04-10 20:11:44] [INFO] [DBG]   k[8] s=0 w=0 len=32 b58=KLend2g3cP87
[2026-04-10 20:11:44] [INFO] [DBG]   k[9] s=0 w=0 len=32 b58=KLend2g3cP87
[2026-04-10 20:11:44] [INFO] [DBG]   k[10] s=0 w=0 len=32 b58=Sysvar1nstru
[2026-04-10 20:11:44] [INFO] [DBG]   k[11] s=0 w=0 len=32 b58=TokenkegQfeZ
[2026-04-10 20:11:44] [INFO] [DBG] ix[9] prog=Tokenkeg keys=3 dataLen=1 hex=09
[2026-04-10 20:11:44] [INFO] [DBG]   k[0] s=0 w=1 len=32 b58=DQwQCSZL4Wm9
[2026-04-10 20:11:44] [INFO] [DBG]   k[1] s=0 w=1 len=32 b58=ESzi3jyKV4EW
[2026-04-10 20:11:44] [INFO] [DBG]   k[2] s=1 w=0 len=32 b58=ESzi3jyKV4EW
[2026-04-10 20:11:44] [ERROR] [LocalExec] Error: encoding overruns Uint8Array
[2026-04-10 20:11:44] [ERROR] [LocalExec] Stack: RangeError: encoding overruns Uint8Array
    at Blob.encode (/home/ubuntu/ARB-BOT/node_modules/@solana/buffer-layout/lib/Layout.js:2098:19)
    at Structure.encode (/home/ubuntu/ARB-BOT/node_modules/@solana/buffer-layout/lib/Layout.js:1092:36)
    at MessageV0.serialize (/home/ubuntu/ARB-BOT/node_modules/@solana/web3.js/lib/index.cjs.js:1045:51)
    at VersionedTransaction.sign (/home/ubuntu/ARB-BOT/node_modules/@solana/web3.js/lib/index.cjs.js:2107:38)
    at Executor.executeLocal (/home/ubuntu/ARB-BOT/src/executor.js:1312:21)
    at process.processTicksAndRejections (node:internal/process/task_queues:95:5)
    at async wsCallback (/home/ubuntu/ARB-BOT/src/bot.js:297:44)
[2026-04-10 20:11:44] [WARN] [LocalExec] ⚠️  computeSwap BYPASSED — pipeline test mode | gross local: -2.6723 USD
[2026-04-10 20:11:44] [INFO] 🎯 LOCAL EXEC — SOL/BONK | spread: 0.005% | loan: 4.0 SOL | profit: ~$-2.6723 | buy: Raydium CLMM@GtKKKs3y → sell: Orca@5zpyutJu
[2026-04-10 20:11:44] [INFO] [LocalExec] Jito tip: 50000 lamports (~$0.0043)
[2026-04-10 20:11:44] [INFO] [LocalExec] borrowIxIndex dynamically set to 2
[2026-04-10 20:11:44] [INFO] [DBG] innerIxs.length=10
[2026-04-10 20:11:44] [INFO] [DBG] ix[0] prog=11111111 keys=2 dataLen=12 hex=0200000050c3000000000000
[2026-04-10 20:11:44] [INFO] [DBG]   k[0] s=1 w=1 len=32 b58=ESzi3jyKV4EW
[2026-04-10 20:11:44] [INFO] [DBG]   k[1] s=0 w=1 len=32 b58=DfXygSm4jCyN
[2026-04-10 20:11:44] [INFO] [DBG] ix[1] prog=ATokenGP keys=6 dataLen=1 hex=01
[2026-04-10 20:11:44] [INFO] [DBG]   k[0] s=1 w=1 len=32 b58=ESzi3jyKV4EW
[2026-04-10 20:11:44] [INFO] [DBG]   k[1] s=0 w=1 len=32 b58=DQwQCSZL4Wm9
[2026-04-10 20:11:44] [INFO] [DBG]   k[2] s=0 w=0 len=32 b58=ESzi3jyKV4EW
[2026-04-10 20:11:44] [INFO] [DBG]   k[3] s=0 w=0 len=32 b58=So1111111111
[2026-04-10 20:11:44] [INFO] [DBG]   k[4] s=0 w=0 len=32 b58=111111111111
[2026-04-10 20:11:44] [INFO] [DBG]   k[5] s=0 w=0 len=32 b58=TokenkegQfeZ
[2026-04-10 20:11:44] [INFO] [DBG] ix[2] prog=KLend2g3 keys=12 dataLen=16 hex=87e734a70734d4c100286bee00000000
[2026-04-10 20:11:44] [INFO] [DBG]   k[0] s=1 w=0 len=32 b58=ESzi3jyKV4EW
[2026-04-10 20:11:44] [INFO] [DBG]   k[1] s=0 w=0 len=32 b58=9DrvZvyWh1Hu
[2026-04-10 20:11:44] [INFO] [DBG]   k[2] s=0 w=0 len=32 b58=7u3HeHxYDLhn
[2026-04-10 20:11:44] [INFO] [DBG]   k[3] s=0 w=1 len=32 b58=d4A2prbA2whe
[2026-04-10 20:11:44] [INFO] [DBG]   k[4] s=0 w=0 len=32 b58=So1111111111
[2026-04-10 20:11:44] [INFO] [DBG]   k[5] s=0 w=1 len=32 b58=GafNuUXj9rxG
[2026-04-10 20:11:44] [INFO] [DBG]   k[6] s=0 w=1 len=32 b58=DQwQCSZL4Wm9
[2026-04-10 20:11:44] [INFO] [DBG]   k[7] s=0 w=1 len=32 b58=3JNof8s453bw
[2026-04-10 20:11:44] [INFO] [DBG]   k[8] s=0 w=0 len=32 b58=KLend2g3cP87
[2026-04-10 20:11:44] [INFO] [DBG]   k[9] s=0 w=0 len=32 b58=KLend2g3cP87
[2026-04-10 20:11:44] [INFO] [DBG]   k[10] s=0 w=0 len=32 b58=Sysvar1nstru
[2026-04-10 20:11:44] [INFO] [DBG]   k[11] s=0 w=0 len=32 b58=TokenkegQfeZ
[2026-04-10 20:11:44] [INFO] [DBG] ix[3] prog=ComputeB keys=0 dataLen=5 hex=02c0270900
[2026-04-10 20:11:44] [INFO] [DBG] ix[4] prog=ComputeB keys=0 dataLen=9 hex=030100000000000000
[2026-04-10 20:11:44] [INFO] [DBG] ix[5] prog=ATokenGP keys=6 dataLen=1 hex=01
[2026-04-10 20:11:44] [INFO] [DBG]   k[0] s=1 w=1 len=32 b58=ESzi3jyKV4EW
[2026-04-10 20:11:44] [INFO] [DBG]   k[1] s=0 w=1 len=32 b58=8ChvMvALunCZ
[2026-04-10 20:11:44] [INFO] [DBG]   k[2] s=0 w=0 len=32 b58=ESzi3jyKV4EW
[2026-04-10 20:11:44] [INFO] [DBG]   k[3] s=0 w=0 len=32 b58=DezXAZ8z7Pnr
[2026-04-10 20:11:44] [INFO] [DBG]   k[4] s=0 w=0 len=32 b58=111111111111
[2026-04-10 20:11:44] [INFO] [DBG]   k[5] s=0 w=0 len=32 b58=TokenkegQfeZ
[2026-04-10 20:11:44] [INFO] [DBG] ix[6] prog=CAMMCzo5 keys=12 dataLen=41 hex=f8c69e91e17587c800286bee00000000264caad498040000513b010001000000000000000000000001
[2026-04-10 20:11:44] [INFO] [DBG]   k[0] s=1 w=1 len=32 b58=ESzi3jyKV4EW
[2026-04-10 20:11:44] [INFO] [DBG]   k[1] s=0 w=0 len=32 b58=E64NGkDLLCdQ
[2026-04-10 20:11:44] [INFO] [DBG]   k[2] s=0 w=1 len=32 b58=GtKKKs3yaPdH
[2026-04-10 20:11:44] [INFO] [DBG]   k[3] s=0 w=1 len=32 b58=DQwQCSZL4Wm9
[2026-04-10 20:11:44] [INFO] [DBG]   k[4] s=0 w=1 len=32 b58=8ChvMvALunCZ
[2026-04-10 20:11:44] [INFO] [DBG]   k[5] s=0 w=1 len=32 b58=GDnBvA76ZAJ2
[2026-04-10 20:11:44] [INFO] [DBG]   k[6] s=0 w=1 len=32 b58=2wzaFLYb4JcD
[2026-04-10 20:11:44] [INFO] [DBG]   k[7] s=0 w=1 len=32 b58=Gj8gzDNKmf5y
[2026-04-10 20:11:44] [INFO] [DBG]   k[8] s=0 w=0 len=32 b58=TokenkegQfeZ
[2026-04-10 20:11:44] [INFO] [DBG]   k[9] s=0 w=1 len=32 b58=FohQpHgvyJQH
[2026-04-10 20:11:44] [INFO] [DBG]   k[10] s=0 w=1 len=32 b58=H162txn8gSuX
[2026-04-10 20:11:44] [INFO] [DBG]   k[11] s=0 w=1 len=32 b58=81hDVagG29yQ
[2026-04-10 20:11:44] [INFO] [DBG] ix[7] prog=whirLbMi keys=11 dataLen=42 hex=f8c69e91e17587c8b91bf6961b05000000286bee00000000af331ba8327fbb35b1c4feff000000000100
[2026-04-10 20:11:44] [INFO] [DBG]   k[0] s=0 w=0 len=32 b58=TokenkegQfeZ
[2026-04-10 20:11:44] [INFO] [DBG]   k[1] s=1 w=0 len=32 b58=ESzi3jyKV4EW
[2026-04-10 20:11:44] [INFO] [DBG]   k[2] s=0 w=1 len=32 b58=5zpyutJu9ee6
[2026-04-10 20:11:44] [INFO] [DBG]   k[3] s=0 w=1 len=32 b58=DQwQCSZL4Wm9
[2026-04-10 20:11:44] [INFO] [DBG]   k[4] s=0 w=1 len=32 b58=ES7yhSrYeFo4
[2026-04-10 20:11:44] [INFO] [DBG]   k[5] s=0 w=1 len=32 b58=8ChvMvALunCZ
[2026-04-10 20:11:44] [INFO] [DBG]   k[6] s=0 w=1 len=32 b58=4dmvFGeQH2eq
[2026-04-10 20:11:44] [INFO] [DBG]   k[7] s=0 w=1 len=32 b58=EJRTQoUhFocF
[2026-04-10 20:11:44] [INFO] [DBG]   k[8] s=0 w=1 len=32 b58=GqjT3UE9p9t2
[2026-04-10 20:11:44] [INFO] [DBG]   k[9] s=0 w=1 len=32 b58=AKZj2vZ2UxQa
[2026-04-10 20:11:44] [INFO] [DBG]   k[10] s=0 w=0 len=32 b58=EXpqcVuTTPEm
[2026-04-10 20:11:44] [INFO] [DBG] ix[8] prog=KLend2g3 keys=12 dataLen=17 hex=b97500cb60f5b4ba00286bee0000000002
[2026-04-10 20:11:44] [INFO] [DBG]   k[0] s=1 w=0 len=32 b58=ESzi3jyKV4EW
[2026-04-10 20:11:44] [INFO] [DBG]   k[1] s=0 w=0 len=32 b58=9DrvZvyWh1Hu
[2026-04-10 20:11:44] [INFO] [DBG]   k[2] s=0 w=0 len=32 b58=7u3HeHxYDLhn
[2026-04-10 20:11:44] [INFO] [DBG]   k[3] s=0 w=1 len=32 b58=d4A2prbA2whe
[2026-04-10 20:11:44] [INFO] [DBG]   k[4] s=0 w=0 len=32 b58=So1111111111
[2026-04-10 20:11:44] [INFO] [DBG]   k[5] s=0 w=1 len=32 b58=GafNuUXj9rxG
[2026-04-10 20:11:44] [INFO] [DBG]   k[6] s=0 w=1 len=32 b58=DQwQCSZL4Wm9
[2026-04-10 20:11:44] [INFO] [DBG]   k[7] s=0 w=1 len=32 b58=3JNof8s453bw
[2026-04-10 20:11:44] [INFO] [DBG]   k[8] s=0 w=0 len=32 b58=KLend2g3cP87
[2026-04-10 20:11:44] [INFO] [DBG]   k[9] s=0 w=0 len=32 b58=KLend2g3cP87
[2026-04-10 20:11:44] [INFO] [DBG]   k[10] s=0 w=0 len=32 b58=Sysvar1nstru
[2026-04-10 20:11:44] [INFO] [DBG]   k[11] s=0 w=0 len=32 b58=TokenkegQfeZ
[2026-04-10 20:11:44] [INFO] [DBG] ix[9] prog=Tokenkeg keys=3 dataLen=1 hex=09
[2026-04-10 20:11:44] [INFO] [DBG]   k[0] s=0 w=1 len=32 b58=DQwQCSZL4Wm9
[2026-04-10 20:11:44] [INFO] [DBG]   k[1] s=0 w=1 len=32 b58=ESzi3jyKV4EW
[2026-04-10 20:11:44] [INFO] [DBG]   k[2] s=1 w=0 len=32 b58=ESzi3jyKV4EW
[2026-04-10 20:11:44] [ERROR] [LocalExec] Error: encoding overruns Uint8Array
[2026-04-10 20:11:44] [ERROR] [LocalExec] Stack: RangeError: encoding overruns Uint8Array
    at Blob.encode (/home/ubuntu/ARB-BOT/node_modules/@solana/buffer-layout/lib/Layout.js:2098:19)
    at Structure.encode (/home/ubuntu/ARB-BOT/node_modules/@solana/buffer-layout/lib/Layout.js:1092:36)
    at MessageV0.serialize (/home/ubuntu/ARB-BOT/node_modules/@solana/web3.js/lib/index.cjs.js:1045:51)
    at VersionedTransaction.sign (/home/ubuntu/ARB-BOT/node_modules/@solana/web3.js/lib/index.cjs.js:2107:38)
    at Executor.executeLocal (/home/ubuntu/ARB-BOT/src/executor.js:1312:21)
    at process.processTicksAndRejections (node:internal/process/task_queues:95:5)
    at async wsCallback (/home/ubuntu/ARB-BOT/src/bot.js:297:44)
[2026-04-10 20:11:44] [WARN] [LocalExec] ⚠️  computeSwap BYPASSED — pipeline test mode | gross local: -0.7171 USD
[2026-04-10 20:11:44] [INFO] 🎯 LOCAL EXEC — SOL/BONK | spread: 0.005% | loan: 2.0 SOL | profit: ~$-0.7171 | buy: Raydium CLMM@GtKKKs3y → sell: Orca@5zpyutJu
[2026-04-10 20:11:44] [INFO] [LocalExec] Jito tip: 50000 lamports (~$0.0043)
[2026-04-10 20:11:44] [INFO] [LocalExec] borrowIxIndex dynamically set to 2
[2026-04-10 20:11:44] [INFO] [DBG] innerIxs.length=10
[2026-04-10 20:11:44] [INFO] [DBG] ix[0] prog=11111111 keys=2 dataLen=12 hex=0200000050c3000000000000
[2026-04-10 20:11:44] [INFO] [DBG]   k[0] s=1 w=1 len=32 b58=ESzi3jyKV4EW
[2026-04-10 20:11:44] [INFO] [DBG]   k[1] s=0 w=1 len=32 b58=HFqU5x63VTqv
[2026-04-10 20:11:44] [INFO] [DBG] ix[1] prog=ATokenGP keys=6 dataLen=1 hex=01
[2026-04-10 20:11:44] [INFO] [DBG]   k[0] s=1 w=1 len=32 b58=ESzi3jyKV4EW
[2026-04-10 20:11:44] [INFO] [DBG]   k[1] s=0 w=1 len=32 b58=DQwQCSZL4Wm9
[2026-04-10 20:11:44] [INFO] [DBG]   k[2] s=0 w=0 len=32 b58=ESzi3jyKV4EW
[2026-04-10 20:11:44] [INFO] [DBG]   k[3] s=0 w=0 len=32 b58=So1111111111
[2026-04-10 20:11:44] [INFO] [DBG]   k[4] s=0 w=0 len=32 b58=111111111111
[2026-04-10 20:11:44] [INFO] [DBG]   k[5] s=0 w=0 len=32 b58=TokenkegQfeZ
[2026-04-10 20:11:44] [INFO] [DBG] ix[2] prog=KLend2g3 keys=12 dataLen=16 hex=87e734a70734d4c10094357700000000
[2026-04-10 20:11:44] [INFO] [DBG]   k[0] s=1 w=0 len=32 b58=ESzi3jyKV4EW
[2026-04-10 20:11:44] [INFO] [DBG]   k[1] s=0 w=0 len=32 b58=9DrvZvyWh1Hu
[2026-04-10 20:11:44] [INFO] [DBG]   k[2] s=0 w=0 len=32 b58=7u3HeHxYDLhn
[2026-04-10 20:11:44] [INFO] [DBG]   k[3] s=0 w=1 len=32 b58=d4A2prbA2whe
[2026-04-10 20:11:44] [INFO] [DBG]   k[4] s=0 w=0 len=32 b58=So1111111111
[2026-04-10 20:11:44] [INFO] [DBG]   k[5] s=0 w=1 len=32 b58=GafNuUXj9rxG
[2026-04-10 20:11:44] [INFO] [DBG]   k[6] s=0 w=1 len=32 b58=DQwQCSZL4Wm9
[2026-04-10 20:11:44] [INFO] [DBG]   k[7] s=0 w=1 len=32 b58=3JNof8s453bw
[2026-04-10 20:11:44] [INFO] [DBG]   k[8] s=0 w=0 len=32 b58=KLend2g3cP87
[2026-04-10 20:11:44] [INFO] [DBG]   k[9] s=0 w=0 len=32 b58=KLend2g3cP87
[2026-04-10 20:11:44] [INFO] [DBG]   k[10] s=0 w=0 len=32 b58=Sysvar1nstru
[2026-04-10 20:11:44] [INFO] [DBG]   k[11] s=0 w=0 len=32 b58=TokenkegQfeZ
[2026-04-10 20:11:44] [INFO] [DBG] ix[3] prog=ComputeB keys=0 dataLen=5 hex=02c0270900
[2026-04-10 20:11:44] [INFO] [DBG] ix[4] prog=ComputeB keys=0 dataLen=9 hex=030100000000000000
[2026-04-10 20:11:44] [INFO] [DBG] ix[5] prog=ATokenGP keys=6 dataLen=1 hex=01
[2026-04-10 20:11:44] [INFO] [DBG]   k[0] s=1 w=1 len=32 b58=ESzi3jyKV4EW
[2026-04-10 20:11:44] [INFO] [DBG]   k[1] s=0 w=1 len=32 b58=8ChvMvALunCZ
[2026-04-10 20:11:44] [INFO] [DBG]   k[2] s=0 w=0 len=32 b58=ESzi3jyKV4EW
[2026-04-10 20:11:44] [INFO] [DBG]   k[3] s=0 w=0 len=32 b58=DezXAZ8z7Pnr
[2026-04-10 20:11:44] [INFO] [DBG]   k[4] s=0 w=0 len=32 b58=111111111111
[2026-04-10 20:11:44] [INFO] [DBG]   k[5] s=0 w=0 len=32 b58=TokenkegQfeZ
[2026-04-10 20:11:44] [INFO] [DBG] ix[6] prog=CAMMCzo5 keys=12 dataLen=41 hex=f8c69e91e17587c80094357700000000cf48cb2b4e020000513b010001000000000000000000000001
[2026-04-10 20:11:44] [INFO] [DBG]   k[0] s=1 w=1 len=32 b58=ESzi3jyKV4EW
[2026-04-10 20:11:44] [INFO] [DBG]   k[1] s=0 w=0 len=32 b58=E64NGkDLLCdQ
[2026-04-10 20:11:44] [INFO] [DBG]   k[2] s=0 w=1 len=32 b58=GtKKKs3yaPdH
[2026-04-10 20:11:44] [INFO] [DBG]   k[3] s=0 w=1 len=32 b58=DQwQCSZL4Wm9
[2026-04-10 20:11:44] [INFO] [DBG]   k[4] s=0 w=1 len=32 b58=8ChvMvALunCZ
[2026-04-10 20:11:44] [INFO] [DBG]   k[5] s=0 w=1 len=32 b58=GDnBvA76ZAJ2
[2026-04-10 20:11:44] [INFO] [DBG]   k[6] s=0 w=1 len=32 b58=2wzaFLYb4JcD
[2026-04-10 20:11:44] [INFO] [DBG]   k[7] s=0 w=1 len=32 b58=Gj8gzDNKmf5y
[2026-04-10 20:11:44] [INFO] [DBG]   k[8] s=0 w=0 len=32 b58=TokenkegQfeZ
[2026-04-10 20:11:44] [INFO] [DBG]   k[9] s=0 w=1 len=32 b58=FohQpHgvyJQH
[2026-04-10 20:11:44] [INFO] [DBG]   k[10] s=0 w=1 len=32 b58=H162txn8gSuX
[2026-04-10 20:11:44] [INFO] [DBG]   k[11] s=0 w=1 len=32 b58=81hDVagG29yQ
[2026-04-10 20:11:44] [INFO] [DBG] ix[7] prog=whirLbMi keys=11 dataLen=42 hex=f8c69e91e17587c81fdfe1be8f0200000094357700000000af331ba8327fbb35b1c4feff000000000100
[2026-04-10 20:11:44] [INFO] [DBG]   k[0] s=0 w=0 len=32 b58=TokenkegQfeZ
[2026-04-10 20:11:44] [INFO] [DBG]   k[1] s=1 w=0 len=32 b58=ESzi3jyKV4EW
[2026-04-10 20:11:44] [INFO] [DBG]   k[2] s=0 w=1 len=32 b58=5zpyutJu9ee6
[2026-04-10 20:11:44] [INFO] [DBG]   k[3] s=0 w=1 len=32 b58=DQwQCSZL4Wm9
[2026-04-10 20:11:44] [INFO] [DBG]   k[4] s=0 w=1 len=32 b58=ES7yhSrYeFo4
[2026-04-10 20:11:44] [INFO] [DBG]   k[5] s=0 w=1 len=32 b58=8ChvMvALunCZ
[2026-04-10 20:11:44] [INFO] [DBG]   k[6] s=0 w=1 len=32 b58=4dmvFGeQH2eq
[2026-04-10 20:11:44] [INFO] [DBG]   k[7] s=0 w=1 len=32 b58=EJRTQoUhFocF
[2026-04-10 20:11:44] [INFO] [DBG]   k[8] s=0 w=1 len=32 b58=GqjT3UE9p9t2
[2026-04-10 20:11:44] [INFO] [DBG]   k[9] s=0 w=1 len=32 b58=AKZj2vZ2UxQa
[2026-04-10 20:11:44] [INFO] [DBG]   k[10] s=0 w=0 len=32 b58=EXpqcVuTTPEm
[2026-04-10 20:11:44] [INFO] [DBG] ix[8] prog=KLend2g3 keys=12 dataLen=17 hex=b97500cb60f5b4ba009435770000000002
[2026-04-10 20:11:44] [INFO] [DBG]   k[0] s=1 w=0 len=32 b58=ESzi3jyKV4EW
[2026-04-10 20:11:44] [INFO] [DBG]   k[1] s=0 w=0 len=32 b58=9DrvZvyWh1Hu
[2026-04-10 20:11:44] [INFO] [DBG]   k[2] s=0 w=0 len=32 b58=7u3HeHxYDLhn
[2026-04-10 20:11:44] [INFO] [DBG]   k[3] s=0 w=1 len=32 b58=d4A2prbA2whe
[2026-04-10 20:11:44] [INFO] [DBG]   k[4] s=0 w=0 len=32 b58=So1111111111
[2026-04-10 20:11:44] [INFO] [DBG]   k[5] s=0 w=1 len=32 b58=GafNuUXj9rxG
[2026-04-10 20:11:44] [INFO] [DBG]   k[6] s=0 w=1 len=32 b58=DQwQCSZL4Wm9
[2026-04-10 20:11:44] [INFO] [DBG]   k[7] s=0 w=1 len=32 b58=3JNof8s453bw
[2026-04-10 20:11:44] [INFO] [DBG]   k[8] s=0 w=0 len=32 b58=KLend2g3cP87
[2026-04-10 20:11:44] [INFO] [DBG]   k[9] s=0 w=0 len=32 b58=KLend2g3cP87
[2026-04-10 20:11:44] [INFO] [DBG]   k[10] s=0 w=0 len=32 b58=Sysvar1nstru
[2026-04-10 20:11:44] [INFO] [DBG]   k[11] s=0 w=0 len=32 b58=TokenkegQfeZ
[2026-04-10 20:11:44] [INFO] [DBG] ix[9] prog=Tokenkeg keys=3 dataLen=1 hex=09
[2026-04-10 20:11:44] [INFO] [DBG]   k[0] s=0 w=1 len=32 b58=DQwQCSZL4Wm9
[2026-04-10 20:11:44] [INFO] [DBG]   k[1] s=0 w=1 len=32 b58=ESzi3jyKV4EW
[2026-04-10 20:11:44] [INFO] [DBG]   k[2] s=1 w=0 len=32 b58=ESzi3jyKV4EW
[2026-04-10 20:11:44] [ERROR] [LocalExec] Error: encoding overruns Uint8Array
[2026-04-10 20:11:44] [ERROR] [LocalExec] Stack: RangeError: encoding overruns Uint8Array
    at Blob.encode (/home/ubuntu/ARB-BOT/node_modules/@solana/buffer-layout/lib/Layout.js:2098:19)
    at Structure.encode (/home/ubuntu/ARB-BOT/node_modules/@solana/buffer-layout/lib/Layout.js:1092:36)
    at MessageV0.serialize (/home/ubuntu/ARB-BOT/node_modules/@solana/web3.js/lib/index.cjs.js:1045:51)
    at VersionedTransaction.sign (/home/ubuntu/ARB-BOT/node_modules/@solana/web3.js/lib/index.cjs.js:2107:38)
    at Executor.executeLocal (/home/ubuntu/ARB-BOT/src/executor.js:1312:21)
    at process.processTicksAndRejections (node:internal/process/task_queues:95:5)
    at async wsCallback (/home/ubuntu/ARB-BOT/src/bot.js:297:44)
[2026-04-10 20:11:44] [WARN] [LocalExec] ⚠️  computeSwap BYPASSED — pipeline test mode | gross local: -0.2029 USD
[2026-04-10 20:11:44] [INFO] 🎯 LOCAL EXEC — SOL/BONK | spread: 0.005% | loan: 1.0 SOL | profit: ~$-0.2029 | buy: Raydium CLMM@GtKKKs3y → sell: Orca@5zpyutJu
[2026-04-10 20:11:44] [INFO] [LocalExec] Jito tip: 50000 lamports (~$0.0043)
[2026-04-10 20:11:44] [INFO] [LocalExec] borrowIxIndex dynamically set to 2
[2026-04-10 20:11:44] [INFO] [DBG] innerIxs.length=10
[2026-04-10 20:11:44] [INFO] [DBG] ix[0] prog=11111111 keys=2 dataLen=12 hex=0200000050c3000000000000
[2026-04-10 20:11:44] [INFO] [DBG]   k[0] s=1 w=1 len=32 b58=ESzi3jyKV4EW
[2026-04-10 20:11:44] [INFO] [DBG]   k[1] s=0 w=1 len=32 b58=3AVi9Tg9Uo68
[2026-04-10 20:11:44] [INFO] [DBG] ix[1] prog=ATokenGP keys=6 dataLen=1 hex=01
[2026-04-10 20:11:44] [INFO] [DBG]   k[0] s=1 w=1 len=32 b58=ESzi3jyKV4EW
[2026-04-10 20:11:44] [INFO] [DBG]   k[1] s=0 w=1 len=32 b58=DQwQCSZL4Wm9
[2026-04-10 20:11:44] [INFO] [DBG]   k[2] s=0 w=0 len=32 b58=ESzi3jyKV4EW
[2026-04-10 20:11:44] [INFO] [DBG]   k[3] s=0 w=0 len=32 b58=So1111111111
[2026-04-10 20:11:44] [INFO] [DBG]   k[4] s=0 w=0 len=32 b58=111111111111
[2026-04-10 20:11:44] [INFO] [DBG]   k[5] s=0 w=0 len=32 b58=TokenkegQfeZ
[2026-04-10 20:11:44] [INFO] [DBG] ix[2] prog=KLend2g3 keys=12 dataLen=16 hex=87e734a70734d4c100ca9a3b00000000
[2026-04-10 20:11:44] [INFO] [DBG]   k[0] s=1 w=0 len=32 b58=ESzi3jyKV4EW
[2026-04-10 20:11:44] [INFO] [DBG]   k[1] s=0 w=0 len=32 b58=9DrvZvyWh1Hu
[2026-04-10 20:11:44] [INFO] [DBG]   k[2] s=0 w=0 len=32 b58=7u3HeHxYDLhn
[2026-04-10 20:11:44] [INFO] [DBG]   k[3] s=0 w=1 len=32 b58=d4A2prbA2whe
[2026-04-10 20:11:44] [INFO] [DBG]   k[4] s=0 w=0 len=32 b58=So1111111111
[2026-04-10 20:11:44] [INFO] [DBG]   k[5] s=0 w=1 len=32 b58=GafNuUXj9rxG
[2026-04-10 20:11:44] [INFO] [DBG]   k[6] s=0 w=1 len=32 b58=DQwQCSZL4Wm9
[2026-04-10 20:11:44] [INFO] [DBG]   k[7] s=0 w=1 len=32 b58=3JNof8s453bw
[2026-04-10 20:11:44] [INFO] [DBG]   k[8] s=0 w=0 len=32 b58=KLend2g3cP87
[2026-04-10 20:11:44] [INFO] [DBG]   k[9] s=0 w=0 len=32 b58=KLend2g3cP87
[2026-04-10 20:11:44] [INFO] [DBG]   k[10] s=0 w=0 len=32 b58=Sysvar1nstru
[2026-04-10 20:11:44] [INFO] [DBG]   k[11] s=0 w=0 len=32 b58=TokenkegQfeZ
[2026-04-10 20:11:44] [INFO] [DBG] ix[3] prog=ComputeB keys=0 dataLen=5 hex=02c0270900
[2026-04-10 20:11:44] [INFO] [DBG] ix[4] prog=ComputeB keys=0 dataLen=9 hex=030100000000000000
[2026-04-10 20:11:44] [INFO] [DBG] ix[5] prog=ATokenGP keys=6 dataLen=1 hex=01
[2026-04-10 20:11:44] [INFO] [DBG]   k[0] s=1 w=1 len=32 b58=ESzi3jyKV4EW
[2026-04-10 20:11:44] [INFO] [DBG]   k[1] s=0 w=1 len=32 b58=8ChvMvALunCZ
[2026-04-10 20:11:44] [INFO] [DBG]   k[2] s=0 w=0 len=32 b58=ESzi3jyKV4EW
[2026-04-10 20:11:44] [INFO] [DBG]   k[3] s=0 w=0 len=32 b58=DezXAZ8z7Pnr
[2026-04-10 20:11:44] [INFO] [DBG]   k[4] s=0 w=0 len=32 b58=111111111111
[2026-04-10 20:11:44] [INFO] [DBG]   k[5] s=0 w=0 len=32 b58=TokenkegQfeZ
[2026-04-10 20:11:44] [INFO] [DBG] ix[6] prog=CAMMCzo5 keys=12 dataLen=41 hex=f8c69e91e17587c800ca9a3b000000001f1dc48627010000513b010001000000000000000000000001
[2026-04-10 20:11:44] [INFO] [DBG]   k[0] s=1 w=1 len=32 b58=ESzi3jyKV4EW
[2026-04-10 20:11:44] [INFO] [DBG]   k[1] s=0 w=0 len=32 b58=E64NGkDLLCdQ
[2026-04-10 20:11:44] [INFO] [DBG]   k[2] s=0 w=1 len=32 b58=GtKKKs3yaPdH
[2026-04-10 20:11:44] [INFO] [DBG]   k[3] s=0 w=1 len=32 b58=DQwQCSZL4Wm9
[2026-04-10 20:11:44] [INFO] [DBG]   k[4] s=0 w=1 len=32 b58=8ChvMvALunCZ
[2026-04-10 20:11:44] [INFO] [DBG]   k[5] s=0 w=1 len=32 b58=GDnBvA76ZAJ2
[2026-04-10 20:11:44] [INFO] [DBG]   k[6] s=0 w=1 len=32 b58=2wzaFLYb4JcD
[2026-04-10 20:11:44] [INFO] [DBG]   k[7] s=0 w=1 len=32 b58=Gj8gzDNKmf5y
[2026-04-10 20:11:44] [INFO] [DBG]   k[8] s=0 w=0 len=32 b58=TokenkegQfeZ
[2026-04-10 20:11:44] [INFO] [DBG]   k[9] s=0 w=1 len=32 b58=FohQpHgvyJQH
[2026-04-10 20:11:44] [INFO] [DBG]   k[10] s=0 w=1 len=32 b58=H162txn8gSuX
[2026-04-10 20:11:44] [INFO] [DBG]   k[11] s=0 w=1 len=32 b58=81hDVagG29yQ
[2026-04-10 20:11:44] [INFO] [DBG] ix[7] prog=whirLbMi keys=11 dataLen=42 hex=f8c69e91e17587c878e7d95c4801000000ca9a3b00000000af331ba8327fbb35b1c4feff000000000100
[2026-04-10 20:11:44] [INFO] [DBG]   k[0] s=0 w=0 len=32 b58=TokenkegQfeZ
[2026-04-10 20:11:44] [INFO] [DBG]   k[1] s=1 w=0 len=32 b58=ESzi3jyKV4EW
[2026-04-10 20:11:44] [INFO] [DBG]   k[2] s=0 w=1 len=32 b58=5zpyutJu9ee6
[2026-04-10 20:11:44] [INFO] [DBG]   k[3] s=0 w=1 len=32 b58=DQwQCSZL4Wm9
[2026-04-10 20:11:44] [INFO] [DBG]   k[4] s=0 w=1 len=32 b58=ES7yhSrYeFo4
[2026-04-10 20:11:44] [INFO] [DBG]   k[5] s=0 w=1 len=32 b58=8ChvMvALunCZ
[2026-04-10 20:11:44] [INFO] [DBG]   k[6] s=0 w=1 len=32 b58=4dmvFGeQH2eq
[2026-04-10 20:11:44] [INFO] [DBG]   k[7] s=0 w=1 len=32 b58=EJRTQoUhFocF
[2026-04-10 20:11:44] [INFO] [DBG]   k[8] s=0 w=1 len=32 b58=GqjT3UE9p9t2
[2026-04-10 20:11:44] [INFO] [DBG]   k[9] s=0 w=1 len=32 b58=AKZj2vZ2UxQa
[2026-04-10 20:11:44] [INFO] [DBG]   k[10] s=0 w=0 len=32 b58=EXpqcVuTTPEm
[2026-04-10 20:11:44] [INFO] [DBG] ix[8] prog=KLend2g3 keys=12 dataLen=17 hex=b97500cb60f5b4ba00ca9a3b0000000002
[2026-04-10 20:11:44] [INFO] [DBG]   k[0] s=1 w=0 len=32 b58=ESzi3jyKV4EW
[2026-04-10 20:11:44] [INFO] [DBG]   k[1] s=0 w=0 len=32 b58=9DrvZvyWh1Hu
[2026-04-10 20:11:44] [INFO] [DBG]   k[2] s=0 w=0 len=32 b58=7u3HeHxYDLhn
[2026-04-10 20:11:44] [INFO] [DBG]   k[3] s=0 w=1 len=32 b58=d4A2prbA2whe
[2026-04-10 20:11:44] [INFO] [DBG]   k[4] s=0 w=0 len=32 b58=So1111111111
[2026-04-10 20:11:44] [INFO] [DBG]   k[5] s=0 w=1 len=32 b58=GafNuUXj9rxG
[2026-04-10 20:11:44] [INFO] [DBG]   k[6] s=0 w=1 len=32 b58=DQwQCSZL4Wm9
[2026-04-10 20:11:44] [INFO] [DBG]   k[7] s=0 w=1 len=32 b58=3JNof8s453bw
[2026-04-10 20:11:44] [INFO] [DBG]   k[8] s=0 w=0 len=32 b58=KLend2g3cP87
[2026-04-10 20:11:44] [INFO] [DBG]   k[9] s=0 w=0 len=32 b58=KLend2g3cP87
[2026-04-10 20:11:44] [INFO] [DBG]   k[10] s=0 w=0 len=32 b58=Sysvar1nstru
[2026-04-10 20:11:44] [INFO] [DBG]   k[11] s=0 w=0 len=32 b58=TokenkegQfeZ
[2026-04-10 20:11:44] [INFO] [DBG] ix[9] prog=Tokenkeg keys=3 dataLen=1 hex=09
[2026-04-10 20:11:44] [INFO] [DBG]   k[0] s=0 w=1 len=32 b58=DQwQCSZL4Wm9
[2026-04-10 20:11:44] [INFO] [DBG]   k[1] s=0 w=1 len=32 b58=ESzi3jyKV4EW
[2026-04-10 20:11:44] [INFO] [DBG]   k[2] s=1 w=0 len=32 b58=ESzi3jyKV4EW
[2026-04-10 20:11:44] [ERROR] [LocalExec] Error: encoding overruns Uint8Array
[2026-04-10 20:11:44] [ERROR] [LocalExec] Stack: RangeError: encoding overruns Uint8Array
    at Blob.encode (/home/ubuntu/ARB-BOT/node_modules/@solana/buffer-layout/lib/Layout.js:2098:19)
    at Structure.encode (/home/ubuntu/ARB-BOT/node_modules/@solana/buffer-layout/lib/Layout.js:1092:36)
    at MessageV0.serialize (/home/ubuntu/ARB-BOT/node_modules/@solana/web3.js/lib/index.cjs.js:1045:51)
    at VersionedTransaction.sign (/home/ubuntu/ARB-BOT/node_modules/@solana/web3.js/lib/index.cjs.js:2107:38)
    at Executor.executeLocal (/home/ubuntu/ARB-BOT/src/executor.js:1312:21)
    at process.processTicksAndRejections (node:internal/process/task_queues:95:5)
    at async wsCallback (/home/ubuntu/ARB-BOT/src/bot.js:297:44)
[2026-04-10 20:11:49] [INFO] 💓 alive | slots +126 | detected: 30 | attempted: 30 | sent: 0
[2026-04-10 20:12:08] [INFO] 
SIGINT received — shutting down...
[2026-04-10 20:12:08] [INFO] 📊 STATS | Slots: 133 | Detected: 30 | Attempted: 30 | Sent: 0 | Success: 0 | Profit: ~$0.00
[2026-04-10 20:12:08] [INFO] [PoolWatcher] All subscriptions removed
[2026-04-10 20:13:10] [INFO] ════════════════════════════════════════════════════════════
[2026-04-10 20:13:10] [INFO]   🤖 SOLANA FLASHLOAN ARB BOT — STARTING
[2026-04-10 20:13:10] [INFO] ════════════════════════════════════════════════════════════
[2026-04-10 20:13:10] [INFO] ✅ Discord alerts enabled
[2026-04-10 20:13:10] [INFO] ✅ Discord tx-log channel enabled
[2026-04-10 20:13:10] [INFO] ✅ Connected to primary RPC (mainnet.helius-rpc.com)
[2026-04-10 20:13:10] [INFO] [Price] Seeded SOL/USD = $85.39
[2026-04-10 20:13:10] [INFO] Wallet:          ESzi3jyKV4EWi1TC36nRwLiHHDVTmzn9iCFTotToyhC3
[2026-04-10 20:13:10] [INFO] SOL Balance:     0.1892 SOL
[2026-04-10 20:13:10] [INFO] [Scanner] Loaded 5 pairs from pairs.json
[2026-04-10 20:13:10] [INFO] [Executor] Initializing MarginFi flashloan client...
[2026-04-10 20:13:10] [INFO] [Executor] 429 circuit breaker installed on MarginFi connection
[2026-04-10 20:13:11] [INFO] [Executor] MarginFi loaded. Banks: 1
[2026-04-10 20:13:11] [INFO] [Executor] Loaded saved MarginFi account: 9H89EXD35fcEHV5Sj3c1662GWZzLrPZ89zm2EMFyP9n8
[2026-04-10 20:13:11] [INFO] [Executor] MarginFi account: 9H89EXD35fcEHV5Sj3c1662GWZzLrPZ89zm2EMFyP9n8
[2026-04-10 20:13:11] [INFO] [Executor] ✅ Flash loan ready (all MarginFi accounts support flashloans)
[2026-04-10 20:13:11] [INFO] [Executor] MFI account overrides cached (group: 4qp6Fx6t...)
[2026-04-10 20:13:11] [INFO] [Executor] MFI instruction templates cached ✅
[2026-04-10 20:13:11] [INFO] [Executor] Initializing Kamino flashloan templates...
[2026-04-10 20:13:12] [INFO] [Executor] Kamino flashloan templates cached ✅ (wsolAta: DQwQCSZL...)
[2026-04-10 20:13:12] [INFO] [Executor] Blockhash cache started (refresh every 200ms) ✅
[2026-04-10 20:13:12] [INFO] 
[2026-04-10 20:13:12] [INFO] Active pairs (5):
[2026-04-10 20:13:12] [INFO]   1. SOL/USDT [anchor]
[2026-04-10 20:13:12] [INFO]   2. SOL/USDC
[2026-04-10 20:13:12] [INFO]   3. SOL/BONK
[2026-04-10 20:13:12] [INFO]   4. SOL/WIF
[2026-04-10 20:13:12] [INFO]   5. SOL/FARTCOIN
[2026-04-10 20:13:12] [INFO] 
[2026-04-10 20:13:12] [INFO] [Scheduler] Next update in 16 day(s) on 26/4/2026
[2026-04-10 20:13:12] [INFO] 
[2026-04-10 20:13:12] [INFO] Trigger:         WebSocket pool subscriptions (~50-100ms) + slot fallback every 62 slots
[2026-04-10 20:13:12] [INFO] Flashloan size:  1–100 SOL (dynamic)
[2026-04-10 20:13:12] [INFO] Min profit:      $0.05
[2026-04-10 20:13:12] [INFO] 
[2026-04-10 20:13:12] [INFO] [PoolWatcher] Fetching pool addresses (Orca + Raydium + Meteora)...
[2026-04-10 20:13:13] [INFO] [Price] ✅ Binance WS connected — SOL/USD updating in real-time
[2026-04-10 20:13:24] [INFO] [PoolWatcher] ✅ 43 subscriptions — Orca:30 | Raydium CLMM:5 | Raydium AMM:5 | Meteora:3
[2026-04-10 20:13:24] [INFO] [PoolWatcher]   SOL/USDT → 8 subs (Orca:6 Raydium CLMM:1 Raydium AMM:1)
[2026-04-10 20:13:24] [INFO] [PoolWatcher]   SOL/USDC → 8 subs (Orca:6 Raydium CLMM:1 Raydium AMM:1)
[2026-04-10 20:13:24] [INFO] [PoolWatcher]   SOL/BONK → 9 subs (Orca:6 Raydium CLMM:1 Raydium AMM:1 Meteora:1)
[2026-04-10 20:13:24] [INFO] [PoolWatcher]   SOL/WIF → 9 subs (Orca:6 Raydium CLMM:1 Raydium AMM:1 Meteora:1)
[2026-04-10 20:13:24] [INFO] [PoolWatcher]   SOL/FARTCOIN → 9 subs (Orca:6 Raydium CLMM:1 Raydium AMM:1 Meteora:1)
[2026-04-10 20:13:24] [INFO] [LocalPools] Registered 38 pools (Orca + Raydium CLMM + Meteora) for local math
[2026-04-10 20:13:24] [INFO] [LocalPools] Seeding pool cache with initial RPC data...
[2026-04-10 20:13:24] [INFO] [LocalPools] Seeded 33 pools in cache
[2026-04-10 20:13:24] [INFO] [Scheduler] Monthly pair updater scheduled ✅
[2026-04-10 20:13:24] [INFO] ✅ Bot is live. Press Ctrl+C to stop.

[2026-04-10 20:13:30] [INFO] [XDEX] SOL/BONK | spread: 0.0496% | fees: 0.0600% | PROFITABLE | hi: Raydium CLMM (14125586.414236) GtKKKs3yaPdHbQd2aZS4SfWhy8zQ988BJGnKNndLxYsN | lo: Orca (14118581.219451) 5zpyutJu9ee6jFymDGoK7F6S5Kczqtc9FomP3ueKuyA9
[2026-04-10 20:13:30] [WARN] [LocalExec] ⚠️  computeSwap BYPASSED — pipeline test mode | gross local: -233.7248 USD
[2026-04-10 20:13:30] [INFO] 🎯 LOCAL EXEC — SOL/BONK | spread: 0.050% | loan: 40.0 SOL | profit: ~$-233.7248 | buy: Raydium CLMM@GtKKKs3y → sell: Orca@5zpyutJu
[2026-04-10 20:13:31] [INFO] [LocalExec] Jito tip: 50000 lamports (~$0.0043)
[2026-04-10 20:13:31] [INFO] [LocalExec] borrowIxIndex dynamically set to 2
[2026-04-10 20:13:31] [INFO] [DBG] innerIxs.length=10
[2026-04-10 20:13:31] [INFO] [DBG] ix[0] prog=11111111 keys=2 dataLen=12 hex=0200000050c3000000000000
[2026-04-10 20:13:31] [INFO] [DBG]   k[0] s=1 w=1 len=32 b58=ESzi3jyKV4EWi1TC36nRwLiHHDVTmzn9iCFTotToyhC3
[2026-04-10 20:13:31] [INFO] [DBG]   k[1] s=0 w=1 len=32 b58=HFqU5x63VTqvQss8hp11i4wVV8bD44PvwucfZ2bU7gRe
[2026-04-10 20:13:31] [INFO] [DBG] ix[1] prog=ATokenGP keys=6 dataLen=1 hex=01
[2026-04-10 20:13:31] [INFO] [DBG]   k[0] s=1 w=1 len=32 b58=ESzi3jyKV4EWi1TC36nRwLiHHDVTmzn9iCFTotToyhC3
[2026-04-10 20:13:31] [INFO] [DBG]   k[1] s=0 w=1 len=32 b58=DQwQCSZL4Wm98FKdbVVw1Vq5txLcKNfxRBQrsy2MtcSa
[2026-04-10 20:13:31] [INFO] [DBG]   k[2] s=0 w=0 len=32 b58=ESzi3jyKV4EWi1TC36nRwLiHHDVTmzn9iCFTotToyhC3
[2026-04-10 20:13:31] [INFO] [DBG]   k[3] s=0 w=0 len=32 b58=So11111111111111111111111111111111111111112
[2026-04-10 20:13:31] [INFO] [DBG]   k[4] s=0 w=0 len=32 b58=11111111111111111111111111111111
[2026-04-10 20:13:31] [INFO] [DBG]   k[5] s=0 w=0 len=32 b58=TokenkegQfeZyiNwAJbNbGKPFXCWuBvf9Ss623VQ5DA
[2026-04-10 20:13:31] [INFO] [DBG] ix[2] prog=KLend2g3 keys=12 dataLen=16 hex=87e734a70734d4c100902f5009000000
[2026-04-10 20:13:31] [INFO] [DBG]   k[0] s=1 w=0 len=32 b58=ESzi3jyKV4EWi1TC36nRwLiHHDVTmzn9iCFTotToyhC3
[2026-04-10 20:13:31] [INFO] [DBG]   k[1] s=0 w=0 len=32 b58=9DrvZvyWh1HuAoZxvYWMvkf2XCzryCpGgHqrMjyDWpmo
[2026-04-10 20:13:31] [INFO] [DBG]   k[2] s=0 w=0 len=32 b58=7u3HeHxYDLhnCoErrtycNokbQYbWGzLs6JSDqGAv5PfF
[2026-04-10 20:13:31] [INFO] [DBG]   k[3] s=0 w=1 len=32 b58=d4A2prbA2whesmvHaL88BH6Ewn5N4bTSU2Ze8P6Bc4Q
[2026-04-10 20:13:31] [INFO] [DBG]   k[4] s=0 w=0 len=32 b58=So11111111111111111111111111111111111111112
[2026-04-10 20:13:31] [INFO] [DBG]   k[5] s=0 w=1 len=32 b58=GafNuUXj9rxGLn4y79dPu6MHSuPWeJR6UtTWuexpGh3U
[2026-04-10 20:13:31] [INFO] [DBG]   k[6] s=0 w=1 len=32 b58=DQwQCSZL4Wm98FKdbVVw1Vq5txLcKNfxRBQrsy2MtcSa
[2026-04-10 20:13:31] [INFO] [DBG]   k[7] s=0 w=1 len=32 b58=3JNof8s453bwG5UqiXBLJc77NRQXezYYEBbk3fqnoKph
[2026-04-10 20:13:31] [INFO] [DBG]   k[8] s=0 w=0 len=32 b58=KLend2g3cP87fffoy8q1mQqGKjrxjC8boSyAYavgmjD
[2026-04-10 20:13:31] [INFO] [DBG]   k[9] s=0 w=0 len=32 b58=KLend2g3cP87fffoy8q1mQqGKjrxjC8boSyAYavgmjD
[2026-04-10 20:13:31] [INFO] [DBG]   k[10] s=0 w=0 len=32 b58=Sysvar1nstructions1111111111111111111111111
[2026-04-10 20:13:31] [INFO] [DBG]   k[11] s=0 w=0 len=32 b58=TokenkegQfeZyiNwAJbNbGKPFXCWuBvf9Ss623VQ5DA
[2026-04-10 20:13:31] [INFO] [DBG] ix[3] prog=ComputeB keys=0 dataLen=5 hex=02c0270900
[2026-04-10 20:13:31] [INFO] [DBG] ix[4] prog=ComputeB keys=0 dataLen=9 hex=030100000000000000
[2026-04-10 20:13:31] [INFO] [DBG] ix[5] prog=ATokenGP keys=6 dataLen=1 hex=01
[2026-04-10 20:13:31] [INFO] [DBG]   k[0] s=1 w=1 len=32 b58=ESzi3jyKV4EWi1TC36nRwLiHHDVTmzn9iCFTotToyhC3
[2026-04-10 20:13:31] [INFO] [DBG]   k[1] s=0 w=1 len=32 b58=8ChvMvALunCZrZnbr3Jwf4S8kEKYAqcMGL2C53MFgK87
[2026-04-10 20:13:31] [INFO] [DBG]   k[2] s=0 w=0 len=32 b58=ESzi3jyKV4EWi1TC36nRwLiHHDVTmzn9iCFTotToyhC3
[2026-04-10 20:13:31] [INFO] [DBG]   k[3] s=0 w=0 len=32 b58=DezXAZ8z7PnrnRJjz3wXBoRgixCa6xjnB7YaB1pPB263
[2026-04-10 20:13:31] [INFO] [DBG]   k[4] s=0 w=0 len=32 b58=11111111111111111111111111111111
[2026-04-10 20:13:31] [INFO] [DBG]   k[5] s=0 w=0 len=32 b58=TokenkegQfeZyiNwAJbNbGKPFXCWuBvf9Ss623VQ5DA
[2026-04-10 20:13:31] [INFO] [DBG] ix[6] prog=CAMMCzo5 keys=12 dataLen=41 hex=f8c69e91e17587c800902f5009000000875c8029a22b0000513b010001000000000000000000000001
[2026-04-10 20:13:31] [INFO] [DBG]   k[0] s=1 w=1 len=32 b58=ESzi3jyKV4EWi1TC36nRwLiHHDVTmzn9iCFTotToyhC3
[2026-04-10 20:13:31] [INFO] [DBG]   k[1] s=0 w=0 len=32 b58=E64NGkDLLCdQ2yFNPcavaKptrEgmiQaNykUuLC1Qgwyp
[2026-04-10 20:13:31] [INFO] [DBG]   k[2] s=0 w=1 len=32 b58=GtKKKs3yaPdHbQd2aZS4SfWhy8zQ988BJGnKNndLxYsN
[2026-04-10 20:13:31] [INFO] [DBG]   k[3] s=0 w=1 len=32 b58=DQwQCSZL4Wm98FKdbVVw1Vq5txLcKNfxRBQrsy2MtcSa
[2026-04-10 20:13:31] [INFO] [DBG]   k[4] s=0 w=1 len=32 b58=8ChvMvALunCZrZnbr3Jwf4S8kEKYAqcMGL2C53MFgK87
[2026-04-10 20:13:31] [INFO] [DBG]   k[5] s=0 w=1 len=32 b58=GDnBvA76ZAJ2K3en2F1iExPZ6qz83Xjj5srXMmSKTYDW
[2026-04-10 20:13:31] [INFO] [DBG]   k[6] s=0 w=1 len=32 b58=2wzaFLYb4JcDrVs8TfU3TfkVwq1Pdp3rRgWdNJzFGXud
[2026-04-10 20:13:31] [INFO] [DBG]   k[7] s=0 w=1 len=32 b58=Gj8gzDNKmf5y3p1LorKHTvMZ8eCLhbCDnhGiN5xVW8Jq
[2026-04-10 20:13:31] [INFO] [DBG]   k[8] s=0 w=0 len=32 b58=TokenkegQfeZyiNwAJbNbGKPFXCWuBvf9Ss623VQ5DA
[2026-04-10 20:13:31] [INFO] [DBG]   k[9] s=0 w=1 len=32 b58=FohQpHgvyJQHbYvrkyVXGuZpA2aaBXVBeHtEoxe5gzir
[2026-04-10 20:13:31] [INFO] [DBG]   k[10] s=0 w=1 len=32 b58=H162txn8gSuXiVfXffF8XxTAoP9KUDrhtktpeDpYEqk4
[2026-04-10 20:13:31] [INFO] [DBG]   k[11] s=0 w=1 len=32 b58=81hDVagG29yQRDdthwSLE93VGKtRddTN8Eo7bnwzGUVF
[2026-04-10 20:13:31] [INFO] [DBG] ix[7] prog=whirLbMi keys=11 dataLen=42 hex=f8c69e91e17587c8b39f8e4a7b30000000902f5009000000af331ba8327fbb35b1c4feff000000000100
[2026-04-10 20:13:31] [INFO] [DBG]   k[0] s=0 w=0 len=32 b58=TokenkegQfeZyiNwAJbNbGKPFXCWuBvf9Ss623VQ5DA
[2026-04-10 20:13:31] [INFO] [DBG]   k[1] s=1 w=0 len=32 b58=ESzi3jyKV4EWi1TC36nRwLiHHDVTmzn9iCFTotToyhC3
[2026-04-10 20:13:31] [INFO] [DBG]   k[2] s=0 w=1 len=32 b58=5zpyutJu9ee6jFymDGoK7F6S5Kczqtc9FomP3ueKuyA9
[2026-04-10 20:13:31] [INFO] [DBG]   k[3] s=0 w=1 len=32 b58=DQwQCSZL4Wm98FKdbVVw1Vq5txLcKNfxRBQrsy2MtcSa
[2026-04-10 20:13:31] [INFO] [DBG]   k[4] s=0 w=1 len=32 b58=ES7yhSrYeFo4U1PfJHNRkbfCWxCwPLk2DjrEbmN8bg58
[2026-04-10 20:13:31] [INFO] [DBG]   k[5] s=0 w=1 len=32 b58=8ChvMvALunCZrZnbr3Jwf4S8kEKYAqcMGL2C53MFgK87
[2026-04-10 20:13:31] [INFO] [DBG]   k[6] s=0 w=1 len=32 b58=4dmvFGeQH2eqa3ktNHMgm4wZ8vuTukBiK9M7gxW5oR9F
[2026-04-10 20:13:31] [INFO] [DBG]   k[7] s=0 w=1 len=32 b58=EJRTQoUhFocFL4fRwrhERF6wBL4RTZQrKe6dDuwrnRei
[2026-04-10 20:13:31] [INFO] [DBG]   k[8] s=0 w=1 len=32 b58=GqjT3UE9p9t2hkzoKnvS4p2pJkvWaaRLR65PxJdcPzb7
[2026-04-10 20:13:31] [INFO] [DBG]   k[9] s=0 w=1 len=32 b58=AKZj2vZ2UxQaZKcCYeGmsRocw52kwG94k6D4p1ssdDmp
[2026-04-10 20:13:31] [INFO] [DBG]   k[10] s=0 w=0 len=32 b58=EXpqcVuTTPEmyeVu2LHM75ha7FwmjJ88MnhSMRRdy5Sh
[2026-04-10 20:13:31] [INFO] [DBG] ix[8] prog=KLend2g3 keys=12 dataLen=17 hex=b97500cb60f5b4ba00902f500900000002
[2026-04-10 20:13:31] [INFO] [DBG]   k[0] s=1 w=0 len=32 b58=ESzi3jyKV4EWi1TC36nRwLiHHDVTmzn9iCFTotToyhC3
[2026-04-10 20:13:31] [INFO] [DBG]   k[1] s=0 w=0 len=32 b58=9DrvZvyWh1HuAoZxvYWMvkf2XCzryCpGgHqrMjyDWpmo
[2026-04-10 20:13:31] [INFO] [DBG]   k[2] s=0 w=0 len=32 b58=7u3HeHxYDLhnCoErrtycNokbQYbWGzLs6JSDqGAv5PfF
[2026-04-10 20:13:31] [INFO] [DBG]   k[3] s=0 w=1 len=32 b58=d4A2prbA2whesmvHaL88BH6Ewn5N4bTSU2Ze8P6Bc4Q
[2026-04-10 20:13:31] [INFO] [DBG]   k[4] s=0 w=0 len=32 b58=So11111111111111111111111111111111111111112
[2026-04-10 20:13:31] [INFO] [DBG]   k[5] s=0 w=1 len=32 b58=GafNuUXj9rxGLn4y79dPu6MHSuPWeJR6UtTWuexpGh3U
[2026-04-10 20:13:31] [INFO] [DBG]   k[6] s=0 w=1 len=32 b58=DQwQCSZL4Wm98FKdbVVw1Vq5txLcKNfxRBQrsy2MtcSa
[2026-04-10 20:13:31] [INFO] [DBG]   k[7] s=0 w=1 len=32 b58=3JNof8s453bwG5UqiXBLJc77NRQXezYYEBbk3fqnoKph
[2026-04-10 20:13:31] [INFO] [DBG]   k[8] s=0 w=0 len=32 b58=KLend2g3cP87fffoy8q1mQqGKjrxjC8boSyAYavgmjD
[2026-04-10 20:13:31] [INFO] [DBG]   k[9] s=0 w=0 len=32 b58=KLend2g3cP87fffoy8q1mQqGKjrxjC8boSyAYavgmjD
[2026-04-10 20:13:31] [INFO] [DBG]   k[10] s=0 w=0 len=32 b58=Sysvar1nstructions1111111111111111111111111
[2026-04-10 20:13:31] [INFO] [DBG]   k[11] s=0 w=0 len=32 b58=TokenkegQfeZyiNwAJbNbGKPFXCWuBvf9Ss623VQ5DA
[2026-04-10 20:13:31] [INFO] [DBG] ix[9] prog=Tokenkeg keys=3 dataLen=1 hex=09
[2026-04-10 20:13:31] [INFO] [DBG]   k[0] s=0 w=1 len=32 b58=DQwQCSZL4Wm98FKdbVVw1Vq5txLcKNfxRBQrsy2MtcSa
[2026-04-10 20:13:31] [INFO] [DBG]   k[1] s=0 w=1 len=32 b58=ESzi3jyKV4EWi1TC36nRwLiHHDVTmzn9iCFTotToyhC3
[2026-04-10 20:13:31] [INFO] [DBG]   k[2] s=1 w=0 len=32 b58=ESzi3jyKV4EWi1TC36nRwLiHHDVTmzn9iCFTotToyhC3
[2026-04-10 20:13:31] [ERROR] [LocalExec] Error: encoding overruns Uint8Array
[2026-04-10 20:13:31] [ERROR] [LocalExec] Stack: RangeError: encoding overruns Uint8Array
    at Blob.encode (/home/ubuntu/ARB-BOT/node_modules/@solana/buffer-layout/lib/Layout.js:2098:19)
    at Structure.encode (/home/ubuntu/ARB-BOT/node_modules/@solana/buffer-layout/lib/Layout.js:1092:36)
    at MessageV0.serialize (/home/ubuntu/ARB-BOT/node_modules/@solana/web3.js/lib/index.cjs.js:1045:51)
    at VersionedTransaction.sign (/home/ubuntu/ARB-BOT/node_modules/@solana/web3.js/lib/index.cjs.js:2107:38)
    at Executor.executeLocal (/home/ubuntu/ARB-BOT/src/executor.js:1312:21)
    at process.processTicksAndRejections (node:internal/process/task_queues:95:5)
    at async wsCallback (/home/ubuntu/ARB-BOT/src/bot.js:297:44)
[2026-04-10 20:13:31] [WARN] [LocalExec] ⚠️  computeSwap BYPASSED — pipeline test mode | gross local: -60.5851 USD
[2026-04-10 20:13:31] [INFO] 🎯 LOCAL EXEC — SOL/BONK | spread: 0.050% | loan: 20.0 SOL | profit: ~$-60.5851 | buy: Raydium CLMM@GtKKKs3y → sell: Orca@5zpyutJu
[2026-04-10 20:13:31] [INFO] [LocalExec] Jito tip: 50000 lamports (~$0.0043)
[2026-04-10 20:13:31] [INFO] [LocalExec] borrowIxIndex dynamically set to 2
[2026-04-10 20:13:31] [INFO] [DBG] innerIxs.length=10
[2026-04-10 20:13:31] [INFO] [DBG] ix[0] prog=11111111 keys=2 dataLen=12 hex=0200000050c3000000000000
[2026-04-10 20:13:31] [INFO] [DBG]   k[0] s=1 w=1 len=32 b58=ESzi3jyKV4EWi1TC36nRwLiHHDVTmzn9iCFTotToyhC3
[2026-04-10 20:13:31] [INFO] [DBG]   k[1] s=0 w=1 len=32 b58=3AVi9Tg9Uo68tJfuvoKvqKNWKkC5wPdSSdeBnizKZ6jT
[2026-04-10 20:13:31] [INFO] [DBG] ix[1] prog=ATokenGP keys=6 dataLen=1 hex=01
[2026-04-10 20:13:31] [INFO] [DBG]   k[0] s=1 w=1 len=32 b58=ESzi3jyKV4EWi1TC36nRwLiHHDVTmzn9iCFTotToyhC3
[2026-04-10 20:13:31] [INFO] [DBG]   k[1] s=0 w=1 len=32 b58=DQwQCSZL4Wm98FKdbVVw1Vq5txLcKNfxRBQrsy2MtcSa
[2026-04-10 20:13:31] [INFO] [DBG]   k[2] s=0 w=0 len=32 b58=ESzi3jyKV4EWi1TC36nRwLiHHDVTmzn9iCFTotToyhC3
[2026-04-10 20:13:31] [INFO] [DBG]   k[3] s=0 w=0 len=32 b58=So11111111111111111111111111111111111111112
[2026-04-10 20:13:31] [INFO] [DBG]   k[4] s=0 w=0 len=32 b58=11111111111111111111111111111111
[2026-04-10 20:13:31] [INFO] [DBG]   k[5] s=0 w=0 len=32 b58=TokenkegQfeZyiNwAJbNbGKPFXCWuBvf9Ss623VQ5DA
[2026-04-10 20:13:31] [INFO] [DBG] ix[2] prog=KLend2g3 keys=12 dataLen=16 hex=87e734a70734d4c100c817a804000000
[2026-04-10 20:13:31] [INFO] [DBG]   k[0] s=1 w=0 len=32 b58=ESzi3jyKV4EWi1TC36nRwLiHHDVTmzn9iCFTotToyhC3
[2026-04-10 20:13:31] [INFO] [DBG]   k[1] s=0 w=0 len=32 b58=9DrvZvyWh1HuAoZxvYWMvkf2XCzryCpGgHqrMjyDWpmo
[2026-04-10 20:13:31] [INFO] [DBG]   k[2] s=0 w=0 len=32 b58=7u3HeHxYDLhnCoErrtycNokbQYbWGzLs6JSDqGAv5PfF
[2026-04-10 20:13:31] [INFO] [DBG]   k[3] s=0 w=1 len=32 b58=d4A2prbA2whesmvHaL88BH6Ewn5N4bTSU2Ze8P6Bc4Q
[2026-04-10 20:13:31] [INFO] [DBG]   k[4] s=0 w=0 len=32 b58=So11111111111111111111111111111111111111112
[2026-04-10 20:13:31] [INFO] [DBG]   k[5] s=0 w=1 len=32 b58=GafNuUXj9rxGLn4y79dPu6MHSuPWeJR6UtTWuexpGh3U
[2026-04-10 20:13:31] [INFO] [DBG]   k[6] s=0 w=1 len=32 b58=DQwQCSZL4Wm98FKdbVVw1Vq5txLcKNfxRBQrsy2MtcSa
[2026-04-10 20:13:31] [INFO] [DBG]   k[7] s=0 w=1 len=32 b58=3JNof8s453bwG5UqiXBLJc77NRQXezYYEBbk3fqnoKph
[2026-04-10 20:13:31] [INFO] [DBG]   k[8] s=0 w=0 len=32 b58=KLend2g3cP87fffoy8q1mQqGKjrxjC8boSyAYavgmjD
[2026-04-10 20:13:31] [INFO] [DBG]   k[9] s=0 w=0 len=32 b58=KLend2g3cP87fffoy8q1mQqGKjrxjC8boSyAYavgmjD
[2026-04-10 20:13:31] [INFO] [DBG]   k[10] s=0 w=0 len=32 b58=Sysvar1nstructions1111111111111111111111111
[2026-04-10 20:13:31] [INFO] [DBG]   k[11] s=0 w=0 len=32 b58=TokenkegQfeZyiNwAJbNbGKPFXCWuBvf9Ss623VQ5DA
[2026-04-10 20:13:31] [INFO] [DBG] ix[3] prog=ComputeB keys=0 dataLen=5 hex=02c0270900
[2026-04-10 20:13:31] [INFO] [DBG] ix[4] prog=ComputeB keys=0 dataLen=9 hex=030100000000000000
[2026-04-10 20:13:31] [INFO] [DBG] ix[5] prog=ATokenGP keys=6 dataLen=1 hex=01
[2026-04-10 20:13:31] [INFO] [DBG]   k[0] s=1 w=1 len=32 b58=ESzi3jyKV4EWi1TC36nRwLiHHDVTmzn9iCFTotToyhC3
[2026-04-10 20:13:31] [INFO] [DBG]   k[1] s=0 w=1 len=32 b58=8ChvMvALunCZrZnbr3Jwf4S8kEKYAqcMGL2C53MFgK87
[2026-04-10 20:13:31] [INFO] [DBG]   k[2] s=0 w=0 len=32 b58=ESzi3jyKV4EWi1TC36nRwLiHHDVTmzn9iCFTotToyhC3
[2026-04-10 20:13:31] [INFO] [DBG]   k[3] s=0 w=0 len=32 b58=DezXAZ8z7PnrnRJjz3wXBoRgixCa6xjnB7YaB1pPB263
[2026-04-10 20:13:31] [INFO] [DBG]   k[4] s=0 w=0 len=32 b58=11111111111111111111111111111111
[2026-04-10 20:13:31] [INFO] [DBG]   k[5] s=0 w=0 len=32 b58=TokenkegQfeZyiNwAJbNbGKPFXCWuBvf9Ss623VQ5DA
[2026-04-10 20:13:31] [INFO] [DBG] ix[6] prog=CAMMCzo5 keys=12 dataLen=41 hex=f8c69e91e17587c800c817a804000000d38fbf5e73160000513b010001000000000000000000000001
[2026-04-10 20:13:31] [INFO] [DBG]   k[0] s=1 w=1 len=32 b58=ESzi3jyKV4EWi1TC36nRwLiHHDVTmzn9iCFTotToyhC3
[2026-04-10 20:13:31] [INFO] [DBG]   k[1] s=0 w=0 len=32 b58=E64NGkDLLCdQ2yFNPcavaKptrEgmiQaNykUuLC1Qgwyp
[2026-04-10 20:13:31] [INFO] [DBG]   k[2] s=0 w=1 len=32 b58=GtKKKs3yaPdHbQd2aZS4SfWhy8zQ988BJGnKNndLxYsN
[2026-04-10 20:13:31] [INFO] [DBG]   k[3] s=0 w=1 len=32 b58=DQwQCSZL4Wm98FKdbVVw1Vq5txLcKNfxRBQrsy2MtcSa
[2026-04-10 20:13:31] [INFO] [DBG]   k[4] s=0 w=1 len=32 b58=8ChvMvALunCZrZnbr3Jwf4S8kEKYAqcMGL2C53MFgK87
[2026-04-10 20:13:31] [INFO] [DBG]   k[5] s=0 w=1 len=32 b58=GDnBvA76ZAJ2K3en2F1iExPZ6qz83Xjj5srXMmSKTYDW
[2026-04-10 20:13:31] [INFO] [DBG]   k[6] s=0 w=1 len=32 b58=2wzaFLYb4JcDrVs8TfU3TfkVwq1Pdp3rRgWdNJzFGXud
[2026-04-10 20:13:31] [INFO] [DBG]   k[7] s=0 w=1 len=32 b58=Gj8gzDNKmf5y3p1LorKHTvMZ8eCLhbCDnhGiN5xVW8Jq
[2026-04-10 20:13:31] [INFO] [DBG]   k[8] s=0 w=0 len=32 b58=TokenkegQfeZyiNwAJbNbGKPFXCWuBvf9Ss623VQ5DA
[2026-04-10 20:13:31] [INFO] [DBG]   k[9] s=0 w=1 len=32 b58=FohQpHgvyJQHbYvrkyVXGuZpA2aaBXVBeHtEoxe5gzir
[2026-04-10 20:13:31] [INFO] [DBG]   k[10] s=0 w=1 len=32 b58=H162txn8gSuXiVfXffF8XxTAoP9KUDrhtktpeDpYEqk4
[2026-04-10 20:13:31] [INFO] [DBG]   k[11] s=0 w=1 len=32 b58=81hDVagG29yQRDdthwSLE93VGKtRddTN8Eo7bnwzGUVF
[2026-04-10 20:13:31] [INFO] [DBG] ix[7] prog=whirLbMi keys=11 dataLen=42 hex=f8c69e91e17587c85d837ff7f118000000c817a804000000af331ba8327fbb35b1c4feff000000000100
[2026-04-10 20:13:31] [INFO] [DBG]   k[0] s=0 w=0 len=32 b58=TokenkegQfeZyiNwAJbNbGKPFXCWuBvf9Ss623VQ5DA
[2026-04-10 20:13:31] [INFO] [DBG]   k[1] s=1 w=0 len=32 b58=ESzi3jyKV4EWi1TC36nRwLiHHDVTmzn9iCFTotToyhC3
[2026-04-10 20:13:31] [INFO] [DBG]   k[2] s=0 w=1 len=32 b58=5zpyutJu9ee6jFymDGoK7F6S5Kczqtc9FomP3ueKuyA9
[2026-04-10 20:13:31] [INFO] [DBG]   k[3] s=0 w=1 len=32 b58=DQwQCSZL4Wm98FKdbVVw1Vq5txLcKNfxRBQrsy2MtcSa
[2026-04-10 20:13:31] [INFO] [DBG]   k[4] s=0 w=1 len=32 b58=ES7yhSrYeFo4U1PfJHNRkbfCWxCwPLk2DjrEbmN8bg58
[2026-04-10 20:13:31] [INFO] [DBG]   k[5] s=0 w=1 len=32 b58=8ChvMvALunCZrZnbr3Jwf4S8kEKYAqcMGL2C53MFgK87
[2026-04-10 20:13:31] [INFO] [DBG]   k[6] s=0 w=1 len=32 b58=4dmvFGeQH2eqa3ktNHMgm4wZ8vuTukBiK9M7gxW5oR9F
[2026-04-10 20:13:31] [INFO] [DBG]   k[7] s=0 w=1 len=32 b58=EJRTQoUhFocFL4fRwrhERF6wBL4RTZQrKe6dDuwrnRei
[2026-04-10 20:13:31] [INFO] [DBG]   k[8] s=0 w=1 len=32 b58=GqjT3UE9p9t2hkzoKnvS4p2pJkvWaaRLR65PxJdcPzb7
[2026-04-10 20:13:31] [INFO] [DBG]   k[9] s=0 w=1 len=32 b58=AKZj2vZ2UxQaZKcCYeGmsRocw52kwG94k6D4p1ssdDmp
[2026-04-10 20:13:31] [INFO] [DBG]   k[10] s=0 w=0 len=32 b58=EXpqcVuTTPEmyeVu2LHM75ha7FwmjJ88MnhSMRRdy5Sh
[2026-04-10 20:13:31] [INFO] [DBG] ix[8] prog=KLend2g3 keys=12 dataLen=17 hex=b97500cb60f5b4ba00c817a80400000002
[2026-04-10 20:13:31] [INFO] [DBG]   k[0] s=1 w=0 len=32 b58=ESzi3jyKV4EWi1TC36nRwLiHHDVTmzn9iCFTotToyhC3
[2026-04-10 20:13:31] [INFO] [DBG]   k[1] s=0 w=0 len=32 b58=9DrvZvyWh1HuAoZxvYWMvkf2XCzryCpGgHqrMjyDWpmo
[2026-04-10 20:13:31] [INFO] [DBG]   k[2] s=0 w=0 len=32 b58=7u3HeHxYDLhnCoErrtycNokbQYbWGzLs6JSDqGAv5PfF
[2026-04-10 20:13:31] [INFO] [DBG]   k[3] s=0 w=1 len=32 b58=d4A2prbA2whesmvHaL88BH6Ewn5N4bTSU2Ze8P6Bc4Q
[2026-04-10 20:13:31] [INFO] [DBG]   k[4] s=0 w=0 len=32 b58=So11111111111111111111111111111111111111112
[2026-04-10 20:13:31] [INFO] [DBG]   k[5] s=0 w=1 len=32 b58=GafNuUXj9rxGLn4y79dPu6MHSuPWeJR6UtTWuexpGh3U
[2026-04-10 20:13:31] [INFO] [DBG]   k[6] s=0 w=1 len=32 b58=DQwQCSZL4Wm98FKdbVVw1Vq5txLcKNfxRBQrsy2MtcSa
[2026-04-10 20:13:31] [INFO] [DBG]   k[7] s=0 w=1 len=32 b58=3JNof8s453bwG5UqiXBLJc77NRQXezYYEBbk3fqnoKph
[2026-04-10 20:13:31] [INFO] [DBG]   k[8] s=0 w=0 len=32 b58=KLend2g3cP87fffoy8q1mQqGKjrxjC8boSyAYavgmjD
[2026-04-10 20:13:31] [INFO] [DBG]   k[9] s=0 w=0 len=32 b58=KLend2g3cP87fffoy8q1mQqGKjrxjC8boSyAYavgmjD
[2026-04-10 20:13:31] [INFO] [DBG]   k[10] s=0 w=0 len=32 b58=Sysvar1nstructions1111111111111111111111111
[2026-04-10 20:13:31] [INFO] [DBG]   k[11] s=0 w=0 len=32 b58=TokenkegQfeZyiNwAJbNbGKPFXCWuBvf9Ss623VQ5DA
[2026-04-10 20:13:31] [INFO] [DBG] ix[9] prog=Tokenkeg keys=3 dataLen=1 hex=09
[2026-04-10 20:13:31] [INFO] [DBG]   k[0] s=0 w=1 len=32 b58=DQwQCSZL4Wm98FKdbVVw1Vq5txLcKNfxRBQrsy2MtcSa
[2026-04-10 20:13:31] [INFO] [DBG]   k[1] s=0 w=1 len=32 b58=ESzi3jyKV4EWi1TC36nRwLiHHDVTmzn9iCFTotToyhC3
[2026-04-10 20:13:31] [INFO] [DBG]   k[2] s=1 w=0 len=32 b58=ESzi3jyKV4EWi1TC36nRwLiHHDVTmzn9iCFTotToyhC3
[2026-04-10 20:13:31] [ERROR] [LocalExec] Error: encoding overruns Uint8Array
[2026-04-10 20:13:31] [ERROR] [LocalExec] Stack: RangeError: encoding overruns Uint8Array
    at Blob.encode (/home/ubuntu/ARB-BOT/node_modules/@solana/buffer-layout/lib/Layout.js:2098:19)
    at Structure.encode (/home/ubuntu/ARB-BOT/node_modules/@solana/buffer-layout/lib/Layout.js:1092:36)
    at MessageV0.serialize (/home/ubuntu/ARB-BOT/node_modules/@solana/web3.js/lib/index.cjs.js:1045:51)
    at VersionedTransaction.sign (/home/ubuntu/ARB-BOT/node_modules/@solana/web3.js/lib/index.cjs.js:2107:38)
    at Executor.executeLocal (/home/ubuntu/ARB-BOT/src/executor.js:1312:21)
    at process.processTicksAndRejections (node:internal/process/task_queues:95:5)
    at async wsCallback (/home/ubuntu/ARB-BOT/src/bot.js:297:44)
[2026-04-10 20:13:31] [WARN] [LocalExec] ⚠️  computeSwap BYPASSED — pipeline test mode | gross local: -15.4628 USD
[2026-04-10 20:13:31] [INFO] 🎯 LOCAL EXEC — SOL/BONK | spread: 0.050% | loan: 10.0 SOL | profit: ~$-15.4628 | buy: Raydium CLMM@GtKKKs3y → sell: Orca@5zpyutJu
[2026-04-10 20:13:31] [INFO] [LocalExec] Jito tip: 50000 lamports (~$0.0043)
[2026-04-10 20:13:31] [INFO] [LocalExec] borrowIxIndex dynamically set to 2
[2026-04-10 20:13:31] [INFO] [DBG] innerIxs.length=10
[2026-04-10 20:13:31] [INFO] [DBG] ix[0] prog=11111111 keys=2 dataLen=12 hex=0200000050c3000000000000
[2026-04-10 20:13:31] [INFO] [DBG]   k[0] s=1 w=1 len=32 b58=ESzi3jyKV4EWi1TC36nRwLiHHDVTmzn9iCFTotToyhC3
[2026-04-10 20:13:31] [INFO] [DBG]   k[1] s=0 w=1 len=32 b58=3AVi9Tg9Uo68tJfuvoKvqKNWKkC5wPdSSdeBnizKZ6jT
[2026-04-10 20:13:31] [INFO] [DBG] ix[1] prog=ATokenGP keys=6 dataLen=1 hex=01
[2026-04-10 20:13:31] [INFO] [DBG]   k[0] s=1 w=1 len=32 b58=ESzi3jyKV4EWi1TC36nRwLiHHDVTmzn9iCFTotToyhC3
[2026-04-10 20:13:31] [INFO] [DBG]   k[1] s=0 w=1 len=32 b58=DQwQCSZL4Wm98FKdbVVw1Vq5txLcKNfxRBQrsy2MtcSa
[2026-04-10 20:13:31] [INFO] [DBG]   k[2] s=0 w=0 len=32 b58=ESzi3jyKV4EWi1TC36nRwLiHHDVTmzn9iCFTotToyhC3
[2026-04-10 20:13:31] [INFO] [DBG]   k[3] s=0 w=0 len=32 b58=So11111111111111111111111111111111111111112
[2026-04-10 20:13:31] [INFO] [DBG]   k[4] s=0 w=0 len=32 b58=11111111111111111111111111111111
[2026-04-10 20:13:31] [INFO] [DBG]   k[5] s=0 w=0 len=32 b58=TokenkegQfeZyiNwAJbNbGKPFXCWuBvf9Ss623VQ5DA
[2026-04-10 20:13:31] [INFO] [DBG] ix[2] prog=KLend2g3 keys=12 dataLen=16 hex=87e734a70734d4c100e40b5402000000
[2026-04-10 20:13:31] [INFO] [DBG]   k[0] s=1 w=0 len=32 b58=ESzi3jyKV4EWi1TC36nRwLiHHDVTmzn9iCFTotToyhC3
[2026-04-10 20:13:31] [INFO] [DBG]   k[1] s=0 w=0 len=32 b58=9DrvZvyWh1HuAoZxvYWMvkf2XCzryCpGgHqrMjyDWpmo
[2026-04-10 20:13:31] [INFO] [DBG]   k[2] s=0 w=0 len=32 b58=7u3HeHxYDLhnCoErrtycNokbQYbWGzLs6JSDqGAv5PfF
[2026-04-10 20:13:31] [INFO] [DBG]   k[3] s=0 w=1 len=32 b58=d4A2prbA2whesmvHaL88BH6Ewn5N4bTSU2Ze8P6Bc4Q
[2026-04-10 20:13:31] [INFO] [DBG]   k[4] s=0 w=0 len=32 b58=So11111111111111111111111111111111111111112
[2026-04-10 20:13:31] [INFO] [DBG]   k[5] s=0 w=1 len=32 b58=GafNuUXj9rxGLn4y79dPu6MHSuPWeJR6UtTWuexpGh3U
[2026-04-10 20:13:31] [INFO] [DBG]   k[6] s=0 w=1 len=32 b58=DQwQCSZL4Wm98FKdbVVw1Vq5txLcKNfxRBQrsy2MtcSa
[2026-04-10 20:13:31] [INFO] [DBG]   k[7] s=0 w=1 len=32 b58=3JNof8s453bwG5UqiXBLJc77NRQXezYYEBbk3fqnoKph
[2026-04-10 20:13:31] [INFO] [DBG]   k[8] s=0 w=0 len=32 b58=KLend2g3cP87fffoy8q1mQqGKjrxjC8boSyAYavgmjD
[2026-04-10 20:13:31] [INFO] [DBG]   k[9] s=0 w=0 len=32 b58=KLend2g3cP87fffoy8q1mQqGKjrxjC8boSyAYavgmjD
[2026-04-10 20:13:31] [INFO] [DBG]   k[10] s=0 w=0 len=32 b58=Sysvar1nstructions1111111111111111111111111
[2026-04-10 20:13:31] [INFO] [DBG]   k[11] s=0 w=0 len=32 b58=TokenkegQfeZyiNwAJbNbGKPFXCWuBvf9Ss623VQ5DA
[2026-04-10 20:13:31] [INFO] [DBG] ix[3] prog=ComputeB keys=0 dataLen=5 hex=02c0270900
[2026-04-10 20:13:31] [INFO] [DBG] ix[4] prog=ComputeB keys=0 dataLen=9 hex=030100000000000000
[2026-04-10 20:13:31] [INFO] [DBG] ix[5] prog=ATokenGP keys=6 dataLen=1 hex=01
[2026-04-10 20:13:31] [INFO] [DBG]   k[0] s=1 w=1 len=32 b58=ESzi3jyKV4EWi1TC36nRwLiHHDVTmzn9iCFTotToyhC3
[2026-04-10 20:13:31] [INFO] [DBG]   k[1] s=0 w=1 len=32 b58=8ChvMvALunCZrZnbr3Jwf4S8kEKYAqcMGL2C53MFgK87
[2026-04-10 20:13:31] [INFO] [DBG]   k[2] s=0 w=0 len=32 b58=ESzi3jyKV4EWi1TC36nRwLiHHDVTmzn9iCFTotToyhC3
[2026-04-10 20:13:31] [INFO] [DBG]   k[3] s=0 w=0 len=32 b58=DezXAZ8z7PnrnRJjz3wXBoRgixCa6xjnB7YaB1pPB263
[2026-04-10 20:13:31] [INFO] [DBG]   k[4] s=0 w=0 len=32 b58=11111111111111111111111111111111
[2026-04-10 20:13:31] [INFO] [DBG]   k[5] s=0 w=0 len=32 b58=TokenkegQfeZyiNwAJbNbGKPFXCWuBvf9Ss623VQ5DA
[2026-04-10 20:13:31] [INFO] [DBG] ix[6] prog=CAMMCzo5 keys=12 dataLen=41 hex=f8c69e91e17587c800e40b5402000000150a420d640b0000513b010001000000000000000000000001
[2026-04-10 20:13:31] [INFO] [DBG]   k[0] s=1 w=1 len=32 b58=ESzi3jyKV4EWi1TC36nRwLiHHDVTmzn9iCFTotToyhC3
[2026-04-10 20:13:31] [INFO] [DBG]   k[1] s=0 w=0 len=32 b58=E64NGkDLLCdQ2yFNPcavaKptrEgmiQaNykUuLC1Qgwyp
[2026-04-10 20:13:31] [INFO] [DBG]   k[2] s=0 w=1 len=32 b58=GtKKKs3yaPdHbQd2aZS4SfWhy8zQ988BJGnKNndLxYsN
[2026-04-10 20:13:31] [INFO] [DBG]   k[3] s=0 w=1 len=32 b58=DQwQCSZL4Wm98FKdbVVw1Vq5txLcKNfxRBQrsy2MtcSa
[2026-04-10 20:13:31] [INFO] [DBG]   k[4] s=0 w=1 len=32 b58=8ChvMvALunCZrZnbr3Jwf4S8kEKYAqcMGL2C53MFgK87
[2026-04-10 20:13:31] [INFO] [DBG]   k[5] s=0 w=1 len=32 b58=GDnBvA76ZAJ2K3en2F1iExPZ6qz83Xjj5srXMmSKTYDW
[2026-04-10 20:13:31] [INFO] [DBG]   k[6] s=0 w=1 len=32 b58=2wzaFLYb4JcDrVs8TfU3TfkVwq1Pdp3rRgWdNJzFGXud
[2026-04-10 20:13:31] [INFO] [DBG]   k[7] s=0 w=1 len=32 b58=Gj8gzDNKmf5y3p1LorKHTvMZ8eCLhbCDnhGiN5xVW8Jq
[2026-04-10 20:13:31] [INFO] [DBG]   k[8] s=0 w=0 len=32 b58=TokenkegQfeZyiNwAJbNbGKPFXCWuBvf9Ss623VQ5DA
[2026-04-10 20:13:31] [INFO] [DBG]   k[9] s=0 w=1 len=32 b58=FohQpHgvyJQHbYvrkyVXGuZpA2aaBXVBeHtEoxe5gzir
[2026-04-10 20:13:31] [INFO] [DBG]   k[10] s=0 w=1 len=32 b58=H162txn8gSuXiVfXffF8XxTAoP9KUDrhtktpeDpYEqk4
[2026-04-10 20:13:31] [INFO] [DBG]   k[11] s=0 w=1 len=32 b58=81hDVagG29yQRDdthwSLE93VGKtRddTN8Eo7bnwzGUVF
[2026-04-10 20:13:31] [INFO] [DBG] ix[7] prog=whirLbMi keys=11 dataLen=42 hex=f8c69e91e17587c8a627bb0ea80c000000e40b5402000000af331ba8327fbb35b1c4feff000000000100
[2026-04-10 20:13:31] [INFO] [DBG]   k[0] s=0 w=0 len=32 b58=TokenkegQfeZyiNwAJbNbGKPFXCWuBvf9Ss623VQ5DA
[2026-04-10 20:13:31] [INFO] [DBG]   k[1] s=1 w=0 len=32 b58=ESzi3jyKV4EWi1TC36nRwLiHHDVTmzn9iCFTotToyhC3
[2026-04-10 20:13:31] [INFO] [DBG]   k[2] s=0 w=1 len=32 b58=5zpyutJu9ee6jFymDGoK7F6S5Kczqtc9FomP3ueKuyA9
[2026-04-10 20:13:31] [INFO] [DBG]   k[3] s=0 w=1 len=32 b58=DQwQCSZL4Wm98FKdbVVw1Vq5txLcKNfxRBQrsy2MtcSa
[2026-04-10 20:13:31] [INFO] [DBG]   k[4] s=0 w=1 len=32 b58=ES7yhSrYeFo4U1PfJHNRkbfCWxCwPLk2DjrEbmN8bg58
[2026-04-10 20:13:31] [INFO] [DBG]   k[5] s=0 w=1 len=32 b58=8ChvMvALunCZrZnbr3Jwf4S8kEKYAqcMGL2C53MFgK87
[2026-04-10 20:13:31] [INFO] [DBG]   k[6] s=0 w=1 len=32 b58=4dmvFGeQH2eqa3ktNHMgm4wZ8vuTukBiK9M7gxW5oR9F
[2026-04-10 20:13:31] [INFO] [DBG]   k[7] s=0 w=1 len=32 b58=EJRTQoUhFocFL4fRwrhERF6wBL4RTZQrKe6dDuwrnRei
[2026-04-10 20:13:31] [INFO] [DBG]   k[8] s=0 w=1 len=32 b58=GqjT3UE9p9t2hkzoKnvS4p2pJkvWaaRLR65PxJdcPzb7
[2026-04-10 20:13:31] [INFO] [DBG]   k[9] s=0 w=1 len=32 b58=AKZj2vZ2UxQaZKcCYeGmsRocw52kwG94k6D4p1ssdDmp
[2026-04-10 20:13:31] [INFO] [DBG]   k[10] s=0 w=0 len=32 b58=EXpqcVuTTPEmyeVu2LHM75ha7FwmjJ88MnhSMRRdy5Sh
[2026-04-10 20:13:31] [INFO] [DBG] ix[8] prog=KLend2g3 keys=12 dataLen=17 hex=b97500cb60f5b4ba00e40b540200000002
[2026-04-10 20:13:31] [INFO] [DBG]   k[0] s=1 w=0 len=32 b58=ESzi3jyKV4EWi1TC36nRwLiHHDVTmzn9iCFTotToyhC3
[2026-04-10 20:13:31] [INFO] [DBG]   k[1] s=0 w=0 len=32 b58=9DrvZvyWh1HuAoZxvYWMvkf2XCzryCpGgHqrMjyDWpmo
[2026-04-10 20:13:31] [INFO] [DBG]   k[2] s=0 w=0 len=32 b58=7u3HeHxYDLhnCoErrtycNokbQYbWGzLs6JSDqGAv5PfF
[2026-04-10 20:13:31] [INFO] [DBG]   k[3] s=0 w=1 len=32 b58=d4A2prbA2whesmvHaL88BH6Ewn5N4bTSU2Ze8P6Bc4Q
[2026-04-10 20:13:31] [INFO] [DBG]   k[4] s=0 w=0 len=32 b58=So11111111111111111111111111111111111111112
[2026-04-10 20:13:31] [INFO] [DBG]   k[5] s=0 w=1 len=32 b58=GafNuUXj9rxGLn4y79dPu6MHSuPWeJR6UtTWuexpGh3U
[2026-04-10 20:13:31] [INFO] [DBG]   k[6] s=0 w=1 len=32 b58=DQwQCSZL4Wm98FKdbVVw1Vq5txLcKNfxRBQrsy2MtcSa
[2026-04-10 20:13:31] [INFO] [DBG]   k[7] s=0 w=1 len=32 b58=3JNof8s453bwG5UqiXBLJc77NRQXezYYEBbk3fqnoKph
[2026-04-10 20:13:31] [INFO] [DBG]   k[8] s=0 w=0 len=32 b58=KLend2g3cP87fffoy8q1mQqGKjrxjC8boSyAYavgmjD
[2026-04-10 20:13:31] [INFO] [DBG]   k[9] s=0 w=0 len=32 b58=KLend2g3cP87fffoy8q1mQqGKjrxjC8boSyAYavgmjD
[2026-04-10 20:13:31] [INFO] [DBG]   k[10] s=0 w=0 len=32 b58=Sysvar1nstructions1111111111111111111111111
[2026-04-10 20:13:31] [INFO] [DBG]   k[11] s=0 w=0 len=32 b58=TokenkegQfeZyiNwAJbNbGKPFXCWuBvf9Ss623VQ5DA
[2026-04-10 20:13:31] [INFO] [DBG] ix[9] prog=Tokenkeg keys=3 dataLen=1 hex=09
[2026-04-10 20:13:31] [INFO] [DBG]   k[0] s=0 w=1 len=32 b58=DQwQCSZL4Wm98FKdbVVw1Vq5txLcKNfxRBQrsy2MtcSa
[2026-04-10 20:13:31] [INFO] [DBG]   k[1] s=0 w=1 len=32 b58=ESzi3jyKV4EWi1TC36nRwLiHHDVTmzn9iCFTotToyhC3
[2026-04-10 20:13:31] [INFO] [DBG]   k[2] s=1 w=0 len=32 b58=ESzi3jyKV4EWi1TC36nRwLiHHDVTmzn9iCFTotToyhC3
[2026-04-10 20:13:31] [ERROR] [LocalExec] Error: encoding overruns Uint8Array
[2026-04-10 20:13:31] [ERROR] [LocalExec] Stack: RangeError: encoding overruns Uint8Array
    at Blob.encode (/home/ubuntu/ARB-BOT/node_modules/@solana/buffer-layout/lib/Layout.js:2098:19)
    at Structure.encode (/home/ubuntu/ARB-BOT/node_modules/@solana/buffer-layout/lib/Layout.js:1092:36)
    at MessageV0.serialize (/home/ubuntu/ARB-BOT/node_modules/@solana/web3.js/lib/index.cjs.js:1045:51)
    at VersionedTransaction.sign (/home/ubuntu/ARB-BOT/node_modules/@solana/web3.js/lib/index.cjs.js:2107:38)
    at Executor.executeLocal (/home/ubuntu/ARB-BOT/src/executor.js:1312:21)
    at process.processTicksAndRejections (node:internal/process/task_queues:95:5)
    at async wsCallback (/home/ubuntu/ARB-BOT/src/bot.js:297:44)
[2026-04-10 20:13:31] [WARN] [LocalExec] ⚠️  computeSwap BYPASSED — pipeline test mode | gross local: -2.5222 USD
[2026-04-10 20:13:31] [INFO] 🎯 LOCAL EXEC — SOL/BONK | spread: 0.050% | loan: 4.0 SOL | profit: ~$-2.5222 | buy: Raydium CLMM@GtKKKs3y → sell: Orca@5zpyutJu
[2026-04-10 20:13:31] [INFO] [LocalExec] Jito tip: 50000 lamports (~$0.0043)
[2026-04-10 20:13:31] [INFO] [LocalExec] borrowIxIndex dynamically set to 2
[2026-04-10 20:13:31] [INFO] [DBG] innerIxs.length=10
[2026-04-10 20:13:31] [INFO] [DBG] ix[0] prog=11111111 keys=2 dataLen=12 hex=0200000050c3000000000000
[2026-04-10 20:13:31] [INFO] [DBG]   k[0] s=1 w=1 len=32 b58=ESzi3jyKV4EWi1TC36nRwLiHHDVTmzn9iCFTotToyhC3
[2026-04-10 20:13:31] [INFO] [DBG]   k[1] s=0 w=1 len=32 b58=ADuUkR4vqLUMWXxW9gh6D6L8pMSawimctcNZ5pGwDcEt
[2026-04-10 20:13:31] [INFO] [DBG] ix[1] prog=ATokenGP keys=6 dataLen=1 hex=01
[2026-04-10 20:13:31] [INFO] [DBG]   k[0] s=1 w=1 len=32 b58=ESzi3jyKV4EWi1TC36nRwLiHHDVTmzn9iCFTotToyhC3
[2026-04-10 20:13:31] [INFO] [DBG]   k[1] s=0 w=1 len=32 b58=DQwQCSZL4Wm98FKdbVVw1Vq5txLcKNfxRBQrsy2MtcSa
[2026-04-10 20:13:31] [INFO] [DBG]   k[2] s=0 w=0 len=32 b58=ESzi3jyKV4EWi1TC36nRwLiHHDVTmzn9iCFTotToyhC3
[2026-04-10 20:13:31] [INFO] [DBG]   k[3] s=0 w=0 len=32 b58=So11111111111111111111111111111111111111112
[2026-04-10 20:13:31] [INFO] [DBG]   k[4] s=0 w=0 len=32 b58=11111111111111111111111111111111
[2026-04-10 20:13:31] [INFO] [DBG]   k[5] s=0 w=0 len=32 b58=TokenkegQfeZyiNwAJbNbGKPFXCWuBvf9Ss623VQ5DA
[2026-04-10 20:13:31] [INFO] [DBG] ix[2] prog=KLend2g3 keys=12 dataLen=16 hex=87e734a70734d4c100286bee00000000
[2026-04-10 20:13:31] [INFO] [DBG]   k[0] s=1 w=0 len=32 b58=ESzi3jyKV4EWi1TC36nRwLiHHDVTmzn9iCFTotToyhC3
[2026-04-10 20:13:31] [INFO] [DBG]   k[1] s=0 w=0 len=32 b58=9DrvZvyWh1HuAoZxvYWMvkf2XCzryCpGgHqrMjyDWpmo
[2026-04-10 20:13:31] [INFO] [DBG]   k[2] s=0 w=0 len=32 b58=7u3HeHxYDLhnCoErrtycNokbQYbWGzLs6JSDqGAv5PfF
[2026-04-10 20:13:31] [INFO] [DBG]   k[3] s=0 w=1 len=32 b58=d4A2prbA2whesmvHaL88BH6Ewn5N4bTSU2Ze8P6Bc4Q
[2026-04-10 20:13:31] [INFO] [DBG]   k[4] s=0 w=0 len=32 b58=So11111111111111111111111111111111111111112
[2026-04-10 20:13:31] [INFO] [DBG]   k[5] s=0 w=1 len=32 b58=GafNuUXj9rxGLn4y79dPu6MHSuPWeJR6UtTWuexpGh3U
[2026-04-10 20:13:31] [INFO] [DBG]   k[6] s=0 w=1 len=32 b58=DQwQCSZL4Wm98FKdbVVw1Vq5txLcKNfxRBQrsy2MtcSa
[2026-04-10 20:13:31] [INFO] [DBG]   k[7] s=0 w=1 len=32 b58=3JNof8s453bwG5UqiXBLJc77NRQXezYYEBbk3fqnoKph
[2026-04-10 20:13:31] [INFO] [DBG]   k[8] s=0 w=0 len=32 b58=KLend2g3cP87fffoy8q1mQqGKjrxjC8boSyAYavgmjD
[2026-04-10 20:13:31] [INFO] [DBG]   k[9] s=0 w=0 len=32 b58=KLend2g3cP87fffoy8q1mQqGKjrxjC8boSyAYavgmjD
[2026-04-10 20:13:31] [INFO] [DBG]   k[10] s=0 w=0 len=32 b58=Sysvar1nstructions1111111111111111111111111
[2026-04-10 20:13:31] [INFO] [DBG]   k[11] s=0 w=0 len=32 b58=TokenkegQfeZyiNwAJbNbGKPFXCWuBvf9Ss623VQ5DA
[2026-04-10 20:13:31] [INFO] [DBG] ix[3] prog=ComputeB keys=0 dataLen=5 hex=02c0270900
[2026-04-10 20:13:31] [INFO] [DBG] ix[4] prog=ComputeB keys=0 dataLen=9 hex=030100000000000000
[2026-04-10 20:13:31] [INFO] [DBG] ix[5] prog=ATokenGP keys=6 dataLen=1 hex=01
[2026-04-10 20:13:31] [INFO] [DBG]   k[0] s=1 w=1 len=32 b58=ESzi3jyKV4EWi1TC36nRwLiHHDVTmzn9iCFTotToyhC3
[2026-04-10 20:13:31] [INFO] [DBG]   k[1] s=0 w=1 len=32 b58=8ChvMvALunCZrZnbr3Jwf4S8kEKYAqcMGL2C53MFgK87
[2026-04-10 20:13:31] [INFO] [DBG]   k[2] s=0 w=0 len=32 b58=ESzi3jyKV4EWi1TC36nRwLiHHDVTmzn9iCFTotToyhC3
[2026-04-10 20:13:31] [INFO] [DBG]   k[3] s=0 w=0 len=32 b58=DezXAZ8z7PnrnRJjz3wXBoRgixCa6xjnB7YaB1pPB263
[2026-04-10 20:13:31] [INFO] [DBG]   k[4] s=0 w=0 len=32 b58=11111111111111111111111111111111
[2026-04-10 20:13:31] [INFO] [DBG]   k[5] s=0 w=0 len=32 b58=TokenkegQfeZyiNwAJbNbGKPFXCWuBvf9Ss623VQ5DA
[2026-04-10 20:13:31] [INFO] [DBG] ix[6] prog=CAMMCzo5 keys=12 dataLen=41 hex=f8c69e91e17587c800286bee00000000264caad498040000513b010001000000000000000000000001
[2026-04-10 20:13:31] [INFO] [DBG]   k[0] s=1 w=1 len=32 b58=ESzi3jyKV4EWi1TC36nRwLiHHDVTmzn9iCFTotToyhC3
[2026-04-10 20:13:31] [INFO] [DBG]   k[1] s=0 w=0 len=32 b58=E64NGkDLLCdQ2yFNPcavaKptrEgmiQaNykUuLC1Qgwyp
[2026-04-10 20:13:31] [INFO] [DBG]   k[2] s=0 w=1 len=32 b58=GtKKKs3yaPdHbQd2aZS4SfWhy8zQ988BJGnKNndLxYsN
[2026-04-10 20:13:31] [INFO] [DBG]   k[3] s=0 w=1 len=32 b58=DQwQCSZL4Wm98FKdbVVw1Vq5txLcKNfxRBQrsy2MtcSa
[2026-04-10 20:13:31] [INFO] [DBG]   k[4] s=0 w=1 len=32 b58=8ChvMvALunCZrZnbr3Jwf4S8kEKYAqcMGL2C53MFgK87
[2026-04-10 20:13:31] [INFO] [DBG]   k[5] s=0 w=1 len=32 b58=GDnBvA76ZAJ2K3en2F1iExPZ6qz83Xjj5srXMmSKTYDW
[2026-04-10 20:13:31] [INFO] [DBG]   k[6] s=0 w=1 len=32 b58=2wzaFLYb4JcDrVs8TfU3TfkVwq1Pdp3rRgWdNJzFGXud
[2026-04-10 20:13:31] [INFO] [DBG]   k[7] s=0 w=1 len=32 b58=Gj8gzDNKmf5y3p1LorKHTvMZ8eCLhbCDnhGiN5xVW8Jq
[2026-04-10 20:13:31] [INFO] [DBG]   k[8] s=0 w=0 len=32 b58=TokenkegQfeZyiNwAJbNbGKPFXCWuBvf9Ss623VQ5DA
[2026-04-10 20:13:31] [INFO] [DBG]   k[9] s=0 w=1 len=32 b58=FohQpHgvyJQHbYvrkyVXGuZpA2aaBXVBeHtEoxe5gzir
[2026-04-10 20:13:31] [INFO] [DBG]   k[10] s=0 w=1 len=32 b58=H162txn8gSuXiVfXffF8XxTAoP9KUDrhtktpeDpYEqk4
[2026-04-10 20:13:31] [INFO] [DBG]   k[11] s=0 w=1 len=32 b58=81hDVagG29yQRDdthwSLE93VGKtRddTN8Eo7bnwzGUVF
[2026-04-10 20:13:31] [INFO] [DBG] ix[7] prog=whirLbMi keys=11 dataLen=42 hex=f8c69e91e17587c8b91bf6961b05000000286bee00000000af331ba8327fbb35b1c4feff000000000100
[2026-04-10 20:13:31] [INFO] [DBG]   k[0] s=0 w=0 len=32 b58=TokenkegQfeZyiNwAJbNbGKPFXCWuBvf9Ss623VQ5DA
[2026-04-10 20:13:31] [INFO] [DBG]   k[1] s=1 w=0 len=32 b58=ESzi3jyKV4EWi1TC36nRwLiHHDVTmzn9iCFTotToyhC3
[2026-04-10 20:13:31] [INFO] [DBG]   k[2] s=0 w=1 len=32 b58=5zpyutJu9ee6jFymDGoK7F6S5Kczqtc9FomP3ueKuyA9
[2026-04-10 20:13:31] [INFO] [DBG]   k[3] s=0 w=1 len=32 b58=DQwQCSZL4Wm98FKdbVVw1Vq5txLcKNfxRBQrsy2MtcSa
[2026-04-10 20:13:31] [INFO] [DBG]   k[4] s=0 w=1 len=32 b58=ES7yhSrYeFo4U1PfJHNRkbfCWxCwPLk2DjrEbmN8bg58
[2026-04-10 20:13:31] [INFO] [DBG]   k[5] s=0 w=1 len=32 b58=8ChvMvALunCZrZnbr3Jwf4S8kEKYAqcMGL2C53MFgK87
[2026-04-10 20:13:31] [INFO] [DBG]   k[6] s=0 w=1 len=32 b58=4dmvFGeQH2eqa3ktNHMgm4wZ8vuTukBiK9M7gxW5oR9F
[2026-04-10 20:13:31] [INFO] [DBG]   k[7] s=0 w=1 len=32 b58=EJRTQoUhFocFL4fRwrhERF6wBL4RTZQrKe6dDuwrnRei
[2026-04-10 20:13:31] [INFO] [DBG]   k[8] s=0 w=1 len=32 b58=GqjT3UE9p9t2hkzoKnvS4p2pJkvWaaRLR65PxJdcPzb7
[2026-04-10 20:13:31] [INFO] [DBG]   k[9] s=0 w=1 len=32 b58=AKZj2vZ2UxQaZKcCYeGmsRocw52kwG94k6D4p1ssdDmp
[2026-04-10 20:13:31] [INFO] [DBG]   k[10] s=0 w=0 len=32 b58=EXpqcVuTTPEmyeVu2LHM75ha7FwmjJ88MnhSMRRdy5Sh
[2026-04-10 20:13:31] [INFO] [DBG] ix[8] prog=KLend2g3 keys=12 dataLen=17 hex=b97500cb60f5b4ba00286bee0000000002
[2026-04-10 20:13:31] [INFO] [DBG]   k[0] s=1 w=0 len=32 b58=ESzi3jyKV4EWi1TC36nRwLiHHDVTmzn9iCFTotToyhC3
[2026-04-10 20:13:31] [INFO] [DBG]   k[1] s=0 w=0 len=32 b58=9DrvZvyWh1HuAoZxvYWMvkf2XCzryCpGgHqrMjyDWpmo
[2026-04-10 20:13:31] [INFO] [DBG]   k[2] s=0 w=0 len=32 b58=7u3HeHxYDLhnCoErrtycNokbQYbWGzLs6JSDqGAv5PfF
[2026-04-10 20:13:31] [INFO] [DBG]   k[3] s=0 w=1 len=32 b58=d4A2prbA2whesmvHaL88BH6Ewn5N4bTSU2Ze8P6Bc4Q
[2026-04-10 20:13:31] [INFO] [DBG]   k[4] s=0 w=0 len=32 b58=So11111111111111111111111111111111111111112
[2026-04-10 20:13:31] [INFO] [DBG]   k[5] s=0 w=1 len=32 b58=GafNuUXj9rxGLn4y79dPu6MHSuPWeJR6UtTWuexpGh3U
[2026-04-10 20:13:31] [INFO] [DBG]   k[6] s=0 w=1 len=32 b58=DQwQCSZL4Wm98FKdbVVw1Vq5txLcKNfxRBQrsy2MtcSa
[2026-04-10 20:13:31] [INFO] [DBG]   k[7] s=0 w=1 len=32 b58=3JNof8s453bwG5UqiXBLJc77NRQXezYYEBbk3fqnoKph
[2026-04-10 20:13:31] [INFO] [DBG]   k[8] s=0 w=0 len=32 b58=KLend2g3cP87fffoy8q1mQqGKjrxjC8boSyAYavgmjD
[2026-04-10 20:13:31] [INFO] [DBG]   k[9] s=0 w=0 len=32 b58=KLend2g3cP87fffoy8q1mQqGKjrxjC8boSyAYavgmjD
[2026-04-10 20:13:31] [INFO] [DBG]   k[10] s=0 w=0 len=32 b58=Sysvar1nstructions1111111111111111111111111
[2026-04-10 20:13:31] [INFO] [DBG]   k[11] s=0 w=0 len=32 b58=TokenkegQfeZyiNwAJbNbGKPFXCWuBvf9Ss623VQ5DA
[2026-04-10 20:13:31] [INFO] [DBG] ix[9] prog=Tokenkeg keys=3 dataLen=1 hex=09
[2026-04-10 20:13:31] [INFO] [DBG]   k[0] s=0 w=1 len=32 b58=DQwQCSZL4Wm98FKdbVVw1Vq5txLcKNfxRBQrsy2MtcSa
[2026-04-10 20:13:31] [INFO] [DBG]   k[1] s=0 w=1 len=32 b58=ESzi3jyKV4EWi1TC36nRwLiHHDVTmzn9iCFTotToyhC3
[2026-04-10 20:13:31] [INFO] [DBG]   k[2] s=1 w=0 len=32 b58=ESzi3jyKV4EWi1TC36nRwLiHHDVTmzn9iCFTotToyhC3
[2026-04-10 20:13:31] [ERROR] [LocalExec] Error: encoding overruns Uint8Array
[2026-04-10 20:13:31] [ERROR] [LocalExec] Stack: RangeError: encoding overruns Uint8Array
    at Blob.encode (/home/ubuntu/ARB-BOT/node_modules/@solana/buffer-layout/lib/Layout.js:2098:19)
    at Structure.encode (/home/ubuntu/ARB-BOT/node_modules/@solana/buffer-layout/lib/Layout.js:1092:36)
    at MessageV0.serialize (/home/ubuntu/ARB-BOT/node_modules/@solana/web3.js/lib/index.cjs.js:1045:51)
    at VersionedTransaction.sign (/home/ubuntu/ARB-BOT/node_modules/@solana/web3.js/lib/index.cjs.js:2107:38)
    at Executor.executeLocal (/home/ubuntu/ARB-BOT/src/executor.js:1312:21)
    at process.processTicksAndRejections (node:internal/process/task_queues:95:5)
    at async wsCallback (/home/ubuntu/ARB-BOT/src/bot.js:297:44)
[2026-04-10 20:13:31] [WARN] [LocalExec] ⚠️  computeSwap BYPASSED — pipeline test mode | gross local: -0.6417 USD
[2026-04-10 20:13:31] [INFO] 🎯 LOCAL EXEC — SOL/BONK | spread: 0.050% | loan: 2.0 SOL | profit: ~$-0.6417 | buy: Raydium CLMM@GtKKKs3y → sell: Orca@5zpyutJu
[2026-04-10 20:13:31] [INFO] [LocalExec] Jito tip: 50000 lamports (~$0.0043)
[2026-04-10 20:13:31] [INFO] [LocalExec] borrowIxIndex dynamically set to 2
[2026-04-10 20:13:31] [INFO] [DBG] innerIxs.length=10
[2026-04-10 20:13:31] [INFO] [DBG] ix[0] prog=11111111 keys=2 dataLen=12 hex=0200000050c3000000000000
[2026-04-10 20:13:31] [INFO] [DBG]   k[0] s=1 w=1 len=32 b58=ESzi3jyKV4EWi1TC36nRwLiHHDVTmzn9iCFTotToyhC3
[2026-04-10 20:13:31] [INFO] [DBG]   k[1] s=0 w=1 len=32 b58=ADuUkR4vqLUMWXxW9gh6D6L8pMSawimctcNZ5pGwDcEt
[2026-04-10 20:13:31] [INFO] [DBG] ix[1] prog=ATokenGP keys=6 dataLen=1 hex=01
[2026-04-10 20:13:31] [INFO] [DBG]   k[0] s=1 w=1 len=32 b58=ESzi3jyKV4EWi1TC36nRwLiHHDVTmzn9iCFTotToyhC3
[2026-04-10 20:13:31] [INFO] [DBG]   k[1] s=0 w=1 len=32 b58=DQwQCSZL4Wm98FKdbVVw1Vq5txLcKNfxRBQrsy2MtcSa
[2026-04-10 20:13:31] [INFO] [DBG]   k[2] s=0 w=0 len=32 b58=ESzi3jyKV4EWi1TC36nRwLiHHDVTmzn9iCFTotToyhC3
[2026-04-10 20:13:31] [INFO] [DBG]   k[3] s=0 w=0 len=32 b58=So11111111111111111111111111111111111111112
[2026-04-10 20:13:31] [INFO] [DBG]   k[4] s=0 w=0 len=32 b58=11111111111111111111111111111111
[2026-04-10 20:13:31] [INFO] [DBG]   k[5] s=0 w=0 len=32 b58=TokenkegQfeZyiNwAJbNbGKPFXCWuBvf9Ss623VQ5DA
[2026-04-10 20:13:31] [INFO] [DBG] ix[2] prog=KLend2g3 keys=12 dataLen=16 hex=87e734a70734d4c10094357700000000
[2026-04-10 20:13:31] [INFO] [DBG]   k[0] s=1 w=0 len=32 b58=ESzi3jyKV4EWi1TC36nRwLiHHDVTmzn9iCFTotToyhC3
[2026-04-10 20:13:31] [INFO] [DBG]   k[1] s=0 w=0 len=32 b58=9DrvZvyWh1HuAoZxvYWMvkf2XCzryCpGgHqrMjyDWpmo
[2026-04-10 20:13:31] [INFO] [DBG]   k[2] s=0 w=0 len=32 b58=7u3HeHxYDLhnCoErrtycNokbQYbWGzLs6JSDqGAv5PfF
[2026-04-10 20:13:31] [INFO] [DBG]   k[3] s=0 w=1 len=32 b58=d4A2prbA2whesmvHaL88BH6Ewn5N4bTSU2Ze8P6Bc4Q
[2026-04-10 20:13:31] [INFO] [DBG]   k[4] s=0 w=0 len=32 b58=So11111111111111111111111111111111111111112
[2026-04-10 20:13:31] [INFO] [DBG]   k[5] s=0 w=1 len=32 b58=GafNuUXj9rxGLn4y79dPu6MHSuPWeJR6UtTWuexpGh3U
[2026-04-10 20:13:31] [INFO] [DBG]   k[6] s=0 w=1 len=32 b58=DQwQCSZL4Wm98FKdbVVw1Vq5txLcKNfxRBQrsy2MtcSa
[2026-04-10 20:13:31] [INFO] [DBG]   k[7] s=0 w=1 len=32 b58=3JNof8s453bwG5UqiXBLJc77NRQXezYYEBbk3fqnoKph
[2026-04-10 20:13:31] [INFO] [DBG]   k[8] s=0 w=0 len=32 b58=KLend2g3cP87fffoy8q1mQqGKjrxjC8boSyAYavgmjD
[2026-04-10 20:13:31] [INFO] [DBG]   k[9] s=0 w=0 len=32 b58=KLend2g3cP87fffoy8q1mQqGKjrxjC8boSyAYavgmjD
[2026-04-10 20:13:31] [INFO] [DBG]   k[10] s=0 w=0 len=32 b58=Sysvar1nstructions1111111111111111111111111
[2026-04-10 20:13:31] [INFO] [DBG]   k[11] s=0 w=0 len=32 b58=TokenkegQfeZyiNwAJbNbGKPFXCWuBvf9Ss623VQ5DA
[2026-04-10 20:13:31] [INFO] [DBG] ix[3] prog=ComputeB keys=0 dataLen=5 hex=02c0270900
[2026-04-10 20:13:31] [INFO] [DBG] ix[4] prog=ComputeB keys=0 dataLen=9 hex=030100000000000000
[2026-04-10 20:13:31] [INFO] [DBG] ix[5] prog=ATokenGP keys=6 dataLen=1 hex=01
[2026-04-10 20:13:31] [INFO] [DBG]   k[0] s=1 w=1 len=32 b58=ESzi3jyKV4EWi1TC36nRwLiHHDVTmzn9iCFTotToyhC3
[2026-04-10 20:13:31] [INFO] [DBG]   k[1] s=0 w=1 len=32 b58=8ChvMvALunCZrZnbr3Jwf4S8kEKYAqcMGL2C53MFgK87
[2026-04-10 20:13:31] [INFO] [DBG]   k[2] s=0 w=0 len=32 b58=ESzi3jyKV4EWi1TC36nRwLiHHDVTmzn9iCFTotToyhC3
[2026-04-10 20:13:31] [INFO] [DBG]   k[3] s=0 w=0 len=32 b58=DezXAZ8z7PnrnRJjz3wXBoRgixCa6xjnB7YaB1pPB263
[2026-04-10 20:13:31] [INFO] [DBG]   k[4] s=0 w=0 len=32 b58=11111111111111111111111111111111
[2026-04-10 20:13:31] [INFO] [DBG]   k[5] s=0 w=0 len=32 b58=TokenkegQfeZyiNwAJbNbGKPFXCWuBvf9Ss623VQ5DA
[2026-04-10 20:13:31] [INFO] [DBG] ix[6] prog=CAMMCzo5 keys=12 dataLen=41 hex=f8c69e91e17587c80094357700000000cf48cb2b4e020000513b010001000000000000000000000001
[2026-04-10 20:13:31] [INFO] [DBG]   k[0] s=1 w=1 len=32 b58=ESzi3jyKV4EWi1TC36nRwLiHHDVTmzn9iCFTotToyhC3
[2026-04-10 20:13:31] [INFO] [DBG]   k[1] s=0 w=0 len=32 b58=E64NGkDLLCdQ2yFNPcavaKptrEgmiQaNykUuLC1Qgwyp
[2026-04-10 20:13:31] [INFO] [DBG]   k[2] s=0 w=1 len=32 b58=GtKKKs3yaPdHbQd2aZS4SfWhy8zQ988BJGnKNndLxYsN
[2026-04-10 20:13:31] [INFO] [DBG]   k[3] s=0 w=1 len=32 b58=DQwQCSZL4Wm98FKdbVVw1Vq5txLcKNfxRBQrsy2MtcSa
[2026-04-10 20:13:31] [INFO] [DBG]   k[4] s=0 w=1 len=32 b58=8ChvMvALunCZrZnbr3Jwf4S8kEKYAqcMGL2C53MFgK87
[2026-04-10 20:13:31] [INFO] [DBG]   k[5] s=0 w=1 len=32 b58=GDnBvA76ZAJ2K3en2F1iExPZ6qz83Xjj5srXMmSKTYDW
[2026-04-10 20:13:31] [INFO] [DBG]   k[6] s=0 w=1 len=32 b58=2wzaFLYb4JcDrVs8TfU3TfkVwq1Pdp3rRgWdNJzFGXud
[2026-04-10 20:13:31] [INFO] [DBG]   k[7] s=0 w=1 len=32 b58=Gj8gzDNKmf5y3p1LorKHTvMZ8eCLhbCDnhGiN5xVW8Jq
[2026-04-10 20:13:31] [INFO] [DBG]   k[8] s=0 w=0 len=32 b58=TokenkegQfeZyiNwAJbNbGKPFXCWuBvf9Ss623VQ5DA
[2026-04-10 20:13:31] [INFO] [DBG]   k[9] s=0 w=1 len=32 b58=FohQpHgvyJQHbYvrkyVXGuZpA2aaBXVBeHtEoxe5gzir
[2026-04-10 20:13:31] [INFO] [DBG]   k[10] s=0 w=1 len=32 b58=H162txn8gSuXiVfXffF8XxTAoP9KUDrhtktpeDpYEqk4
[2026-04-10 20:13:31] [INFO] [DBG]   k[11] s=0 w=1 len=32 b58=81hDVagG29yQRDdthwSLE93VGKtRddTN8Eo7bnwzGUVF
[2026-04-10 20:13:31] [INFO] [DBG] ix[7] prog=whirLbMi keys=11 dataLen=42 hex=f8c69e91e17587c81fdfe1be8f0200000094357700000000af331ba8327fbb35b1c4feff000000000100
[2026-04-10 20:13:31] [INFO] [DBG]   k[0] s=0 w=0 len=32 b58=TokenkegQfeZyiNwAJbNbGKPFXCWuBvf9Ss623VQ5DA
[2026-04-10 20:13:31] [INFO] [DBG]   k[1] s=1 w=0 len=32 b58=ESzi3jyKV4EWi1TC36nRwLiHHDVTmzn9iCFTotToyhC3
[2026-04-10 20:13:31] [INFO] [DBG]   k[2] s=0 w=1 len=32 b58=5zpyutJu9ee6jFymDGoK7F6S5Kczqtc9FomP3ueKuyA9
[2026-04-10 20:13:31] [INFO] [DBG]   k[3] s=0 w=1 len=32 b58=DQwQCSZL4Wm98FKdbVVw1Vq5txLcKNfxRBQrsy2MtcSa
[2026-04-10 20:13:31] [INFO] [DBG]   k[4] s=0 w=1 len=32 b58=ES7yhSrYeFo4U1PfJHNRkbfCWxCwPLk2DjrEbmN8bg58
[2026-04-10 20:13:31] [INFO] [DBG]   k[5] s=0 w=1 len=32 b58=8ChvMvALunCZrZnbr3Jwf4S8kEKYAqcMGL2C53MFgK87
[2026-04-10 20:13:31] [INFO] [DBG]   k[6] s=0 w=1 len=32 b58=4dmvFGeQH2eqa3ktNHMgm4wZ8vuTukBiK9M7gxW5oR9F
[2026-04-10 20:13:31] [INFO] [DBG]   k[7] s=0 w=1 len=32 b58=EJRTQoUhFocFL4fRwrhERF6wBL4RTZQrKe6dDuwrnRei
[2026-04-10 20:13:31] [INFO] [DBG]   k[8] s=0 w=1 len=32 b58=GqjT3UE9p9t2hkzoKnvS4p2pJkvWaaRLR65PxJdcPzb7
[2026-04-10 20:13:31] [INFO] [DBG]   k[9] s=0 w=1 len=32 b58=AKZj2vZ2UxQaZKcCYeGmsRocw52kwG94k6D4p1ssdDmp
[2026-04-10 20:13:31] [INFO] [DBG]   k[10] s=0 w=0 len=32 b58=EXpqcVuTTPEmyeVu2LHM75ha7FwmjJ88MnhSMRRdy5Sh
[2026-04-10 20:13:31] [INFO] [DBG] ix[8] prog=KLend2g3 keys=12 dataLen=17 hex=b97500cb60f5b4ba009435770000000002
[2026-04-10 20:13:31] [INFO] [DBG]   k[0] s=1 w=0 len=32 b58=ESzi3jyKV4EWi1TC36nRwLiHHDVTmzn9iCFTotToyhC3
[2026-04-10 20:13:31] [INFO] [DBG]   k[1] s=0 w=0 len=32 b58=9DrvZvyWh1HuAoZxvYWMvkf2XCzryCpGgHqrMjyDWpmo
[2026-04-10 20:13:31] [INFO] [DBG]   k[2] s=0 w=0 len=32 b58=7u3HeHxYDLhnCoErrtycNokbQYbWGzLs6JSDqGAv5PfF
[2026-04-10 20:13:31] [INFO] [DBG]   k[3] s=0 w=1 len=32 b58=d4A2prbA2whesmvHaL88BH6Ewn5N4bTSU2Ze8P6Bc4Q
[2026-04-10 20:13:31] [INFO] [DBG]   k[4] s=0 w=0 len=32 b58=So11111111111111111111111111111111111111112
[2026-04-10 20:13:31] [INFO] [DBG]   k[5] s=0 w=1 len=32 b58=GafNuUXj9rxGLn4y79dPu6MHSuPWeJR6UtTWuexpGh3U
[2026-04-10 20:13:31] [INFO] [DBG]   k[6] s=0 w=1 len=32 b58=DQwQCSZL4Wm98FKdbVVw1Vq5txLcKNfxRBQrsy2MtcSa
[2026-04-10 20:13:31] [INFO] [DBG]   k[7] s=0 w=1 len=32 b58=3JNof8s453bwG5UqiXBLJc77NRQXezYYEBbk3fqnoKph
[2026-04-10 20:13:31] [INFO] [DBG]   k[8] s=0 w=0 len=32 b58=KLend2g3cP87fffoy8q1mQqGKjrxjC8boSyAYavgmjD
[2026-04-10 20:13:31] [INFO] [DBG]   k[9] s=0 w=0 len=32 b58=KLend2g3cP87fffoy8q1mQqGKjrxjC8boSyAYavgmjD
[2026-04-10 20:13:31] [INFO] [DBG]   k[10] s=0 w=0 len=32 b58=Sysvar1nstructions1111111111111111111111111
[2026-04-10 20:13:31] [INFO] [DBG]   k[11] s=0 w=0 len=32 b58=TokenkegQfeZyiNwAJbNbGKPFXCWuBvf9Ss623VQ5DA
[2026-04-10 20:13:31] [INFO] [DBG] ix[9] prog=Tokenkeg keys=3 dataLen=1 hex=09
[2026-04-10 20:13:31] [INFO] [DBG]   k[0] s=0 w=1 len=32 b58=DQwQCSZL4Wm98FKdbVVw1Vq5txLcKNfxRBQrsy2MtcSa
[2026-04-10 20:13:31] [INFO] [DBG]   k[1] s=0 w=1 len=32 b58=ESzi3jyKV4EWi1TC36nRwLiHHDVTmzn9iCFTotToyhC3
[2026-04-10 20:13:31] [INFO] [DBG]   k[2] s=1 w=0 len=32 b58=ESzi3jyKV4EWi1TC36nRwLiHHDVTmzn9iCFTotToyhC3
[2026-04-10 20:13:31] [ERROR] [LocalExec] Error: encoding overruns Uint8Array
[2026-04-10 20:13:31] [ERROR] [LocalExec] Stack: RangeError: encoding overruns Uint8Array
    at Blob.encode (/home/ubuntu/ARB-BOT/node_modules/@solana/buffer-layout/lib/Layout.js:2098:19)
    at Structure.encode (/home/ubuntu/ARB-BOT/node_modules/@solana/buffer-layout/lib/Layout.js:1092:36)
    at MessageV0.serialize (/home/ubuntu/ARB-BOT/node_modules/@solana/web3.js/lib/index.cjs.js:1045:51)
    at VersionedTransaction.sign (/home/ubuntu/ARB-BOT/node_modules/@solana/web3.js/lib/index.cjs.js:2107:38)
    at Executor.executeLocal (/home/ubuntu/ARB-BOT/src/executor.js:1312:21)
    at process.processTicksAndRejections (node:internal/process/task_queues:95:5)
    at async wsCallback (/home/ubuntu/ARB-BOT/src/bot.js:297:44)
[2026-04-10 20:13:31] [WARN] [LocalExec] ⚠️  computeSwap BYPASSED — pipeline test mode | gross local: -0.1652 USD
[2026-04-10 20:13:31] [INFO] 🎯 LOCAL EXEC — SOL/BONK | spread: 0.050% | loan: 1.0 SOL | profit: ~$-0.1652 | buy: Raydium CLMM@GtKKKs3y → sell: Orca@5zpyutJu
[2026-04-10 20:13:31] [INFO] [LocalExec] Jito tip: 50000 lamports (~$0.0043)
[2026-04-10 20:13:31] [INFO] [LocalExec] borrowIxIndex dynamically set to 2
[2026-04-10 20:13:31] [INFO] [DBG] innerIxs.length=10
[2026-04-10 20:13:31] [INFO] [DBG] ix[0] prog=11111111 keys=2 dataLen=12 hex=0200000050c3000000000000
[2026-04-10 20:13:31] [INFO] [DBG]   k[0] s=1 w=1 len=32 b58=ESzi3jyKV4EWi1TC36nRwLiHHDVTmzn9iCFTotToyhC3
[2026-04-10 20:13:31] [INFO] [DBG]   k[1] s=0 w=1 len=32 b58=DttWaMuVvTiduZRnguLF7jNxTgiMBZ1hyAumKUiL2KRL
[2026-04-10 20:13:31] [INFO] [DBG] ix[1] prog=ATokenGP keys=6 dataLen=1 hex=01
[2026-04-10 20:13:31] [INFO] [DBG]   k[0] s=1 w=1 len=32 b58=ESzi3jyKV4EWi1TC36nRwLiHHDVTmzn9iCFTotToyhC3
[2026-04-10 20:13:31] [INFO] [DBG]   k[1] s=0 w=1 len=32 b58=DQwQCSZL4Wm98FKdbVVw1Vq5txLcKNfxRBQrsy2MtcSa
[2026-04-10 20:13:31] [INFO] [DBG]   k[2] s=0 w=0 len=32 b58=ESzi3jyKV4EWi1TC36nRwLiHHDVTmzn9iCFTotToyhC3
[2026-04-10 20:13:31] [INFO] [DBG]   k[3] s=0 w=0 len=32 b58=So11111111111111111111111111111111111111112
[2026-04-10 20:13:31] [INFO] [DBG]   k[4] s=0 w=0 len=32 b58=11111111111111111111111111111111
[2026-04-10 20:13:31] [INFO] [DBG]   k[5] s=0 w=0 len=32 b58=TokenkegQfeZyiNwAJbNbGKPFXCWuBvf9Ss623VQ5DA
[2026-04-10 20:13:31] [INFO] [DBG] ix[2] prog=KLend2g3 keys=12 dataLen=16 hex=87e734a70734d4c100ca9a3b00000000
[2026-04-10 20:13:31] [INFO] [DBG]   k[0] s=1 w=0 len=32 b58=ESzi3jyKV4EWi1TC36nRwLiHHDVTmzn9iCFTotToyhC3
[2026-04-10 20:13:31] [INFO] [DBG]   k[1] s=0 w=0 len=32 b58=9DrvZvyWh1HuAoZxvYWMvkf2XCzryCpGgHqrMjyDWpmo
[2026-04-10 20:13:31] [INFO] [DBG]   k[2] s=0 w=0 len=32 b58=7u3HeHxYDLhnCoErrtycNokbQYbWGzLs6JSDqGAv5PfF
[2026-04-10 20:13:31] [INFO] [DBG]   k[3] s=0 w=1 len=32 b58=d4A2prbA2whesmvHaL88BH6Ewn5N4bTSU2Ze8P6Bc4Q
[2026-04-10 20:13:31] [INFO] [DBG]   k[4] s=0 w=0 len=32 b58=So11111111111111111111111111111111111111112
[2026-04-10 20:13:31] [INFO] [DBG]   k[5] s=0 w=1 len=32 b58=GafNuUXj9rxGLn4y79dPu6MHSuPWeJR6UtTWuexpGh3U
[2026-04-10 20:13:31] [INFO] [DBG]   k[6] s=0 w=1 len=32 b58=DQwQCSZL4Wm98FKdbVVw1Vq5txLcKNfxRBQrsy2MtcSa
[2026-04-10 20:13:31] [INFO] [DBG]   k[7] s=0 w=1 len=32 b58=3JNof8s453bwG5UqiXBLJc77NRQXezYYEBbk3fqnoKph
[2026-04-10 20:13:31] [INFO] [DBG]   k[8] s=0 w=0 len=32 b58=KLend2g3cP87fffoy8q1mQqGKjrxjC8boSyAYavgmjD
[2026-04-10 20:13:31] [INFO] [DBG]   k[9] s=0 w=0 len=32 b58=KLend2g3cP87fffoy8q1mQqGKjrxjC8boSyAYavgmjD
[2026-04-10 20:13:31] [INFO] [DBG]   k[10] s=0 w=0 len=32 b58=Sysvar1nstructions1111111111111111111111111
[2026-04-10 20:13:31] [INFO] [DBG]   k[11] s=0 w=0 len=32 b58=TokenkegQfeZyiNwAJbNbGKPFXCWuBvf9Ss623VQ5DA
[2026-04-10 20:13:31] [INFO] [DBG] ix[3] prog=ComputeB keys=0 dataLen=5 hex=02c0270900
[2026-04-10 20:13:31] [INFO] [DBG] ix[4] prog=ComputeB keys=0 dataLen=9 hex=030100000000000000
[2026-04-10 20:13:31] [INFO] [DBG] ix[5] prog=ATokenGP keys=6 dataLen=1 hex=01
[2026-04-10 20:13:31] [INFO] [DBG]   k[0] s=1 w=1 len=32 b58=ESzi3jyKV4EWi1TC36nRwLiHHDVTmzn9iCFTotToyhC3
[2026-04-10 20:13:31] [INFO] [DBG]   k[1] s=0 w=1 len=32 b58=8ChvMvALunCZrZnbr3Jwf4S8kEKYAqcMGL2C53MFgK87
[2026-04-10 20:13:31] [INFO] [DBG]   k[2] s=0 w=0 len=32 b58=ESzi3jyKV4EWi1TC36nRwLiHHDVTmzn9iCFTotToyhC3
[2026-04-10 20:13:31] [INFO] [DBG]   k[3] s=0 w=0 len=32 b58=DezXAZ8z7PnrnRJjz3wXBoRgixCa6xjnB7YaB1pPB263
[2026-04-10 20:13:31] [INFO] [DBG]   k[4] s=0 w=0 len=32 b58=11111111111111111111111111111111
[2026-04-10 20:13:31] [INFO] [DBG]   k[5] s=0 w=0 len=32 b58=TokenkegQfeZyiNwAJbNbGKPFXCWuBvf9Ss623VQ5DA
[2026-04-10 20:13:31] [INFO] [DBG] ix[6] prog=CAMMCzo5 keys=12 dataLen=41 hex=f8c69e91e17587c800ca9a3b000000001f1dc48627010000513b010001000000000000000000000001
[2026-04-10 20:13:31] [INFO] [DBG]   k[0] s=1 w=1 len=32 b58=ESzi3jyKV4EWi1TC36nRwLiHHDVTmzn9iCFTotToyhC3
[2026-04-10 20:13:31] [INFO] [DBG]   k[1] s=0 w=0 len=32 b58=E64NGkDLLCdQ2yFNPcavaKptrEgmiQaNykUuLC1Qgwyp
[2026-04-10 20:13:31] [INFO] [DBG]   k[2] s=0 w=1 len=32 b58=GtKKKs3yaPdHbQd2aZS4SfWhy8zQ988BJGnKNndLxYsN
[2026-04-10 20:13:31] [INFO] [DBG]   k[3] s=0 w=1 len=32 b58=DQwQCSZL4Wm98FKdbVVw1Vq5txLcKNfxRBQrsy2MtcSa
[2026-04-10 20:13:31] [INFO] [DBG]   k[4] s=0 w=1 len=32 b58=8ChvMvALunCZrZnbr3Jwf4S8kEKYAqcMGL2C53MFgK87
[2026-04-10 20:13:31] [INFO] [DBG]   k[5] s=0 w=1 len=32 b58=GDnBvA76ZAJ2K3en2F1iExPZ6qz83Xjj5srXMmSKTYDW
[2026-04-10 20:13:31] [INFO] [DBG]   k[6] s=0 w=1 len=32 b58=2wzaFLYb4JcDrVs8TfU3TfkVwq1Pdp3rRgWdNJzFGXud
[2026-04-10 20:13:31] [INFO] [DBG]   k[7] s=0 w=1 len=32 b58=Gj8gzDNKmf5y3p1LorKHTvMZ8eCLhbCDnhGiN5xVW8Jq
[2026-04-10 20:13:31] [INFO] [DBG]   k[8] s=0 w=0 len=32 b58=TokenkegQfeZyiNwAJbNbGKPFXCWuBvf9Ss623VQ5DA
[2026-04-10 20:13:31] [INFO] [DBG]   k[9] s=0 w=1 len=32 b58=FohQpHgvyJQHbYvrkyVXGuZpA2aaBXVBeHtEoxe5gzir
[2026-04-10 20:13:31] [INFO] [DBG]   k[10] s=0 w=1 len=32 b58=H162txn8gSuXiVfXffF8XxTAoP9KUDrhtktpeDpYEqk4
[2026-04-10 20:13:31] [INFO] [DBG]   k[11] s=0 w=1 len=32 b58=81hDVagG29yQRDdthwSLE93VGKtRddTN8Eo7bnwzGUVF
[2026-04-10 20:13:31] [INFO] [DBG] ix[7] prog=whirLbMi keys=11 dataLen=42 hex=f8c69e91e17587c878e7d95c4801000000ca9a3b00000000af331ba8327fbb35b1c4feff000000000100
[2026-04-10 20:13:31] [INFO] [DBG]   k[0] s=0 w=0 len=32 b58=TokenkegQfeZyiNwAJbNbGKPFXCWuBvf9Ss623VQ5DA
[2026-04-10 20:13:31] [INFO] [DBG]   k[1] s=1 w=0 len=32 b58=ESzi3jyKV4EWi1TC36nRwLiHHDVTmzn9iCFTotToyhC3
[2026-04-10 20:13:31] [INFO] [DBG]   k[2] s=0 w=1 len=32 b58=5zpyutJu9ee6jFymDGoK7F6S5Kczqtc9FomP3ueKuyA9
[2026-04-10 20:13:31] [INFO] [DBG]   k[3] s=0 w=1 len=32 b58=DQwQCSZL4Wm98FKdbVVw1Vq5txLcKNfxRBQrsy2MtcSa
[2026-04-10 20:13:31] [INFO] [DBG]   k[4] s=0 w=1 len=32 b58=ES7yhSrYeFo4U1PfJHNRkbfCWxCwPLk2DjrEbmN8bg58
[2026-04-10 20:13:31] [INFO] [DBG]   k[5] s=0 w=1 len=32 b58=8ChvMvALunCZrZnbr3Jwf4S8kEKYAqcMGL2C53MFgK87
[2026-04-10 20:13:31] [INFO] [DBG]   k[6] s=0 w=1 len=32 b58=4dmvFGeQH2eqa3ktNHMgm4wZ8vuTukBiK9M7gxW5oR9F
[2026-04-10 20:13:31] [INFO] [DBG]   k[7] s=0 w=1 len=32 b58=EJRTQoUhFocFL4fRwrhERF6wBL4RTZQrKe6dDuwrnRei
[2026-04-10 20:13:31] [INFO] [DBG]   k[8] s=0 w=1 len=32 b58=GqjT3UE9p9t2hkzoKnvS4p2pJkvWaaRLR65PxJdcPzb7
[2026-04-10 20:13:31] [INFO] [DBG]   k[9] s=0 w=1 len=32 b58=AKZj2vZ2UxQaZKcCYeGmsRocw52kwG94k6D4p1ssdDmp
[2026-04-10 20:13:31] [INFO] [DBG]   k[10] s=0 w=0 len=32 b58=EXpqcVuTTPEmyeVu2LHM75ha7FwmjJ88MnhSMRRdy5Sh
[2026-04-10 20:13:31] [INFO] [DBG] ix[8] prog=KLend2g3 keys=12 dataLen=17 hex=b97500cb60f5b4ba00ca9a3b0000000002
[2026-04-10 20:13:31] [INFO] [DBG]   k[0] s=1 w=0 len=32 b58=ESzi3jyKV4EWi1TC36nRwLiHHDVTmzn9iCFTotToyhC3
[2026-04-10 20:13:31] [INFO] [DBG]   k[1] s=0 w=0 len=32 b58=9DrvZvyWh1HuAoZxvYWMvkf2XCzryCpGgHqrMjyDWpmo
[2026-04-10 20:13:31] [INFO] [DBG]   k[2] s=0 w=0 len=32 b58=7u3HeHxYDLhnCoErrtycNokbQYbWGzLs6JSDqGAv5PfF
[2026-04-10 20:13:31] [INFO] [DBG]   k[3] s=0 w=1 len=32 b58=d4A2prbA2whesmvHaL88BH6Ewn5N4bTSU2Ze8P6Bc4Q
[2026-04-10 20:13:31] [INFO] [DBG]   k[4] s=0 w=0 len=32 b58=So11111111111111111111111111111111111111112
[2026-04-10 20:13:31] [INFO] [DBG]   k[5] s=0 w=1 len=32 b58=GafNuUXj9rxGLn4y79dPu6MHSuPWeJR6UtTWuexpGh3U
[2026-04-10 20:13:31] [INFO] [DBG]   k[6] s=0 w=1 len=32 b58=DQwQCSZL4Wm98FKdbVVw1Vq5txLcKNfxRBQrsy2MtcSa
[2026-04-10 20:13:31] [INFO] [DBG]   k[7] s=0 w=1 len=32 b58=3JNof8s453bwG5UqiXBLJc77NRQXezYYEBbk3fqnoKph
[2026-04-10 20:13:31] [INFO] [DBG]   k[8] s=0 w=0 len=32 b58=KLend2g3cP87fffoy8q1mQqGKjrxjC8boSyAYavgmjD
[2026-04-10 20:13:31] [INFO] [DBG]   k[9] s=0 w=0 len=32 b58=KLend2g3cP87fffoy8q1mQqGKjrxjC8boSyAYavgmjD
[2026-04-10 20:13:31] [INFO] [DBG]   k[10] s=0 w=0 len=32 b58=Sysvar1nstructions1111111111111111111111111
[2026-04-10 20:13:31] [INFO] [DBG]   k[11] s=0 w=0 len=32 b58=TokenkegQfeZyiNwAJbNbGKPFXCWuBvf9Ss623VQ5DA
[2026-04-10 20:13:31] [INFO] [DBG] ix[9] prog=Tokenkeg keys=3 dataLen=1 hex=09
[2026-04-10 20:13:31] [INFO] [DBG]   k[0] s=0 w=1 len=32 b58=DQwQCSZL4Wm98FKdbVVw1Vq5txLcKNfxRBQrsy2MtcSa
[2026-04-10 20:13:31] [INFO] [DBG]   k[1] s=0 w=1 len=32 b58=ESzi3jyKV4EWi1TC36nRwLiHHDVTmzn9iCFTotToyhC3
[2026-04-10 20:13:31] [INFO] [DBG]   k[2] s=1 w=0 len=32 b58=ESzi3jyKV4EWi1TC36nRwLiHHDVTmzn9iCFTotToyhC3
[2026-04-10 20:13:31] [ERROR] [LocalExec] Error: encoding overruns Uint8Array
[2026-04-10 20:13:31] [ERROR] [LocalExec] Stack: RangeError: encoding overruns Uint8Array
    at Blob.encode (/home/ubuntu/ARB-BOT/node_modules/@solana/buffer-layout/lib/Layout.js:2098:19)
    at Structure.encode (/home/ubuntu/ARB-BOT/node_modules/@solana/buffer-layout/lib/Layout.js:1092:36)
    at MessageV0.serialize (/home/ubuntu/ARB-BOT/node_modules/@solana/web3.js/lib/index.cjs.js:1045:51)
    at VersionedTransaction.sign (/home/ubuntu/ARB-BOT/node_modules/@solana/web3.js/lib/index.cjs.js:2107:38)
    at Executor.executeLocal (/home/ubuntu/ARB-BOT/src/executor.js:1312:21)
    at process.processTicksAndRejections (node:internal/process/task_queues:95:5)
    at async wsCallback (/home/ubuntu/ARB-BOT/src/bot.js:297:44)
[2026-04-10 20:13:43] [INFO] [XDEX] SOL/BONK | spread: 0.0496% | fees: 0.0600% | PROFITABLE | hi: Raydium CLMM (14125586.414236) GtKKKs3yaPdHbQd2aZS4SfWhy8zQ988BJGnKNndLxYsN | lo: Orca (14118581.219451) 5zpyutJu9ee6jFymDGoK7F6S5Kczqtc9FomP3ueKuyA9
[2026-04-10 20:13:43] [WARN] [LocalExec] ⚠️  computeSwap BYPASSED — pipeline test mode | gross local: -233.7248 USD
[2026-04-10 20:13:43] [INFO] 🎯 LOCAL EXEC — SOL/BONK | spread: 0.050% | loan: 40.0 SOL | profit: ~$-233.7248 | buy: Raydium CLMM@GtKKKs3y → sell: Orca@5zpyutJu
[2026-04-10 20:13:43] [INFO] [LocalExec] Jito tip: 50000 lamports (~$0.0043)
[2026-04-10 20:13:43] [INFO] [LocalExec] borrowIxIndex dynamically set to 2
[2026-04-10 20:13:43] [INFO] [DBG] innerIxs.length=10
[2026-04-10 20:13:43] [INFO] [DBG] ix[0] prog=11111111 keys=2 dataLen=12 hex=0200000050c3000000000000
[2026-04-10 20:13:43] [INFO] [DBG]   k[0] s=1 w=1 len=32 b58=ESzi3jyKV4EWi1TC36nRwLiHHDVTmzn9iCFTotToyhC3
[2026-04-10 20:13:43] [INFO] [DBG]   k[1] s=0 w=1 len=32 b58=3AVi9Tg9Uo68tJfuvoKvqKNWKkC5wPdSSdeBnizKZ6jT
[2026-04-10 20:13:43] [INFO] [DBG] ix[1] prog=ATokenGP keys=6 dataLen=1 hex=01
[2026-04-10 20:13:43] [INFO] [DBG]   k[0] s=1 w=1 len=32 b58=ESzi3jyKV4EWi1TC36nRwLiHHDVTmzn9iCFTotToyhC3
[2026-04-10 20:13:43] [INFO] [DBG]   k[1] s=0 w=1 len=32 b58=DQwQCSZL4Wm98FKdbVVw1Vq5txLcKNfxRBQrsy2MtcSa
[2026-04-10 20:13:43] [INFO] [DBG]   k[2] s=0 w=0 len=32 b58=ESzi3jyKV4EWi1TC36nRwLiHHDVTmzn9iCFTotToyhC3
[2026-04-10 20:13:43] [INFO] [DBG]   k[3] s=0 w=0 len=32 b58=So11111111111111111111111111111111111111112
[2026-04-10 20:13:43] [INFO] [DBG]   k[4] s=0 w=0 len=32 b58=11111111111111111111111111111111
[2026-04-10 20:13:43] [INFO] [DBG]   k[5] s=0 w=0 len=32 b58=TokenkegQfeZyiNwAJbNbGKPFXCWuBvf9Ss623VQ5DA
[2026-04-10 20:13:43] [INFO] [DBG] ix[2] prog=KLend2g3 keys=12 dataLen=16 hex=87e734a70734d4c100902f5009000000
[2026-04-10 20:13:43] [INFO] [DBG]   k[0] s=1 w=0 len=32 b58=ESzi3jyKV4EWi1TC36nRwLiHHDVTmzn9iCFTotToyhC3
[2026-04-10 20:13:43] [INFO] [DBG]   k[1] s=0 w=0 len=32 b58=9DrvZvyWh1HuAoZxvYWMvkf2XCzryCpGgHqrMjyDWpmo
[2026-04-10 20:13:43] [INFO] [DBG]   k[2] s=0 w=0 len=32 b58=7u3HeHxYDLhnCoErrtycNokbQYbWGzLs6JSDqGAv5PfF
[2026-04-10 20:13:43] [INFO] [DBG]   k[3] s=0 w=1 len=32 b58=d4A2prbA2whesmvHaL88BH6Ewn5N4bTSU2Ze8P6Bc4Q
[2026-04-10 20:13:43] [INFO] [DBG]   k[4] s=0 w=0 len=32 b58=So11111111111111111111111111111111111111112
[2026-04-10 20:13:43] [INFO] [DBG]   k[5] s=0 w=1 len=32 b58=GafNuUXj9rxGLn4y79dPu6MHSuPWeJR6UtTWuexpGh3U
[2026-04-10 20:13:43] [INFO] [DBG]   k[6] s=0 w=1 len=32 b58=DQwQCSZL4Wm98FKdbVVw1Vq5txLcKNfxRBQrsy2MtcSa
[2026-04-10 20:13:43] [INFO] [DBG]   k[7] s=0 w=1 len=32 b58=3JNof8s453bwG5UqiXBLJc77NRQXezYYEBbk3fqnoKph
[2026-04-10 20:13:43] [INFO] [DBG]   k[8] s=0 w=0 len=32 b58=KLend2g3cP87fffoy8q1mQqGKjrxjC8boSyAYavgmjD
[2026-04-10 20:13:43] [INFO] [DBG]   k[9] s=0 w=0 len=32 b58=KLend2g3cP87fffoy8q1mQqGKjrxjC8boSyAYavgmjD
[2026-04-10 20:13:43] [INFO] [DBG]   k[10] s=0 w=0 len=32 b58=Sysvar1nstructions1111111111111111111111111
[2026-04-10 20:13:43] [INFO] [DBG]   k[11] s=0 w=0 len=32 b58=TokenkegQfeZyiNwAJbNbGKPFXCWuBvf9Ss623VQ5DA
[2026-04-10 20:13:43] [INFO] [DBG] ix[3] prog=ComputeB keys=0 dataLen=5 hex=02c0270900
[2026-04-10 20:13:43] [INFO] [DBG] ix[4] prog=ComputeB keys=0 dataLen=9 hex=030100000000000000
[2026-04-10 20:13:43] [INFO] [DBG] ix[5] prog=ATokenGP keys=6 dataLen=1 hex=01
[2026-04-10 20:13:43] [INFO] [DBG]   k[0] s=1 w=1 len=32 b58=ESzi3jyKV4EWi1TC36nRwLiHHDVTmzn9iCFTotToyhC3
[2026-04-10 20:13:43] [INFO] [DBG]   k[1] s=0 w=1 len=32 b58=8ChvMvALunCZrZnbr3Jwf4S8kEKYAqcMGL2C53MFgK87
[2026-04-10 20:13:43] [INFO] [DBG]   k[2] s=0 w=0 len=32 b58=ESzi3jyKV4EWi1TC36nRwLiHHDVTmzn9iCFTotToyhC3
[2026-04-10 20:13:43] [INFO] [DBG]   k[3] s=0 w=0 len=32 b58=DezXAZ8z7PnrnRJjz3wXBoRgixCa6xjnB7YaB1pPB263
[2026-04-10 20:13:43] [INFO] [DBG]   k[4] s=0 w=0 len=32 b58=11111111111111111111111111111111
[2026-04-10 20:13:43] [INFO] [DBG]   k[5] s=0 w=0 len=32 b58=TokenkegQfeZyiNwAJbNbGKPFXCWuBvf9Ss623VQ5DA
[2026-04-10 20:13:43] [INFO] [DBG] ix[6] prog=CAMMCzo5 keys=12 dataLen=41 hex=f8c69e91e17587c800902f5009000000875c8029a22b0000513b010001000000000000000000000001
[2026-04-10 20:13:43] [INFO] [DBG]   k[0] s=1 w=1 len=32 b58=ESzi3jyKV4EWi1TC36nRwLiHHDVTmzn9iCFTotToyhC3
[2026-04-10 20:13:43] [INFO] [DBG]   k[1] s=0 w=0 len=32 b58=E64NGkDLLCdQ2yFNPcavaKptrEgmiQaNykUuLC1Qgwyp
[2026-04-10 20:13:43] [INFO] [DBG]   k[2] s=0 w=1 len=32 b58=GtKKKs3yaPdHbQd2aZS4SfWhy8zQ988BJGnKNndLxYsN
[2026-04-10 20:13:43] [INFO] [DBG]   k[3] s=0 w=1 len=32 b58=DQwQCSZL4Wm98FKdbVVw1Vq5txLcKNfxRBQrsy2MtcSa
[2026-04-10 20:13:43] [INFO] [DBG]   k[4] s=0 w=1 len=32 b58=8ChvMvALunCZrZnbr3Jwf4S8kEKYAqcMGL2C53MFgK87
[2026-04-10 20:13:43] [INFO] [DBG]   k[5] s=0 w=1 len=32 b58=GDnBvA76ZAJ2K3en2F1iExPZ6qz83Xjj5srXMmSKTYDW
[2026-04-10 20:13:43] [INFO] [DBG]   k[6] s=0 w=1 len=32 b58=2wzaFLYb4JcDrVs8TfU3TfkVwq1Pdp3rRgWdNJzFGXud
[2026-04-10 20:13:43] [INFO] [DBG]   k[7] s=0 w=1 len=32 b58=Gj8gzDNKmf5y3p1LorKHTvMZ8eCLhbCDnhGiN5xVW8Jq
[2026-04-10 20:13:43] [INFO] [DBG]   k[8] s=0 w=0 len=32 b58=TokenkegQfeZyiNwAJbNbGKPFXCWuBvf9Ss623VQ5DA
[2026-04-10 20:13:43] [INFO] [DBG]   k[9] s=0 w=1 len=32 b58=FohQpHgvyJQHbYvrkyVXGuZpA2aaBXVBeHtEoxe5gzir
[2026-04-10 20:13:43] [INFO] [DBG]   k[10] s=0 w=1 len=32 b58=H162txn8gSuXiVfXffF8XxTAoP9KUDrhtktpeDpYEqk4
[2026-04-10 20:13:43] [INFO] [DBG]   k[11] s=0 w=1 len=32 b58=81hDVagG29yQRDdthwSLE93VGKtRddTN8Eo7bnwzGUVF
[2026-04-10 20:13:43] [INFO] [DBG] ix[7] prog=whirLbMi keys=11 dataLen=42 hex=f8c69e91e17587c8b39f8e4a7b30000000902f5009000000af331ba8327fbb35b1c4feff000000000100
[2026-04-10 20:13:43] [INFO] [DBG]   k[0] s=0 w=0 len=32 b58=TokenkegQfeZyiNwAJbNbGKPFXCWuBvf9Ss623VQ5DA
[2026-04-10 20:13:43] [INFO] [DBG]   k[1] s=1 w=0 len=32 b58=ESzi3jyKV4EWi1TC36nRwLiHHDVTmzn9iCFTotToyhC3
[2026-04-10 20:13:43] [INFO] [DBG]   k[2] s=0 w=1 len=32 b58=5zpyutJu9ee6jFymDGoK7F6S5Kczqtc9FomP3ueKuyA9
[2026-04-10 20:13:43] [INFO] [DBG]   k[3] s=0 w=1 len=32 b58=DQwQCSZL4Wm98FKdbVVw1Vq5txLcKNfxRBQrsy2MtcSa
[2026-04-10 20:13:43] [INFO] [DBG]   k[4] s=0 w=1 len=32 b58=ES7yhSrYeFo4U1PfJHNRkbfCWxCwPLk2DjrEbmN8bg58
[2026-04-10 20:13:43] [INFO] [DBG]   k[5] s=0 w=1 len=32 b58=8ChvMvALunCZrZnbr3Jwf4S8kEKYAqcMGL2C53MFgK87
[2026-04-10 20:13:43] [INFO] [DBG]   k[6] s=0 w=1 len=32 b58=4dmvFGeQH2eqa3ktNHMgm4wZ8vuTukBiK9M7gxW5oR9F
[2026-04-10 20:13:43] [INFO] [DBG]   k[7] s=0 w=1 len=32 b58=EJRTQoUhFocFL4fRwrhERF6wBL4RTZQrKe6dDuwrnRei
[2026-04-10 20:13:43] [INFO] [DBG]   k[8] s=0 w=1 len=32 b58=GqjT3UE9p9t2hkzoKnvS4p2pJkvWaaRLR65PxJdcPzb7
[2026-04-10 20:13:43] [INFO] [DBG]   k[9] s=0 w=1 len=32 b58=AKZj2vZ2UxQaZKcCYeGmsRocw52kwG94k6D4p1ssdDmp
[2026-04-10 20:13:43] [INFO] [DBG]   k[10] s=0 w=0 len=32 b58=EXpqcVuTTPEmyeVu2LHM75ha7FwmjJ88MnhSMRRdy5Sh
[2026-04-10 20:13:43] [INFO] [DBG] ix[8] prog=KLend2g3 keys=12 dataLen=17 hex=b97500cb60f5b4ba00902f500900000002
[2026-04-10 20:13:43] [INFO] [DBG]   k[0] s=1 w=0 len=32 b58=ESzi3jyKV4EWi1TC36nRwLiHHDVTmzn9iCFTotToyhC3
[2026-04-10 20:13:43] [INFO] [DBG]   k[1] s=0 w=0 len=32 b58=9DrvZvyWh1HuAoZxvYWMvkf2XCzryCpGgHqrMjyDWpmo
[2026-04-10 20:13:43] [INFO] [DBG]   k[2] s=0 w=0 len=32 b58=7u3HeHxYDLhnCoErrtycNokbQYbWGzLs6JSDqGAv5PfF
[2026-04-10 20:13:43] [INFO] [DBG]   k[3] s=0 w=1 len=32 b58=d4A2prbA2whesmvHaL88BH6Ewn5N4bTSU2Ze8P6Bc4Q
[2026-04-10 20:13:43] [INFO] [DBG]   k[4] s=0 w=0 len=32 b58=So11111111111111111111111111111111111111112
[2026-04-10 20:13:43] [INFO] [DBG]   k[5] s=0 w=1 len=32 b58=GafNuUXj9rxGLn4y79dPu6MHSuPWeJR6UtTWuexpGh3U
[2026-04-10 20:13:43] [INFO] [DBG]   k[6] s=0 w=1 len=32 b58=DQwQCSZL4Wm98FKdbVVw1Vq5txLcKNfxRBQrsy2MtcSa
[2026-04-10 20:13:43] [INFO] [DBG]   k[7] s=0 w=1 len=32 b58=3JNof8s453bwG5UqiXBLJc77NRQXezYYEBbk3fqnoKph
[2026-04-10 20:13:43] [INFO] [DBG]   k[8] s=0 w=0 len=32 b58=KLend2g3cP87fffoy8q1mQqGKjrxjC8boSyAYavgmjD
[2026-04-10 20:13:43] [INFO] [DBG]   k[9] s=0 w=0 len=32 b58=KLend2g3cP87fffoy8q1mQqGKjrxjC8boSyAYavgmjD
[2026-04-10 20:13:43] [INFO] [DBG]   k[10] s=0 w=0 len=32 b58=Sysvar1nstructions1111111111111111111111111
[2026-04-10 20:13:43] [INFO] [DBG]   k[11] s=0 w=0 len=32 b58=TokenkegQfeZyiNwAJbNbGKPFXCWuBvf9Ss623VQ5DA
[2026-04-10 20:13:43] [INFO] [DBG] ix[9] prog=Tokenkeg keys=3 dataLen=1 hex=09
[2026-04-10 20:13:43] [INFO] [DBG]   k[0] s=0 w=1 len=32 b58=DQwQCSZL4Wm98FKdbVVw1Vq5txLcKNfxRBQrsy2MtcSa
[2026-04-10 20:13:43] [INFO] [DBG]   k[1] s=0 w=1 len=32 b58=ESzi3jyKV4EWi1TC36nRwLiHHDVTmzn9iCFTotToyhC3
[2026-04-10 20:13:43] [INFO] [DBG]   k[2] s=1 w=0 len=32 b58=ESzi3jyKV4EWi1TC36nRwLiHHDVTmzn9iCFTotToyhC3
[2026-04-10 20:13:43] [ERROR] [LocalExec] Error: encoding overruns Uint8Array
[2026-04-10 20:13:43] [ERROR] [LocalExec] Stack: RangeError: encoding overruns Uint8Array
    at Blob.encode (/home/ubuntu/ARB-BOT/node_modules/@solana/buffer-layout/lib/Layout.js:2098:19)
    at Structure.encode (/home/ubuntu/ARB-BOT/node_modules/@solana/buffer-layout/lib/Layout.js:1092:36)
    at MessageV0.serialize (/home/ubuntu/ARB-BOT/node_modules/@solana/web3.js/lib/index.cjs.js:1045:51)
    at VersionedTransaction.sign (/home/ubuntu/ARB-BOT/node_modules/@solana/web3.js/lib/index.cjs.js:2107:38)
    at Executor.executeLocal (/home/ubuntu/ARB-BOT/src/executor.js:1312:21)
    at process.processTicksAndRejections (node:internal/process/task_queues:95:5)
    at async wsCallback (/home/ubuntu/ARB-BOT/src/bot.js:297:44)
[2026-04-10 20:13:43] [WARN] [LocalExec] ⚠️  computeSwap BYPASSED — pipeline test mode | gross local: -60.5851 USD
[2026-04-10 20:13:43] [INFO] 🎯 LOCAL EXEC — SOL/BONK | spread: 0.050% | loan: 20.0 SOL | profit: ~$-60.5851 | buy: Raydium CLMM@GtKKKs3y → sell: Orca@5zpyutJu
[2026-04-10 20:13:43] [INFO] [LocalExec] Jito tip: 50000 lamports (~$0.0043)
[2026-04-10 20:13:43] [INFO] [LocalExec] borrowIxIndex dynamically set to 2
[2026-04-10 20:13:43] [INFO] [DBG] innerIxs.length=10
[2026-04-10 20:13:43] [INFO] [DBG] ix[0] prog=11111111 keys=2 dataLen=12 hex=0200000050c3000000000000
[2026-04-10 20:13:43] [INFO] [DBG]   k[0] s=1 w=1 len=32 b58=ESzi3jyKV4EWi1TC36nRwLiHHDVTmzn9iCFTotToyhC3
[2026-04-10 20:13:43] [INFO] [DBG]   k[1] s=0 w=1 len=32 b58=ADuUkR4vqLUMWXxW9gh6D6L8pMSawimctcNZ5pGwDcEt
[2026-04-10 20:13:43] [INFO] [DBG] ix[1] prog=ATokenGP keys=6 dataLen=1 hex=01
[2026-04-10 20:13:43] [INFO] [DBG]   k[0] s=1 w=1 len=32 b58=ESzi3jyKV4EWi1TC36nRwLiHHDVTmzn9iCFTotToyhC3
[2026-04-10 20:13:43] [INFO] [DBG]   k[1] s=0 w=1 len=32 b58=DQwQCSZL4Wm98FKdbVVw1Vq5txLcKNfxRBQrsy2MtcSa
[2026-04-10 20:13:43] [INFO] [DBG]   k[2] s=0 w=0 len=32 b58=ESzi3jyKV4EWi1TC36nRwLiHHDVTmzn9iCFTotToyhC3
[2026-04-10 20:13:43] [INFO] [DBG]   k[3] s=0 w=0 len=32 b58=So11111111111111111111111111111111111111112
[2026-04-10 20:13:43] [INFO] [DBG]   k[4] s=0 w=0 len=32 b58=11111111111111111111111111111111
[2026-04-10 20:13:43] [INFO] [DBG]   k[5] s=0 w=0 len=32 b58=TokenkegQfeZyiNwAJbNbGKPFXCWuBvf9Ss623VQ5DA
[2026-04-10 20:13:43] [INFO] [DBG] ix[2] prog=KLend2g3 keys=12 dataLen=16 hex=87e734a70734d4c100c817a804000000
[2026-04-10 20:13:43] [INFO] [DBG]   k[0] s=1 w=0 len=32 b58=ESzi3jyKV4EWi1TC36nRwLiHHDVTmzn9iCFTotToyhC3
[2026-04-10 20:13:43] [INFO] [DBG]   k[1] s=0 w=0 len=32 b58=9DrvZvyWh1HuAoZxvYWMvkf2XCzryCpGgHqrMjyDWpmo
[2026-04-10 20:13:43] [INFO] [DBG]   k[2] s=0 w=0 len=32 b58=7u3HeHxYDLhnCoErrtycNokbQYbWGzLs6JSDqGAv5PfF
[2026-04-10 20:13:43] [INFO] [DBG]   k[3] s=0 w=1 len=32 b58=d4A2prbA2whesmvHaL88BH6Ewn5N4bTSU2Ze8P6Bc4Q
[2026-04-10 20:13:43] [INFO] [DBG]   k[4] s=0 w=0 len=32 b58=So11111111111111111111111111111111111111112
[2026-04-10 20:13:43] [INFO] [DBG]   k[5] s=0 w=1 len=32 b58=GafNuUXj9rxGLn4y79dPu6MHSuPWeJR6UtTWuexpGh3U
[2026-04-10 20:13:43] [INFO] [DBG]   k[6] s=0 w=1 len=32 b58=DQwQCSZL4Wm98FKdbVVw1Vq5txLcKNfxRBQrsy2MtcSa
[2026-04-10 20:13:43] [INFO] [DBG]   k[7] s=0 w=1 len=32 b58=3JNof8s453bwG5UqiXBLJc77NRQXezYYEBbk3fqnoKph
[2026-04-10 20:13:43] [INFO] [DBG]   k[8] s=0 w=0 len=32 b58=KLend2g3cP87fffoy8q1mQqGKjrxjC8boSyAYavgmjD
[2026-04-10 20:13:43] [INFO] [DBG]   k[9] s=0 w=0 len=32 b58=KLend2g3cP87fffoy8q1mQqGKjrxjC8boSyAYavgmjD
[2026-04-10 20:13:43] [INFO] [DBG]   k[10] s=0 w=0 len=32 b58=Sysvar1nstructions1111111111111111111111111
[2026-04-10 20:13:43] [INFO] [DBG]   k[11] s=0 w=0 len=32 b58=TokenkegQfeZyiNwAJbNbGKPFXCWuBvf9Ss623VQ5DA
[2026-04-10 20:13:43] [INFO] [DBG] ix[3] prog=ComputeB keys=0 dataLen=5 hex=02c0270900
[2026-04-10 20:13:43] [INFO] [DBG] ix[4] prog=ComputeB keys=0 dataLen=9 hex=030100000000000000
[2026-04-10 20:13:43] [INFO] [DBG] ix[5] prog=ATokenGP keys=6 dataLen=1 hex=01
[2026-04-10 20:13:43] [INFO] [DBG]   k[0] s=1 w=1 len=32 b58=ESzi3jyKV4EWi1TC36nRwLiHHDVTmzn9iCFTotToyhC3
[2026-04-10 20:13:43] [INFO] [DBG]   k[1] s=0 w=1 len=32 b58=8ChvMvALunCZrZnbr3Jwf4S8kEKYAqcMGL2C53MFgK87
[2026-04-10 20:13:43] [INFO] [DBG]   k[2] s=0 w=0 len=32 b58=ESzi3jyKV4EWi1TC36nRwLiHHDVTmzn9iCFTotToyhC3
[2026-04-10 20:13:43] [INFO] [DBG]   k[3] s=0 w=0 len=32 b58=DezXAZ8z7PnrnRJjz3wXBoRgixCa6xjnB7YaB1pPB263
[2026-04-10 20:13:43] [INFO] [DBG]   k[4] s=0 w=0 len=32 b58=11111111111111111111111111111111
[2026-04-10 20:13:43] [INFO] [DBG]   k[5] s=0 w=0 len=32 b58=TokenkegQfeZyiNwAJbNbGKPFXCWuBvf9Ss623VQ5DA
[2026-04-10 20:13:43] [INFO] [DBG] ix[6] prog=CAMMCzo5 keys=12 dataLen=41 hex=f8c69e91e17587c800c817a804000000d38fbf5e73160000513b010001000000000000000000000001
[2026-04-10 20:13:43] [INFO] [DBG]   k[0] s=1 w=1 len=32 b58=ESzi3jyKV4EWi1TC36nRwLiHHDVTmzn9iCFTotToyhC3
[2026-04-10 20:13:43] [INFO] [DBG]   k[1] s=0 w=0 len=32 b58=E64NGkDLLCdQ2yFNPcavaKptrEgmiQaNykUuLC1Qgwyp
[2026-04-10 20:13:43] [INFO] [DBG]   k[2] s=0 w=1 len=32 b58=GtKKKs3yaPdHbQd2aZS4SfWhy8zQ988BJGnKNndLxYsN
[2026-04-10 20:13:43] [INFO] [DBG]   k[3] s=0 w=1 len=32 b58=DQwQCSZL4Wm98FKdbVVw1Vq5txLcKNfxRBQrsy2MtcSa
[2026-04-10 20:13:43] [INFO] [DBG]   k[4] s=0 w=1 len=32 b58=8ChvMvALunCZrZnbr3Jwf4S8kEKYAqcMGL2C53MFgK87
[2026-04-10 20:13:43] [INFO] [DBG]   k[5] s=0 w=1 len=32 b58=GDnBvA76ZAJ2K3en2F1iExPZ6qz83Xjj5srXMmSKTYDW
[2026-04-10 20:13:43] [INFO] [DBG]   k[6] s=0 w=1 len=32 b58=2wzaFLYb4JcDrVs8TfU3TfkVwq1Pdp3rRgWdNJzFGXud
[2026-04-10 20:13:43] [INFO] [DBG]   k[7] s=0 w=1 len=32 b58=Gj8gzDNKmf5y3p1LorKHTvMZ8eCLhbCDnhGiN5xVW8Jq
[2026-04-10 20:13:43] [INFO] [DBG]   k[8] s=0 w=0 len=32 b58=TokenkegQfeZyiNwAJbNbGKPFXCWuBvf9Ss623VQ5DA
[2026-04-10 20:13:43] [INFO] [DBG]   k[9] s=0 w=1 len=32 b58=FohQpHgvyJQHbYvrkyVXGuZpA2aaBXVBeHtEoxe5gzir
[2026-04-10 20:13:43] [INFO] [DBG]   k[10] s=0 w=1 len=32 b58=H162txn8gSuXiVfXffF8XxTAoP9KUDrhtktpeDpYEqk4
[2026-04-10 20:13:43] [INFO] [DBG]   k[11] s=0 w=1 len=32 b58=81hDVagG29yQRDdthwSLE93VGKtRddTN8Eo7bnwzGUVF
[2026-04-10 20:13:43] [INFO] [DBG] ix[7] prog=whirLbMi keys=11 dataLen=42 hex=f8c69e91e17587c85d837ff7f118000000c817a804000000af331ba8327fbb35b1c4feff000000000100
[2026-04-10 20:13:43] [INFO] [DBG]   k[0] s=0 w=0 len=32 b58=TokenkegQfeZyiNwAJbNbGKPFXCWuBvf9Ss623VQ5DA
[2026-04-10 20:13:43] [INFO] [DBG]   k[1] s=1 w=0 len=32 b58=ESzi3jyKV4EWi1TC36nRwLiHHDVTmzn9iCFTotToyhC3
[2026-04-10 20:13:43] [INFO] [DBG]   k[2] s=0 w=1 len=32 b58=5zpyutJu9ee6jFymDGoK7F6S5Kczqtc9FomP3ueKuyA9
[2026-04-10 20:13:43] [INFO] [DBG]   k[3] s=0 w=1 len=32 b58=DQwQCSZL4Wm98FKdbVVw1Vq5txLcKNfxRBQrsy2MtcSa
[2026-04-10 20:13:43] [INFO] [DBG]   k[4] s=0 w=1 len=32 b58=ES7yhSrYeFo4U1PfJHNRkbfCWxCwPLk2DjrEbmN8bg58
[2026-04-10 20:13:43] [INFO] [DBG]   k[5] s=0 w=1 len=32 b58=8ChvMvALunCZrZnbr3Jwf4S8kEKYAqcMGL2C53MFgK87
[2026-04-10 20:13:43] [INFO] [DBG]   k[6] s=0 w=1 len=32 b58=4dmvFGeQH2eqa3ktNHMgm4wZ8vuTukBiK9M7gxW5oR9F
[2026-04-10 20:13:43] [INFO] [DBG]   k[7] s=0 w=1 len=32 b58=EJRTQoUhFocFL4fRwrhERF6wBL4RTZQrKe6dDuwrnRei
[2026-04-10 20:13:43] [INFO] [DBG]   k[8] s=0 w=1 len=32 b58=GqjT3UE9p9t2hkzoKnvS4p2pJkvWaaRLR65PxJdcPzb7
[2026-04-10 20:13:43] [INFO] [DBG]   k[9] s=0 w=1 len=32 b58=AKZj2vZ2UxQaZKcCYeGmsRocw52kwG94k6D4p1ssdDmp
[2026-04-10 20:13:43] [INFO] [DBG]   k[10] s=0 w=0 len=32 b58=EXpqcVuTTPEmyeVu2LHM75ha7FwmjJ88MnhSMRRdy5Sh
[2026-04-10 20:13:43] [INFO] [DBG] ix[8] prog=KLend2g3 keys=12 dataLen=17 hex=b97500cb60f5b4ba00c817a80400000002
[2026-04-10 20:13:43] [INFO] [DBG]   k[0] s=1 w=0 len=32 b58=ESzi3jyKV4EWi1TC36nRwLiHHDVTmzn9iCFTotToyhC3
[2026-04-10 20:13:43] [INFO] [DBG]   k[1] s=0 w=0 len=32 b58=9DrvZvyWh1HuAoZxvYWMvkf2XCzryCpGgHqrMjyDWpmo
[2026-04-10 20:13:43] [INFO] [DBG]   k[2] s=0 w=0 len=32 b58=7u3HeHxYDLhnCoErrtycNokbQYbWGzLs6JSDqGAv5PfF
[2026-04-10 20:13:43] [INFO] [DBG]   k[3] s=0 w=1 len=32 b58=d4A2prbA2whesmvHaL88BH6Ewn5N4bTSU2Ze8P6Bc4Q
[2026-04-10 20:13:43] [INFO] [DBG]   k[4] s=0 w=0 len=32 b58=So11111111111111111111111111111111111111112
[2026-04-10 20:13:43] [INFO] [DBG]   k[5] s=0 w=1 len=32 b58=GafNuUXj9rxGLn4y79dPu6MHSuPWeJR6UtTWuexpGh3U
[2026-04-10 20:13:43] [INFO] [DBG]   k[6] s=0 w=1 len=32 b58=DQwQCSZL4Wm98FKdbVVw1Vq5txLcKNfxRBQrsy2MtcSa
[2026-04-10 20:13:43] [INFO] [DBG]   k[7] s=0 w=1 len=32 b58=3JNof8s453bwG5UqiXBLJc77NRQXezYYEBbk3fqnoKph
[2026-04-10 20:13:43] [INFO] [DBG]   k[8] s=0 w=0 len=32 b58=KLend2g3cP87fffoy8q1mQqGKjrxjC8boSyAYavgmjD
[2026-04-10 20:13:43] [INFO] [DBG]   k[9] s=0 w=0 len=32 b58=KLend2g3cP87fffoy8q1mQqGKjrxjC8boSyAYavgmjD
[2026-04-10 20:13:43] [INFO] [DBG]   k[10] s=0 w=0 len=32 b58=Sysvar1nstructions1111111111111111111111111
[2026-04-10 20:13:43] [INFO] [DBG]   k[11] s=0 w=0 len=32 b58=TokenkegQfeZyiNwAJbNbGKPFXCWuBvf9Ss623VQ5DA
[2026-04-10 20:13:43] [INFO] [DBG] ix[9] prog=Tokenkeg keys=3 dataLen=1 hex=09
[2026-04-10 20:13:43] [INFO] [DBG]   k[0] s=0 w=1 len=32 b58=DQwQCSZL4Wm98FKdbVVw1Vq5txLcKNfxRBQrsy2MtcSa
[2026-04-10 20:13:43] [INFO] [DBG]   k[1] s=0 w=1 len=32 b58=ESzi3jyKV4EWi1TC36nRwLiHHDVTmzn9iCFTotToyhC3
[2026-04-10 20:13:43] [INFO] [DBG]   k[2] s=1 w=0 len=32 b58=ESzi3jyKV4EWi1TC36nRwLiHHDVTmzn9iCFTotToyhC3
[2026-04-10 20:13:43] [ERROR] [LocalExec] Error: encoding overruns Uint8Array
[2026-04-10 20:13:43] [ERROR] [LocalExec] Stack: RangeError: encoding overruns Uint8Array
    at Blob.encode (/home/ubuntu/ARB-BOT/node_modules/@solana/buffer-layout/lib/Layout.js:2098:19)
    at Structure.encode (/home/ubuntu/ARB-BOT/node_modules/@solana/buffer-layout/lib/Layout.js:1092:36)
    at MessageV0.serialize (/home/ubuntu/ARB-BOT/node_modules/@solana/web3.js/lib/index.cjs.js:1045:51)
    at VersionedTransaction.sign (/home/ubuntu/ARB-BOT/node_modules/@solana/web3.js/lib/index.cjs.js:2107:38)
    at Executor.executeLocal (/home/ubuntu/ARB-BOT/src/executor.js:1312:21)
    at process.processTicksAndRejections (node:internal/process/task_queues:95:5)
    at async wsCallback (/home/ubuntu/ARB-BOT/src/bot.js:297:44)
[2026-04-10 20:13:43] [WARN] [LocalExec] ⚠️  computeSwap BYPASSED — pipeline test mode | gross local: -15.4628 USD
[2026-04-10 20:13:43] [INFO] 🎯 LOCAL EXEC — SOL/BONK | spread: 0.050% | loan: 10.0 SOL | profit: ~$-15.4628 | buy: Raydium CLMM@GtKKKs3y → sell: Orca@5zpyutJu
[2026-04-10 20:13:43] [INFO] [LocalExec] Jito tip: 50000 lamports (~$0.0043)
[2026-04-10 20:13:43] [INFO] [LocalExec] borrowIxIndex dynamically set to 2
[2026-04-10 20:13:43] [INFO] [DBG] innerIxs.length=10
[2026-04-10 20:13:43] [INFO] [DBG] ix[0] prog=11111111 keys=2 dataLen=12 hex=0200000050c3000000000000
[2026-04-10 20:13:43] [INFO] [DBG]   k[0] s=1 w=1 len=32 b58=ESzi3jyKV4EWi1TC36nRwLiHHDVTmzn9iCFTotToyhC3
[2026-04-10 20:13:43] [INFO] [DBG]   k[1] s=0 w=1 len=32 b58=DfXygSm4jCyNCybVYYK6DwvWqjKee8pbDmJGcLWNDXjh
[2026-04-10 20:13:43] [INFO] [DBG] ix[1] prog=ATokenGP keys=6 dataLen=1 hex=01
[2026-04-10 20:13:43] [INFO] [DBG]   k[0] s=1 w=1 len=32 b58=ESzi3jyKV4EWi1TC36nRwLiHHDVTmzn9iCFTotToyhC3
[2026-04-10 20:13:43] [INFO] [DBG]   k[1] s=0 w=1 len=32 b58=DQwQCSZL4Wm98FKdbVVw1Vq5txLcKNfxRBQrsy2MtcSa
[2026-04-10 20:13:43] [INFO] [DBG]   k[2] s=0 w=0 len=32 b58=ESzi3jyKV4EWi1TC36nRwLiHHDVTmzn9iCFTotToyhC3
[2026-04-10 20:13:43] [INFO] [DBG]   k[3] s=0 w=0 len=32 b58=So11111111111111111111111111111111111111112
[2026-04-10 20:13:43] [INFO] [DBG]   k[4] s=0 w=0 len=32 b58=11111111111111111111111111111111
[2026-04-10 20:13:43] [INFO] [DBG]   k[5] s=0 w=0 len=32 b58=TokenkegQfeZyiNwAJbNbGKPFXCWuBvf9Ss623VQ5DA
[2026-04-10 20:13:43] [INFO] [DBG] ix[2] prog=KLend2g3 keys=12 dataLen=16 hex=87e734a70734d4c100e40b5402000000
[2026-04-10 20:13:43] [INFO] [DBG]   k[0] s=1 w=0 len=32 b58=ESzi3jyKV4EWi1TC36nRwLiHHDVTmzn9iCFTotToyhC3
[2026-04-10 20:13:43] [INFO] [DBG]   k[1] s=0 w=0 len=32 b58=9DrvZvyWh1HuAoZxvYWMvkf2XCzryCpGgHqrMjyDWpmo
[2026-04-10 20:13:44] [INFO] [DBG]   k[2] s=0 w=0 len=32 b58=7u3HeHxYDLhnCoErrtycNokbQYbWGzLs6JSDqGAv5PfF
[2026-04-10 20:13:44] [INFO] [DBG]   k[3] s=0 w=1 len=32 b58=d4A2prbA2whesmvHaL88BH6Ewn5N4bTSU2Ze8P6Bc4Q
[2026-04-10 20:13:44] [INFO] [DBG]   k[4] s=0 w=0 len=32 b58=So11111111111111111111111111111111111111112
[2026-04-10 20:13:44] [INFO] [DBG]   k[5] s=0 w=1 len=32 b58=GafNuUXj9rxGLn4y79dPu6MHSuPWeJR6UtTWuexpGh3U
[2026-04-10 20:13:44] [INFO] [DBG]   k[6] s=0 w=1 len=32 b58=DQwQCSZL4Wm98FKdbVVw1Vq5txLcKNfxRBQrsy2MtcSa
[2026-04-10 20:13:44] [INFO] [DBG]   k[7] s=0 w=1 len=32 b58=3JNof8s453bwG5UqiXBLJc77NRQXezYYEBbk3fqnoKph
[2026-04-10 20:13:44] [INFO] [DBG]   k[8] s=0 w=0 len=32 b58=KLend2g3cP87fffoy8q1mQqGKjrxjC8boSyAYavgmjD
[2026-04-10 20:13:44] [INFO] [DBG]   k[9] s=0 w=0 len=32 b58=KLend2g3cP87fffoy8q1mQqGKjrxjC8boSyAYavgmjD
[2026-04-10 20:13:44] [INFO] [DBG]   k[10] s=0 w=0 len=32 b58=Sysvar1nstructions1111111111111111111111111
[2026-04-10 20:13:44] [INFO] [DBG]   k[11] s=0 w=0 len=32 b58=TokenkegQfeZyiNwAJbNbGKPFXCWuBvf9Ss623VQ5DA
[2026-04-10 20:13:44] [INFO] [DBG] ix[3] prog=ComputeB keys=0 dataLen=5 hex=02c0270900
[2026-04-10 20:13:44] [INFO] [DBG] ix[4] prog=ComputeB keys=0 dataLen=9 hex=030100000000000000
[2026-04-10 20:13:44] [INFO] [DBG] ix[5] prog=ATokenGP keys=6 dataLen=1 hex=01
[2026-04-10 20:13:44] [INFO] [DBG]   k[0] s=1 w=1 len=32 b58=ESzi3jyKV4EWi1TC36nRwLiHHDVTmzn9iCFTotToyhC3
[2026-04-10 20:13:44] [INFO] [DBG]   k[1] s=0 w=1 len=32 b58=8ChvMvALunCZrZnbr3Jwf4S8kEKYAqcMGL2C53MFgK87
[2026-04-10 20:13:44] [INFO] [DBG]   k[2] s=0 w=0 len=32 b58=ESzi3jyKV4EWi1TC36nRwLiHHDVTmzn9iCFTotToyhC3
[2026-04-10 20:13:44] [INFO] [DBG]   k[3] s=0 w=0 len=32 b58=DezXAZ8z7PnrnRJjz3wXBoRgixCa6xjnB7YaB1pPB263
[2026-04-10 20:13:44] [INFO] [DBG]   k[4] s=0 w=0 len=32 b58=11111111111111111111111111111111
[2026-04-10 20:13:44] [INFO] [DBG]   k[5] s=0 w=0 len=32 b58=TokenkegQfeZyiNwAJbNbGKPFXCWuBvf9Ss623VQ5DA
[2026-04-10 20:13:44] [INFO] [DBG] ix[6] prog=CAMMCzo5 keys=12 dataLen=41 hex=f8c69e91e17587c800e40b5402000000150a420d640b0000513b010001000000000000000000000001
[2026-04-10 20:13:44] [INFO] [DBG]   k[0] s=1 w=1 len=32 b58=ESzi3jyKV4EWi1TC36nRwLiHHDVTmzn9iCFTotToyhC3
[2026-04-10 20:13:44] [INFO] [DBG]   k[1] s=0 w=0 len=32 b58=E64NGkDLLCdQ2yFNPcavaKptrEgmiQaNykUuLC1Qgwyp
[2026-04-10 20:13:44] [INFO] [DBG]   k[2] s=0 w=1 len=32 b58=GtKKKs3yaPdHbQd2aZS4SfWhy8zQ988BJGnKNndLxYsN
[2026-04-10 20:13:44] [INFO] [DBG]   k[3] s=0 w=1 len=32 b58=DQwQCSZL4Wm98FKdbVVw1Vq5txLcKNfxRBQrsy2MtcSa
[2026-04-10 20:13:44] [INFO] [DBG]   k[4] s=0 w=1 len=32 b58=8ChvMvALunCZrZnbr3Jwf4S8kEKYAqcMGL2C53MFgK87
[2026-04-10 20:13:44] [INFO] [DBG]   k[5] s=0 w=1 len=32 b58=GDnBvA76ZAJ2K3en2F1iExPZ6qz83Xjj5srXMmSKTYDW
[2026-04-10 20:13:44] [INFO] [DBG]   k[6] s=0 w=1 len=32 b58=2wzaFLYb4JcDrVs8TfU3TfkVwq1Pdp3rRgWdNJzFGXud
[2026-04-10 20:13:44] [INFO] [DBG]   k[7] s=0 w=1 len=32 b58=Gj8gzDNKmf5y3p1LorKHTvMZ8eCLhbCDnhGiN5xVW8Jq
[2026-04-10 20:13:44] [INFO] [DBG]   k[8] s=0 w=0 len=32 b58=TokenkegQfeZyiNwAJbNbGKPFXCWuBvf9Ss623VQ5DA
[2026-04-10 20:13:44] [INFO] [DBG]   k[9] s=0 w=1 len=32 b58=FohQpHgvyJQHbYvrkyVXGuZpA2aaBXVBeHtEoxe5gzir
[2026-04-10 20:13:44] [INFO] [DBG]   k[10] s=0 w=1 len=32 b58=H162txn8gSuXiVfXffF8XxTAoP9KUDrhtktpeDpYEqk4
[2026-04-10 20:13:44] [INFO] [DBG]   k[11] s=0 w=1 len=32 b58=81hDVagG29yQRDdthwSLE93VGKtRddTN8Eo7bnwzGUVF
[2026-04-10 20:13:44] [INFO] [DBG] ix[7] prog=whirLbMi keys=11 dataLen=42 hex=f8c69e91e17587c8a627bb0ea80c000000e40b5402000000af331ba8327fbb35b1c4feff000000000100
[2026-04-10 20:13:44] [INFO] [DBG]   k[0] s=0 w=0 len=32 b58=TokenkegQfeZyiNwAJbNbGKPFXCWuBvf9Ss623VQ5DA
[2026-04-10 20:13:44] [INFO] [DBG]   k[1] s=1 w=0 len=32 b58=ESzi3jyKV4EWi1TC36nRwLiHHDVTmzn9iCFTotToyhC3
[2026-04-10 20:13:44] [INFO] [DBG]   k[2] s=0 w=1 len=32 b58=5zpyutJu9ee6jFymDGoK7F6S5Kczqtc9FomP3ueKuyA9
[2026-04-10 20:13:44] [INFO] [DBG]   k[3] s=0 w=1 len=32 b58=DQwQCSZL4Wm98FKdbVVw1Vq5txLcKNfxRBQrsy2MtcSa
[2026-04-10 20:13:44] [INFO] [DBG]   k[4] s=0 w=1 len=32 b58=ES7yhSrYeFo4U1PfJHNRkbfCWxCwPLk2DjrEbmN8bg58
[2026-04-10 20:13:44] [INFO] [DBG]   k[5] s=0 w=1 len=32 b58=8ChvMvALunCZrZnbr3Jwf4S8kEKYAqcMGL2C53MFgK87
[2026-04-10 20:13:44] [INFO] [DBG]   k[6] s=0 w=1 len=32 b58=4dmvFGeQH2eqa3ktNHMgm4wZ8vuTukBiK9M7gxW5oR9F
[2026-04-10 20:13:44] [INFO] [DBG]   k[7] s=0 w=1 len=32 b58=EJRTQoUhFocFL4fRwrhERF6wBL4RTZQrKe6dDuwrnRei
[2026-04-10 20:13:44] [INFO] [DBG]   k[8] s=0 w=1 len=32 b58=GqjT3UE9p9t2hkzoKnvS4p2pJkvWaaRLR65PxJdcPzb7
[2026-04-10 20:13:44] [INFO] [DBG]   k[9] s=0 w=1 len=32 b58=AKZj2vZ2UxQaZKcCYeGmsRocw52kwG94k6D4p1ssdDmp
[2026-04-10 20:13:44] [INFO] [DBG]   k[10] s=0 w=0 len=32 b58=EXpqcVuTTPEmyeVu2LHM75ha7FwmjJ88MnhSMRRdy5Sh
[2026-04-10 20:13:44] [INFO] [DBG] ix[8] prog=KLend2g3 keys=12 dataLen=17 hex=b97500cb60f5b4ba00e40b540200000002
[2026-04-10 20:13:44] [INFO] [DBG]   k[0] s=1 w=0 len=32 b58=ESzi3jyKV4EWi1TC36nRwLiHHDVTmzn9iCFTotToyhC3
[2026-04-10 20:13:44] [INFO] [DBG]   k[1] s=0 w=0 len=32 b58=9DrvZvyWh1HuAoZxvYWMvkf2XCzryCpGgHqrMjyDWpmo
[2026-04-10 20:13:44] [INFO] [DBG]   k[2] s=0 w=0 len=32 b58=7u3HeHxYDLhnCoErrtycNokbQYbWGzLs6JSDqGAv5PfF
[2026-04-10 20:13:44] [INFO] [DBG]   k[3] s=0 w=1 len=32 b58=d4A2prbA2whesmvHaL88BH6Ewn5N4bTSU2Ze8P6Bc4Q
[2026-04-10 20:13:44] [INFO] [DBG]   k[4] s=0 w=0 len=32 b58=So11111111111111111111111111111111111111112
[2026-04-10 20:13:44] [INFO] [DBG]   k[5] s=0 w=1 len=32 b58=GafNuUXj9rxGLn4y79dPu6MHSuPWeJR6UtTWuexpGh3U
[2026-04-10 20:13:44] [INFO] [DBG]   k[6] s=0 w=1 len=32 b58=DQwQCSZL4Wm98FKdbVVw1Vq5txLcKNfxRBQrsy2MtcSa
[2026-04-10 20:13:44] [INFO] [DBG]   k[7] s=0 w=1 len=32 b58=3JNof8s453bwG5UqiXBLJc77NRQXezYYEBbk3fqnoKph
[2026-04-10 20:13:44] [INFO] [DBG]   k[8] s=0 w=0 len=32 b58=KLend2g3cP87fffoy8q1mQqGKjrxjC8boSyAYavgmjD
[2026-04-10 20:13:44] [INFO] [DBG]   k[9] s=0 w=0 len=32 b58=KLend2g3cP87fffoy8q1mQqGKjrxjC8boSyAYavgmjD
[2026-04-10 20:13:44] [INFO] [DBG]   k[10] s=0 w=0 len=32 b58=Sysvar1nstructions1111111111111111111111111
[2026-04-10 20:13:44] [INFO] [DBG]   k[11] s=0 w=0 len=32 b58=TokenkegQfeZyiNwAJbNbGKPFXCWuBvf9Ss623VQ5DA
[2026-04-10 20:13:44] [INFO] [DBG] ix[9] prog=Tokenkeg keys=3 dataLen=1 hex=09
[2026-04-10 20:13:44] [INFO] [DBG]   k[0] s=0 w=1 len=32 b58=DQwQCSZL4Wm98FKdbVVw1Vq5txLcKNfxRBQrsy2MtcSa
[2026-04-10 20:13:44] [INFO] [DBG]   k[1] s=0 w=1 len=32 b58=ESzi3jyKV4EWi1TC36nRwLiHHDVTmzn9iCFTotToyhC3
[2026-04-10 20:13:44] [INFO] [DBG]   k[2] s=1 w=0 len=32 b58=ESzi3jyKV4EWi1TC36nRwLiHHDVTmzn9iCFTotToyhC3
[2026-04-10 20:13:44] [ERROR] [LocalExec] Error: encoding overruns Uint8Array
[2026-04-10 20:13:44] [ERROR] [LocalExec] Stack: RangeError: encoding overruns Uint8Array
    at Blob.encode (/home/ubuntu/ARB-BOT/node_modules/@solana/buffer-layout/lib/Layout.js:2098:19)
    at Structure.encode (/home/ubuntu/ARB-BOT/node_modules/@solana/buffer-layout/lib/Layout.js:1092:36)
    at MessageV0.serialize (/home/ubuntu/ARB-BOT/node_modules/@solana/web3.js/lib/index.cjs.js:1045:51)
    at VersionedTransaction.sign (/home/ubuntu/ARB-BOT/node_modules/@solana/web3.js/lib/index.cjs.js:2107:38)
    at Executor.executeLocal (/home/ubuntu/ARB-BOT/src/executor.js:1312:21)
    at process.processTicksAndRejections (node:internal/process/task_queues:95:5)
    at async wsCallback (/home/ubuntu/ARB-BOT/src/bot.js:297:44)
[2026-04-10 20:13:44] [WARN] [LocalExec] ⚠️  computeSwap BYPASSED — pipeline test mode | gross local: -2.5222 USD
[2026-04-10 20:13:44] [INFO] 🎯 LOCAL EXEC — SOL/BONK | spread: 0.050% | loan: 4.0 SOL | profit: ~$-2.5222 | buy: Raydium CLMM@GtKKKs3y → sell: Orca@5zpyutJu
[2026-04-10 20:13:44] [INFO] [LocalExec] Jito tip: 50000 lamports (~$0.0043)
[2026-04-10 20:13:44] [INFO] [LocalExec] borrowIxIndex dynamically set to 2
[2026-04-10 20:13:44] [INFO] [DBG] innerIxs.length=10
[2026-04-10 20:13:44] [INFO] [DBG] ix[0] prog=11111111 keys=2 dataLen=12 hex=0200000050c3000000000000
[2026-04-10 20:13:44] [INFO] [DBG]   k[0] s=1 w=1 len=32 b58=ESzi3jyKV4EWi1TC36nRwLiHHDVTmzn9iCFTotToyhC3
[2026-04-10 20:13:44] [INFO] [DBG]   k[1] s=0 w=1 len=32 b58=Cw8CFyM9FkoMi7K7Crf6HNQqf4uEMzpKw6QNghXLvLkY
[2026-04-10 20:13:44] [INFO] [DBG] ix[1] prog=ATokenGP keys=6 dataLen=1 hex=01
[2026-04-10 20:13:44] [INFO] [DBG]   k[0] s=1 w=1 len=32 b58=ESzi3jyKV4EWi1TC36nRwLiHHDVTmzn9iCFTotToyhC3
[2026-04-10 20:13:44] [INFO] [DBG]   k[1] s=0 w=1 len=32 b58=DQwQCSZL4Wm98FKdbVVw1Vq5txLcKNfxRBQrsy2MtcSa
[2026-04-10 20:13:44] [INFO] [DBG]   k[2] s=0 w=0 len=32 b58=ESzi3jyKV4EWi1TC36nRwLiHHDVTmzn9iCFTotToyhC3
[2026-04-10 20:13:44] [INFO] [DBG]   k[3] s=0 w=0 len=32 b58=So11111111111111111111111111111111111111112
[2026-04-10 20:13:44] [INFO] [DBG]   k[4] s=0 w=0 len=32 b58=11111111111111111111111111111111
[2026-04-10 20:13:44] [INFO] [DBG]   k[5] s=0 w=0 len=32 b58=TokenkegQfeZyiNwAJbNbGKPFXCWuBvf9Ss623VQ5DA
[2026-04-10 20:13:44] [INFO] [DBG] ix[2] prog=KLend2g3 keys=12 dataLen=16 hex=87e734a70734d4c100286bee00000000
[2026-04-10 20:13:44] [INFO] [DBG]   k[0] s=1 w=0 len=32 b58=ESzi3jyKV4EWi1TC36nRwLiHHDVTmzn9iCFTotToyhC3
[2026-04-10 20:13:44] [INFO] [DBG]   k[1] s=0 w=0 len=32 b58=9DrvZvyWh1HuAoZxvYWMvkf2XCzryCpGgHqrMjyDWpmo
[2026-04-10 20:13:44] [INFO] [DBG]   k[2] s=0 w=0 len=32 b58=7u3HeHxYDLhnCoErrtycNokbQYbWGzLs6JSDqGAv5PfF
[2026-04-10 20:13:44] [INFO] [DBG]   k[3] s=0 w=1 len=32 b58=d4A2prbA2whesmvHaL88BH6Ewn5N4bTSU2Ze8P6Bc4Q
[2026-04-10 20:13:44] [INFO] [DBG]   k[4] s=0 w=0 len=32 b58=So11111111111111111111111111111111111111112
[2026-04-10 20:13:44] [INFO] [DBG]   k[5] s=0 w=1 len=32 b58=GafNuUXj9rxGLn4y79dPu6MHSuPWeJR6UtTWuexpGh3U
[2026-04-10 20:13:44] [INFO] [DBG]   k[6] s=0 w=1 len=32 b58=DQwQCSZL4Wm98FKdbVVw1Vq5txLcKNfxRBQrsy2MtcSa
[2026-04-10 20:13:44] [INFO] [DBG]   k[7] s=0 w=1 len=32 b58=3JNof8s453bwG5UqiXBLJc77NRQXezYYEBbk3fqnoKph
[2026-04-10 20:13:44] [INFO] [DBG]   k[8] s=0 w=0 len=32 b58=KLend2g3cP87fffoy8q1mQqGKjrxjC8boSyAYavgmjD
[2026-04-10 20:13:44] [INFO] [DBG]   k[9] s=0 w=0 len=32 b58=KLend2g3cP87fffoy8q1mQqGKjrxjC8boSyAYavgmjD
[2026-04-10 20:13:44] [INFO] [DBG]   k[10] s=0 w=0 len=32 b58=Sysvar1nstructions1111111111111111111111111
[2026-04-10 20:13:44] [INFO] [DBG]   k[11] s=0 w=0 len=32 b58=TokenkegQfeZyiNwAJbNbGKPFXCWuBvf9Ss623VQ5DA
[2026-04-10 20:13:44] [INFO] [DBG] ix[3] prog=ComputeB keys=0 dataLen=5 hex=02c0270900
[2026-04-10 20:13:44] [INFO] [DBG] ix[4] prog=ComputeB keys=0 dataLen=9 hex=030100000000000000
[2026-04-10 20:13:44] [INFO] [DBG] ix[5] prog=ATokenGP keys=6 dataLen=1 hex=01
[2026-04-10 20:13:44] [INFO] [DBG]   k[0] s=1 w=1 len=32 b58=ESzi3jyKV4EWi1TC36nRwLiHHDVTmzn9iCFTotToyhC3
[2026-04-10 20:13:44] [INFO] [DBG]   k[1] s=0 w=1 len=32 b58=8ChvMvALunCZrZnbr3Jwf4S8kEKYAqcMGL2C53MFgK87
[2026-04-10 20:13:44] [INFO] [DBG]   k[2] s=0 w=0 len=32 b58=ESzi3jyKV4EWi1TC36nRwLiHHDVTmzn9iCFTotToyhC3
[2026-04-10 20:13:44] [INFO] [DBG]   k[3] s=0 w=0 len=32 b58=DezXAZ8z7PnrnRJjz3wXBoRgixCa6xjnB7YaB1pPB263
[2026-04-10 20:13:44] [INFO] [DBG]   k[4] s=0 w=0 len=32 b58=11111111111111111111111111111111
[2026-04-10 20:13:44] [INFO] [DBG]   k[5] s=0 w=0 len=32 b58=TokenkegQfeZyiNwAJbNbGKPFXCWuBvf9Ss623VQ5DA
[2026-04-10 20:13:44] [INFO] [DBG] ix[6] prog=CAMMCzo5 keys=12 dataLen=41 hex=f8c69e91e17587c800286bee00000000264caad498040000513b010001000000000000000000000001
[2026-04-10 20:13:44] [INFO] [DBG]   k[0] s=1 w=1 len=32 b58=ESzi3jyKV4EWi1TC36nRwLiHHDVTmzn9iCFTotToyhC3
[2026-04-10 20:13:44] [INFO] [DBG]   k[1] s=0 w=0 len=32 b58=E64NGkDLLCdQ2yFNPcavaKptrEgmiQaNykUuLC1Qgwyp
[2026-04-10 20:13:44] [INFO] [DBG]   k[2] s=0 w=1 len=32 b58=GtKKKs3yaPdHbQd2aZS4SfWhy8zQ988BJGnKNndLxYsN
[2026-04-10 20:13:44] [INFO] [DBG]   k[3] s=0 w=1 len=32 b58=DQwQCSZL4Wm98FKdbVVw1Vq5txLcKNfxRBQrsy2MtcSa
[2026-04-10 20:13:44] [INFO] [DBG]   k[4] s=0 w=1 len=32 b58=8ChvMvALunCZrZnbr3Jwf4S8kEKYAqcMGL2C53MFgK87
[2026-04-10 20:13:44] [INFO] [DBG]   k[5] s=0 w=1 len=32 b58=GDnBvA76ZAJ2K3en2F1iExPZ6qz83Xjj5srXMmSKTYDW
[2026-04-10 20:13:44] [INFO] [DBG]   k[6] s=0 w=1 len=32 b58=2wzaFLYb4JcDrVs8TfU3TfkVwq1Pdp3rRgWdNJzFGXud
[2026-04-10 20:13:44] [INFO] [DBG]   k[7] s=0 w=1 len=32 b58=Gj8gzDNKmf5y3p1LorKHTvMZ8eCLhbCDnhGiN5xVW8Jq
[2026-04-10 20:13:44] [INFO] [DBG]   k[8] s=0 w=0 len=32 b58=TokenkegQfeZyiNwAJbNbGKPFXCWuBvf9Ss623VQ5DA
[2026-04-10 20:13:44] [INFO] [DBG]   k[9] s=0 w=1 len=32 b58=FohQpHgvyJQHbYvrkyVXGuZpA2aaBXVBeHtEoxe5gzir
[2026-04-10 20:13:44] [INFO] [DBG]   k[10] s=0 w=1 len=32 b58=H162txn8gSuXiVfXffF8XxTAoP9KUDrhtktpeDpYEqk4
[2026-04-10 20:13:44] [INFO] [DBG]   k[11] s=0 w=1 len=32 b58=81hDVagG29yQRDdthwSLE93VGKtRddTN8Eo7bnwzGUVF
[2026-04-10 20:13:44] [INFO] [DBG] ix[7] prog=whirLbMi keys=11 dataLen=42 hex=f8c69e91e17587c8b91bf6961b05000000286bee00000000af331ba8327fbb35b1c4feff000000000100
[2026-04-10 20:13:44] [INFO] [DBG]   k[0] s=0 w=0 len=32 b58=TokenkegQfeZyiNwAJbNbGKPFXCWuBvf9Ss623VQ5DA
[2026-04-10 20:13:44] [INFO] [DBG]   k[1] s=1 w=0 len=32 b58=ESzi3jyKV4EWi1TC36nRwLiHHDVTmzn9iCFTotToyhC3
[2026-04-10 20:13:44] [INFO] [DBG]   k[2] s=0 w=1 len=32 b58=5zpyutJu9ee6jFymDGoK7F6S5Kczqtc9FomP3ueKuyA9
[2026-04-10 20:13:44] [INFO] [DBG]   k[3] s=0 w=1 len=32 b58=DQwQCSZL4Wm98FKdbVVw1Vq5txLcKNfxRBQrsy2MtcSa
[2026-04-10 20:13:44] [INFO] [DBG]   k[4] s=0 w=1 len=32 b58=ES7yhSrYeFo4U1PfJHNRkbfCWxCwPLk2DjrEbmN8bg58
[2026-04-10 20:13:44] [INFO] [DBG]   k[5] s=0 w=1 len=32 b58=8ChvMvALunCZrZnbr3Jwf4S8kEKYAqcMGL2C53MFgK87
[2026-04-10 20:13:44] [INFO] [DBG]   k[6] s=0 w=1 len=32 b58=4dmvFGeQH2eqa3ktNHMgm4wZ8vuTukBiK9M7gxW5oR9F
[2026-04-10 20:13:44] [INFO] [DBG]   k[7] s=0 w=1 len=32 b58=EJRTQoUhFocFL4fRwrhERF6wBL4RTZQrKe6dDuwrnRei
[2026-04-10 20:13:44] [INFO] [DBG]   k[8] s=0 w=1 len=32 b58=GqjT3UE9p9t2hkzoKnvS4p2pJkvWaaRLR65PxJdcPzb7
[2026-04-10 20:13:44] [INFO] [DBG]   k[9] s=0 w=1 len=32 b58=AKZj2vZ2UxQaZKcCYeGmsRocw52kwG94k6D4p1ssdDmp
[2026-04-10 20:13:44] [INFO] [DBG]   k[10] s=0 w=0 len=32 b58=EXpqcVuTTPEmyeVu2LHM75ha7FwmjJ88MnhSMRRdy5Sh
[2026-04-10 20:13:44] [INFO] [DBG] ix[8] prog=KLend2g3 keys=12 dataLen=17 hex=b97500cb60f5b4ba00286bee0000000002
[2026-04-10 20:13:44] [INFO] [DBG]   k[0] s=1 w=0 len=32 b58=ESzi3jyKV4EWi1TC36nRwLiHHDVTmzn9iCFTotToyhC3
[2026-04-10 20:13:44] [INFO] [DBG]   k[1] s=0 w=0 len=32 b58=9DrvZvyWh1HuAoZxvYWMvkf2XCzryCpGgHqrMjyDWpmo
[2026-04-10 20:13:44] [INFO] [DBG]   k[2] s=0 w=0 len=32 b58=7u3HeHxYDLhnCoErrtycNokbQYbWGzLs6JSDqGAv5PfF
[2026-04-10 20:13:44] [INFO] [DBG]   k[3] s=0 w=1 len=32 b58=d4A2prbA2whesmvHaL88BH6Ewn5N4bTSU2Ze8P6Bc4Q
[2026-04-10 20:13:44] [INFO] [DBG]   k[4] s=0 w=0 len=32 b58=So11111111111111111111111111111111111111112
[2026-04-10 20:13:44] [INFO] [DBG]   k[5] s=0 w=1 len=32 b58=GafNuUXj9rxGLn4y79dPu6MHSuPWeJR6UtTWuexpGh3U
[2026-04-10 20:13:44] [INFO] [DBG]   k[6] s=0 w=1 len=32 b58=DQwQCSZL4Wm98FKdbVVw1Vq5txLcKNfxRBQrsy2MtcSa
[2026-04-10 20:13:44] [INFO] [DBG]   k[7] s=0 w=1 len=32 b58=3JNof8s453bwG5UqiXBLJc77NRQXezYYEBbk3fqnoKph
[2026-04-10 20:13:44] [INFO] [DBG]   k[8] s=0 w=0 len=32 b58=KLend2g3cP87fffoy8q1mQqGKjrxjC8boSyAYavgmjD
[2026-04-10 20:13:44] [INFO] [DBG]   k[9] s=0 w=0 len=32 b58=KLend2g3cP87fffoy8q1mQqGKjrxjC8boSyAYavgmjD
[2026-04-10 20:13:44] [INFO] [DBG]   k[10] s=0 w=0 len=32 b58=Sysvar1nstructions1111111111111111111111111
[2026-04-10 20:13:44] [INFO] [DBG]   k[11] s=0 w=0 len=32 b58=TokenkegQfeZyiNwAJbNbGKPFXCWuBvf9Ss623VQ5DA
[2026-04-10 20:13:44] [INFO] [DBG] ix[9] prog=Tokenkeg keys=3 dataLen=1 hex=09
[2026-04-10 20:13:44] [INFO] [DBG]   k[0] s=0 w=1 len=32 b58=DQwQCSZL4Wm98FKdbVVw1Vq5txLcKNfxRBQrsy2MtcSa
[2026-04-10 20:13:44] [INFO] [DBG]   k[1] s=0 w=1 len=32 b58=ESzi3jyKV4EWi1TC36nRwLiHHDVTmzn9iCFTotToyhC3
[2026-04-10 20:13:44] [INFO] [DBG]   k[2] s=1 w=0 len=32 b58=ESzi3jyKV4EWi1TC36nRwLiHHDVTmzn9iCFTotToyhC3
[2026-04-10 20:13:44] [ERROR] [LocalExec] Error: encoding overruns Uint8Array
[2026-04-10 20:13:44] [ERROR] [LocalExec] Stack: RangeError: encoding overruns Uint8Array
    at Blob.encode (/home/ubuntu/ARB-BOT/node_modules/@solana/buffer-layout/lib/Layout.js:2098:19)
    at Structure.encode (/home/ubuntu/ARB-BOT/node_modules/@solana/buffer-layout/lib/Layout.js:1092:36)
    at MessageV0.serialize (/home/ubuntu/ARB-BOT/node_modules/@solana/web3.js/lib/index.cjs.js:1045:51)
    at VersionedTransaction.sign (/home/ubuntu/ARB-BOT/node_modules/@solana/web3.js/lib/index.cjs.js:2107:38)
    at Executor.executeLocal (/home/ubuntu/ARB-BOT/src/executor.js:1312:21)
    at process.processTicksAndRejections (node:internal/process/task_queues:95:5)
    at async wsCallback (/home/ubuntu/ARB-BOT/src/bot.js:297:44)
[2026-04-10 20:13:44] [WARN] [LocalExec] ⚠️  computeSwap BYPASSED — pipeline test mode | gross local: -0.6417 USD
[2026-04-10 20:13:44] [INFO] 🎯 LOCAL EXEC — SOL/BONK | spread: 0.050% | loan: 2.0 SOL | profit: ~$-0.6417 | buy: Raydium CLMM@GtKKKs3y → sell: Orca@5zpyutJu
[2026-04-10 20:13:44] [INFO] [LocalExec] Jito tip: 50000 lamports (~$0.0043)
[2026-04-10 20:13:44] [INFO] [LocalExec] borrowIxIndex dynamically set to 2
[2026-04-10 20:13:44] [INFO] [DBG] innerIxs.length=10
[2026-04-10 20:13:44] [INFO] [DBG] ix[0] prog=11111111 keys=2 dataLen=12 hex=0200000050c3000000000000
[2026-04-10 20:13:44] [INFO] [DBG]   k[0] s=1 w=1 len=32 b58=ESzi3jyKV4EWi1TC36nRwLiHHDVTmzn9iCFTotToyhC3
[2026-04-10 20:13:44] [INFO] [DBG]   k[1] s=0 w=1 len=32 b58=ADaUMid9yfUytqMBgopwjb2DTLSokTSzL1zcaozNr7RD
[2026-04-10 20:13:44] [INFO] [DBG] ix[1] prog=ATokenGP keys=6 dataLen=1 hex=01
[2026-04-10 20:13:44] [INFO] [DBG]   k[0] s=1 w=1 len=32 b58=ESzi3jyKV4EWi1TC36nRwLiHHDVTmzn9iCFTotToyhC3
[2026-04-10 20:13:44] [INFO] [DBG]   k[1] s=0 w=1 len=32 b58=DQwQCSZL4Wm98FKdbVVw1Vq5txLcKNfxRBQrsy2MtcSa
[2026-04-10 20:13:44] [INFO] [DBG]   k[2] s=0 w=0 len=32 b58=ESzi3jyKV4EWi1TC36nRwLiHHDVTmzn9iCFTotToyhC3
[2026-04-10 20:13:44] [INFO] [DBG]   k[3] s=0 w=0 len=32 b58=So11111111111111111111111111111111111111112
[2026-04-10 20:13:44] [INFO] [DBG]   k[4] s=0 w=0 len=32 b58=11111111111111111111111111111111
[2026-04-10 20:13:44] [INFO] [DBG]   k[5] s=0 w=0 len=32 b58=TokenkegQfeZyiNwAJbNbGKPFXCWuBvf9Ss623VQ5DA
[2026-04-10 20:13:44] [INFO] [DBG] ix[2] prog=KLend2g3 keys=12 dataLen=16 hex=87e734a70734d4c10094357700000000
[2026-04-10 20:13:44] [INFO] [DBG]   k[0] s=1 w=0 len=32 b58=ESzi3jyKV4EWi1TC36nRwLiHHDVTmzn9iCFTotToyhC3
[2026-04-10 20:13:44] [INFO] [DBG]   k[1] s=0 w=0 len=32 b58=9DrvZvyWh1HuAoZxvYWMvkf2XCzryCpGgHqrMjyDWpmo
[2026-04-10 20:13:44] [INFO] [DBG]   k[2] s=0 w=0 len=32 b58=7u3HeHxYDLhnCoErrtycNokbQYbWGzLs6JSDqGAv5PfF
[2026-04-10 20:13:44] [INFO] [DBG]   k[3] s=0 w=1 len=32 b58=d4A2prbA2whesmvHaL88BH6Ewn5N4bTSU2Ze8P6Bc4Q
[2026-04-10 20:13:44] [INFO] [DBG]   k[4] s=0 w=0 len=32 b58=So11111111111111111111111111111111111111112
[2026-04-10 20:13:44] [INFO] [DBG]   k[5] s=0 w=1 len=32 b58=GafNuUXj9rxGLn4y79dPu6MHSuPWeJR6UtTWuexpGh3U
[2026-04-10 20:13:44] [INFO] [DBG]   k[6] s=0 w=1 len=32 b58=DQwQCSZL4Wm98FKdbVVw1Vq5txLcKNfxRBQrsy2MtcSa
[2026-04-10 20:13:44] [INFO] [DBG]   k[7] s=0 w=1 len=32 b58=3JNof8s453bwG5UqiXBLJc77NRQXezYYEBbk3fqnoKph
[2026-04-10 20:13:44] [INFO] [DBG]   k[8] s=0 w=0 len=32 b58=KLend2g3cP87fffoy8q1mQqGKjrxjC8boSyAYavgmjD
[2026-04-10 20:13:44] [INFO] [DBG]   k[9] s=0 w=0 len=32 b58=KLend2g3cP87fffoy8q1mQqGKjrxjC8boSyAYavgmjD
[2026-04-10 20:13:44] [INFO] [DBG]   k[10] s=0 w=0 len=32 b58=Sysvar1nstructions1111111111111111111111111
[2026-04-10 20:13:44] [INFO] [DBG]   k[11] s=0 w=0 len=32 b58=TokenkegQfeZyiNwAJbNbGKPFXCWuBvf9Ss623VQ5DA
[2026-04-10 20:13:44] [INFO] [DBG] ix[3] prog=ComputeB keys=0 dataLen=5 hex=02c0270900
[2026-04-10 20:13:44] [INFO] [DBG] ix[4] prog=ComputeB keys=0 dataLen=9 hex=030100000000000000
[2026-04-10 20:13:44] [INFO] [DBG] ix[5] prog=ATokenGP keys=6 dataLen=1 hex=01
[2026-04-10 20:13:44] [INFO] [DBG]   k[0] s=1 w=1 len=32 b58=ESzi3jyKV4EWi1TC36nRwLiHHDVTmzn9iCFTotToyhC3
[2026-04-10 20:13:44] [INFO] [DBG]   k[1] s=0 w=1 len=32 b58=8ChvMvALunCZrZnbr3Jwf4S8kEKYAqcMGL2C53MFgK87
[2026-04-10 20:13:44] [INFO] [DBG]   k[2] s=0 w=0 len=32 b58=ESzi3jyKV4EWi1TC36nRwLiHHDVTmzn9iCFTotToyhC3
[2026-04-10 20:13:44] [INFO] [DBG]   k[3] s=0 w=0 len=32 b58=DezXAZ8z7PnrnRJjz3wXBoRgixCa6xjnB7YaB1pPB263
[2026-04-10 20:13:44] [INFO] [DBG]   k[4] s=0 w=0 len=32 b58=11111111111111111111111111111111
[2026-04-10 20:13:44] [INFO] [DBG]   k[5] s=0 w=0 len=32 b58=TokenkegQfeZyiNwAJbNbGKPFXCWuBvf9Ss623VQ5DA
[2026-04-10 20:13:44] [INFO] [DBG] ix[6] prog=CAMMCzo5 keys=12 dataLen=41 hex=f8c69e91e17587c80094357700000000cf48cb2b4e020000513b010001000000000000000000000001
[2026-04-10 20:13:44] [INFO] [DBG]   k[0] s=1 w=1 len=32 b58=ESzi3jyKV4EWi1TC36nRwLiHHDVTmzn9iCFTotToyhC3
[2026-04-10 20:13:44] [INFO] [DBG]   k[1] s=0 w=0 len=32 b58=E64NGkDLLCdQ2yFNPcavaKptrEgmiQaNykUuLC1Qgwyp
[2026-04-10 20:13:44] [INFO] [DBG]   k[2] s=0 w=1 len=32 b58=GtKKKs3yaPdHbQd2aZS4SfWhy8zQ988BJGnKNndLxYsN
[2026-04-10 20:13:44] [INFO] [DBG]   k[3] s=0 w=1 len=32 b58=DQwQCSZL4Wm98FKdbVVw1Vq5txLcKNfxRBQrsy2MtcSa
[2026-04-10 20:13:44] [INFO] [DBG]   k[4] s=0 w=1 len=32 b58=8ChvMvALunCZrZnbr3Jwf4S8kEKYAqcMGL2C53MFgK87
[2026-04-10 20:13:44] [INFO] [DBG]   k[5] s=0 w=1 len=32 b58=GDnBvA76ZAJ2K3en2F1iExPZ6qz83Xjj5srXMmSKTYDW
[2026-04-10 20:13:44] [INFO] [DBG]   k[6] s=0 w=1 len=32 b58=2wzaFLYb4JcDrVs8TfU3TfkVwq1Pdp3rRgWdNJzFGXud
[2026-04-10 20:13:44] [INFO] [DBG]   k[7] s=0 w=1 len=32 b58=Gj8gzDNKmf5y3p1LorKHTvMZ8eCLhbCDnhGiN5xVW8Jq
[2026-04-10 20:13:44] [INFO] [DBG]   k[8] s=0 w=0 len=32 b58=TokenkegQfeZyiNwAJbNbGKPFXCWuBvf9Ss623VQ5DA
[2026-04-10 20:13:44] [INFO] [DBG]   k[9] s=0 w=1 len=32 b58=FohQpHgvyJQHbYvrkyVXGuZpA2aaBXVBeHtEoxe5gzir
[2026-04-10 20:13:44] [INFO] [DBG]   k[10] s=0 w=1 len=32 b58=H162txn8gSuXiVfXffF8XxTAoP9KUDrhtktpeDpYEqk4
[2026-04-10 20:13:44] [INFO] [DBG]   k[11] s=0 w=1 len=32 b58=81hDVagG29yQRDdthwSLE93VGKtRddTN8Eo7bnwzGUVF
[2026-04-10 20:13:44] [INFO] [DBG] ix[7] prog=whirLbMi keys=11 dataLen=42 hex=f8c69e91e17587c81fdfe1be8f0200000094357700000000af331ba8327fbb35b1c4feff000000000100
[2026-04-10 20:13:44] [INFO] [DBG]   k[0] s=0 w=0 len=32 b58=TokenkegQfeZyiNwAJbNbGKPFXCWuBvf9Ss623VQ5DA
[2026-04-10 20:13:44] [INFO] [DBG]   k[1] s=1 w=0 len=32 b58=ESzi3jyKV4EWi1TC36nRwLiHHDVTmzn9iCFTotToyhC3
[2026-04-10 20:13:44] [INFO] [DBG]   k[2] s=0 w=1 len=32 b58=5zpyutJu9ee6jFymDGoK7F6S5Kczqtc9FomP3ueKuyA9
[2026-04-10 20:13:44] [INFO] [DBG]   k[3] s=0 w=1 len=32 b58=DQwQCSZL4Wm98FKdbVVw1Vq5txLcKNfxRBQrsy2MtcSa
[2026-04-10 20:13:44] [INFO] [DBG]   k[4] s=0 w=1 len=32 b58=ES7yhSrYeFo4U1PfJHNRkbfCWxCwPLk2DjrEbmN8bg58
[2026-04-10 20:13:44] [INFO] [DBG]   k[5] s=0 w=1 len=32 b58=8ChvMvALunCZrZnbr3Jwf4S8kEKYAqcMGL2C53MFgK87
[2026-04-10 20:13:44] [INFO] [DBG]   k[6] s=0 w=1 len=32 b58=4dmvFGeQH2eqa3ktNHMgm4wZ8vuTukBiK9M7gxW5oR9F
[2026-04-10 20:13:44] [INFO] [DBG]   k[7] s=0 w=1 len=32 b58=EJRTQoUhFocFL4fRwrhERF6wBL4RTZQrKe6dDuwrnRei
[2026-04-10 20:13:44] [INFO] [DBG]   k[8] s=0 w=1 len=32 b58=GqjT3UE9p9t2hkzoKnvS4p2pJkvWaaRLR65PxJdcPzb7
[2026-04-10 20:13:44] [INFO] [DBG]   k[9] s=0 w=1 len=32 b58=AKZj2vZ2UxQaZKcCYeGmsRocw52kwG94k6D4p1ssdDmp
[2026-04-10 20:13:44] [INFO] [DBG]   k[10] s=0 w=0 len=32 b58=EXpqcVuTTPEmyeVu2LHM75ha7FwmjJ88MnhSMRRdy5Sh
[2026-04-10 20:13:44] [INFO] [DBG] ix[8] prog=KLend2g3 keys=12 dataLen=17 hex=b97500cb60f5b4ba009435770000000002
[2026-04-10 20:13:44] [INFO] [DBG]   k[0] s=1 w=0 len=32 b58=ESzi3jyKV4EWi1TC36nRwLiHHDVTmzn9iCFTotToyhC3
[2026-04-10 20:13:44] [INFO] [DBG]   k[1] s=0 w=0 len=32 b58=9DrvZvyWh1HuAoZxvYWMvkf2XCzryCpGgHqrMjyDWpmo
[2026-04-10 20:13:44] [INFO] [DBG]   k[2] s=0 w=0 len=32 b58=7u3HeHxYDLhnCoErrtycNokbQYbWGzLs6JSDqGAv5PfF
[2026-04-10 20:13:44] [INFO] [DBG]   k[3] s=0 w=1 len=32 b58=d4A2prbA2whesmvHaL88BH6Ewn5N4bTSU2Ze8P6Bc4Q
[2026-04-10 20:13:44] [INFO] [DBG]   k[4] s=0 w=0 len=32 b58=So11111111111111111111111111111111111111112
[2026-04-10 20:13:44] [INFO] [DBG]   k[5] s=0 w=1 len=32 b58=GafNuUXj9rxGLn4y79dPu6MHSuPWeJR6UtTWuexpGh3U
[2026-04-10 20:13:44] [INFO] [DBG]   k[6] s=0 w=1 len=32 b58=DQwQCSZL4Wm98FKdbVVw1Vq5txLcKNfxRBQrsy2MtcSa
[2026-04-10 20:13:44] [INFO] [DBG]   k[7] s=0 w=1 len=32 b58=3JNof8s453bwG5UqiXBLJc77NRQXezYYEBbk3fqnoKph
[2026-04-10 20:13:44] [INFO] [DBG]   k[8] s=0 w=0 len=32 b58=KLend2g3cP87fffoy8q1mQqGKjrxjC8boSyAYavgmjD
[2026-04-10 20:13:44] [INFO] [DBG]   k[9] s=0 w=0 len=32 b58=KLend2g3cP87fffoy8q1mQqGKjrxjC8boSyAYavgmjD
[2026-04-10 20:13:44] [INFO] [DBG]   k[10] s=0 w=0 len=32 b58=Sysvar1nstructions1111111111111111111111111
[2026-04-10 20:13:44] [INFO] [DBG]   k[11] s=0 w=0 len=32 b58=TokenkegQfeZyiNwAJbNbGKPFXCWuBvf9Ss623VQ5DA
[2026-04-10 20:13:44] [INFO] [DBG] ix[9] prog=Tokenkeg keys=3 dataLen=1 hex=09
[2026-04-10 20:13:44] [INFO] [DBG]   k[0] s=0 w=1 len=32 b58=DQwQCSZL4Wm98FKdbVVw1Vq5txLcKNfxRBQrsy2MtcSa
[2026-04-10 20:13:44] [INFO] [DBG]   k[1] s=0 w=1 len=32 b58=ESzi3jyKV4EWi1TC36nRwLiHHDVTmzn9iCFTotToyhC3
[2026-04-10 20:13:44] [INFO] [DBG]   k[2] s=1 w=0 len=32 b58=ESzi3jyKV4EWi1TC36nRwLiHHDVTmzn9iCFTotToyhC3
[2026-04-10 20:13:44] [ERROR] [LocalExec] Error: encoding overruns Uint8Array
[2026-04-10 20:13:44] [ERROR] [LocalExec] Stack: RangeError: encoding overruns Uint8Array
    at Blob.encode (/home/ubuntu/ARB-BOT/node_modules/@solana/buffer-layout/lib/Layout.js:2098:19)
    at Structure.encode (/home/ubuntu/ARB-BOT/node_modules/@solana/buffer-layout/lib/Layout.js:1092:36)
    at MessageV0.serialize (/home/ubuntu/ARB-BOT/node_modules/@solana/web3.js/lib/index.cjs.js:1045:51)
    at VersionedTransaction.sign (/home/ubuntu/ARB-BOT/node_modules/@solana/web3.js/lib/index.cjs.js:2107:38)
    at Executor.executeLocal (/home/ubuntu/ARB-BOT/src/executor.js:1312:21)
    at process.processTicksAndRejections (node:internal/process/task_queues:95:5)
    at async wsCallback (/home/ubuntu/ARB-BOT/src/bot.js:297:44)
[2026-04-10 20:13:44] [WARN] [LocalExec] ⚠️  computeSwap BYPASSED — pipeline test mode | gross local: -0.1652 USD
[2026-04-10 20:13:44] [INFO] 🎯 LOCAL EXEC — SOL/BONK | spread: 0.050% | loan: 1.0 SOL | profit: ~$-0.1652 | buy: Raydium CLMM@GtKKKs3y → sell: Orca@5zpyutJu
[2026-04-10 20:13:44] [INFO] [LocalExec] Jito tip: 50000 lamports (~$0.0043)
[2026-04-10 20:13:44] [INFO] [LocalExec] borrowIxIndex dynamically set to 2
[2026-04-10 20:13:44] [INFO] [DBG] innerIxs.length=10
[2026-04-10 20:13:44] [INFO] [DBG] ix[0] prog=11111111 keys=2 dataLen=12 hex=0200000050c3000000000000
[2026-04-10 20:13:44] [INFO] [DBG]   k[0] s=1 w=1 len=32 b58=ESzi3jyKV4EWi1TC36nRwLiHHDVTmzn9iCFTotToyhC3
[2026-04-10 20:13:44] [INFO] [DBG]   k[1] s=0 w=1 len=32 b58=Cw8CFyM9FkoMi7K7Crf6HNQqf4uEMzpKw6QNghXLvLkY
[2026-04-10 20:13:44] [INFO] [DBG] ix[1] prog=ATokenGP keys=6 dataLen=1 hex=01
[2026-04-10 20:13:44] [INFO] [DBG]   k[0] s=1 w=1 len=32 b58=ESzi3jyKV4EWi1TC36nRwLiHHDVTmzn9iCFTotToyhC3
[2026-04-10 20:13:44] [INFO] [DBG]   k[1] s=0 w=1 len=32 b58=DQwQCSZL4Wm98FKdbVVw1Vq5txLcKNfxRBQrsy2MtcSa
[2026-04-10 20:13:44] [INFO] [DBG]   k[2] s=0 w=0 len=32 b58=ESzi3jyKV4EWi1TC36nRwLiHHDVTmzn9iCFTotToyhC3
[2026-04-10 20:13:44] [INFO] [DBG]   k[3] s=0 w=0 len=32 b58=So11111111111111111111111111111111111111112
[2026-04-10 20:13:44] [INFO] [DBG]   k[4] s=0 w=0 len=32 b58=11111111111111111111111111111111
[2026-04-10 20:13:44] [INFO] [DBG]   k[5] s=0 w=0 len=32 b58=TokenkegQfeZyiNwAJbNbGKPFXCWuBvf9Ss623VQ5DA
[2026-04-10 20:13:44] [INFO] [DBG] ix[2] prog=KLend2g3 keys=12 dataLen=16 hex=87e734a70734d4c100ca9a3b00000000
[2026-04-10 20:13:44] [INFO] [DBG]   k[0] s=1 w=0 len=32 b58=ESzi3jyKV4EWi1TC36nRwLiHHDVTmzn9iCFTotToyhC3
[2026-04-10 20:13:44] [INFO] [DBG]   k[1] s=0 w=0 len=32 b58=9DrvZvyWh1HuAoZxvYWMvkf2XCzryCpGgHqrMjyDWpmo
[2026-04-10 20:13:44] [INFO] [DBG]   k[2] s=0 w=0 len=32 b58=7u3HeHxYDLhnCoErrtycNokbQYbWGzLs6JSDqGAv5PfF
[2026-04-10 20:13:44] [INFO] [DBG]   k[3] s=0 w=1 len=32 b58=d4A2prbA2whesmvHaL88BH6Ewn5N4bTSU2Ze8P6Bc4Q
[2026-04-10 20:13:44] [INFO] [DBG]   k[4] s=0 w=0 len=32 b58=So11111111111111111111111111111111111111112
[2026-04-10 20:13:44] [INFO] [DBG]   k[5] s=0 w=1 len=32 b58=GafNuUXj9rxGLn4y79dPu6MHSuPWeJR6UtTWuexpGh3U
[2026-04-10 20:13:44] [INFO] [DBG]   k[6] s=0 w=1 len=32 b58=DQwQCSZL4Wm98FKdbVVw1Vq5txLcKNfxRBQrsy2MtcSa
[2026-04-10 20:13:44] [INFO] [DBG]   k[7] s=0 w=1 len=32 b58=3JNof8s453bwG5UqiXBLJc77NRQXezYYEBbk3fqnoKph
[2026-04-10 20:13:44] [INFO] [DBG]   k[8] s=0 w=0 len=32 b58=KLend2g3cP87fffoy8q1mQqGKjrxjC8boSyAYavgmjD
[2026-04-10 20:13:44] [INFO] [DBG]   k[9] s=0 w=0 len=32 b58=KLend2g3cP87fffoy8q1mQqGKjrxjC8boSyAYavgmjD
[2026-04-10 20:13:44] [INFO] [DBG]   k[10] s=0 w=0 len=32 b58=Sysvar1nstructions1111111111111111111111111
[2026-04-10 20:13:44] [INFO] [DBG]   k[11] s=0 w=0 len=32 b58=TokenkegQfeZyiNwAJbNbGKPFXCWuBvf9Ss623VQ5DA
[2026-04-10 20:13:44] [INFO] [DBG] ix[3] prog=ComputeB keys=0 dataLen=5 hex=02c0270900
[2026-04-10 20:13:44] [INFO] [DBG] ix[4] prog=ComputeB keys=0 dataLen=9 hex=030100000000000000
[2026-04-10 20:13:44] [INFO] [DBG] ix[5] prog=ATokenGP keys=6 dataLen=1 hex=01
[2026-04-10 20:13:44] [INFO] [DBG]   k[0] s=1 w=1 len=32 b58=ESzi3jyKV4EWi1TC36nRwLiHHDVTmzn9iCFTotToyhC3
[2026-04-10 20:13:44] [INFO] [DBG]   k[1] s=0 w=1 len=32 b58=8ChvMvALunCZrZnbr3Jwf4S8kEKYAqcMGL2C53MFgK87
[2026-04-10 20:13:44] [INFO] [DBG]   k[2] s=0 w=0 len=32 b58=ESzi3jyKV4EWi1TC36nRwLiHHDVTmzn9iCFTotToyhC3
[2026-04-10 20:13:44] [INFO] [DBG]   k[3] s=0 w=0 len=32 b58=DezXAZ8z7PnrnRJjz3wXBoRgixCa6xjnB7YaB1pPB263
[2026-04-10 20:13:44] [INFO] [DBG]   k[4] s=0 w=0 len=32 b58=11111111111111111111111111111111
[2026-04-10 20:13:44] [INFO] [DBG]   k[5] s=0 w=0 len=32 b58=TokenkegQfeZyiNwAJbNbGKPFXCWuBvf9Ss623VQ5DA
[2026-04-10 20:13:44] [INFO] [DBG] ix[6] prog=CAMMCzo5 keys=12 dataLen=41 hex=f8c69e91e17587c800ca9a3b000000001f1dc48627010000513b010001000000000000000000000001
[2026-04-10 20:13:44] [INFO] [DBG]   k[0] s=1 w=1 len=32 b58=ESzi3jyKV4EWi1TC36nRwLiHHDVTmzn9iCFTotToyhC3
[2026-04-10 20:13:44] [INFO] [DBG]   k[1] s=0 w=0 len=32 b58=E64NGkDLLCdQ2yFNPcavaKptrEgmiQaNykUuLC1Qgwyp
[2026-04-10 20:13:44] [INFO] [DBG]   k[2] s=0 w=1 len=32 b58=GtKKKs3yaPdHbQd2aZS4SfWhy8zQ988BJGnKNndLxYsN
[2026-04-10 20:13:44] [INFO] [DBG]   k[3] s=0 w=1 len=32 b58=DQwQCSZL4Wm98FKdbVVw1Vq5txLcKNfxRBQrsy2MtcSa
[2026-04-10 20:13:44] [INFO] [DBG]   k[4] s=0 w=1 len=32 b58=8ChvMvALunCZrZnbr3Jwf4S8kEKYAqcMGL2C53MFgK87
[2026-04-10 20:13:44] [INFO] [DBG]   k[5] s=0 w=1 len=32 b58=GDnBvA76ZAJ2K3en2F1iExPZ6qz83Xjj5srXMmSKTYDW
[2026-04-10 20:13:44] [INFO] [DBG]   k[6] s=0 w=1 len=32 b58=2wzaFLYb4JcDrVs8TfU3TfkVwq1Pdp3rRgWdNJzFGXud
[2026-04-10 20:13:44] [INFO] [DBG]   k[7] s=0 w=1 len=32 b58=Gj8gzDNKmf5y3p1LorKHTvMZ8eCLhbCDnhGiN5xVW8Jq
[2026-04-10 20:13:44] [INFO] [DBG]   k[8] s=0 w=0 len=32 b58=TokenkegQfeZyiNwAJbNbGKPFXCWuBvf9Ss623VQ5DA
[2026-04-10 20:13:44] [INFO] [DBG]   k[9] s=0 w=1 len=32 b58=FohQpHgvyJQHbYvrkyVXGuZpA2aaBXVBeHtEoxe5gzir
[2026-04-10 20:13:44] [INFO] [DBG]   k[10] s=0 w=1 len=32 b58=H162txn8gSuXiVfXffF8XxTAoP9KUDrhtktpeDpYEqk4
[2026-04-10 20:13:44] [INFO] [DBG]   k[11] s=0 w=1 len=32 b58=81hDVagG29yQRDdthwSLE93VGKtRddTN8Eo7bnwzGUVF
[2026-04-10 20:13:44] [INFO] [DBG] ix[7] prog=whirLbMi keys=11 dataLen=42 hex=f8c69e91e17587c878e7d95c4801000000ca9a3b00000000af331ba8327fbb35b1c4feff000000000100
[2026-04-10 20:13:44] [INFO] [DBG]   k[0] s=0 w=0 len=32 b58=TokenkegQfeZyiNwAJbNbGKPFXCWuBvf9Ss623VQ5DA
[2026-04-10 20:13:44] [INFO] [DBG]   k[1] s=1 w=0 len=32 b58=ESzi3jyKV4EWi1TC36nRwLiHHDVTmzn9iCFTotToyhC3
[2026-04-10 20:13:44] [INFO] [DBG]   k[2] s=0 w=1 len=32 b58=5zpyutJu9ee6jFymDGoK7F6S5Kczqtc9FomP3ueKuyA9
[2026-04-10 20:13:44] [INFO] [DBG]   k[3] s=0 w=1 len=32 b58=DQwQCSZL4Wm98FKdbVVw1Vq5txLcKNfxRBQrsy2MtcSa
[2026-04-10 20:13:44] [INFO] [DBG]   k[4] s=0 w=1 len=32 b58=ES7yhSrYeFo4U1PfJHNRkbfCWxCwPLk2DjrEbmN8bg58
[2026-04-10 20:13:44] [INFO] [DBG]   k[5] s=0 w=1 len=32 b58=8ChvMvALunCZrZnbr3Jwf4S8kEKYAqcMGL2C53MFgK87
[2026-04-10 20:13:44] [INFO] [DBG]   k[6] s=0 w=1 len=32 b58=4dmvFGeQH2eqa3ktNHMgm4wZ8vuTukBiK9M7gxW5oR9F
[2026-04-10 20:13:44] [INFO] [DBG]   k[7] s=0 w=1 len=32 b58=EJRTQoUhFocFL4fRwrhERF6wBL4RTZQrKe6dDuwrnRei
[2026-04-10 20:13:44] [INFO] [DBG]   k[8] s=0 w=1 len=32 b58=GqjT3UE9p9t2hkzoKnvS4p2pJkvWaaRLR65PxJdcPzb7
[2026-04-10 20:13:44] [INFO] [DBG]   k[9] s=0 w=1 len=32 b58=AKZj2vZ2UxQaZKcCYeGmsRocw52kwG94k6D4p1ssdDmp
[2026-04-10 20:13:44] [INFO] [DBG]   k[10] s=0 w=0 len=32 b58=EXpqcVuTTPEmyeVu2LHM75ha7FwmjJ88MnhSMRRdy5Sh
[2026-04-10 20:13:44] [INFO] [DBG] ix[8] prog=KLend2g3 keys=12 dataLen=17 hex=b97500cb60f5b4ba00ca9a3b0000000002
[2026-04-10 20:13:44] [INFO] [DBG]   k[0] s=1 w=0 len=32 b58=ESzi3jyKV4EWi1TC36nRwLiHHDVTmzn9iCFTotToyhC3
[2026-04-10 20:13:44] [INFO] [DBG]   k[1] s=0 w=0 len=32 b58=9DrvZvyWh1HuAoZxvYWMvkf2XCzryCpGgHqrMjyDWpmo
[2026-04-10 20:13:44] [INFO] [DBG]   k[2] s=0 w=0 len=32 b58=7u3HeHxYDLhnCoErrtycNokbQYbWGzLs6JSDqGAv5PfF
[2026-04-10 20:13:44] [INFO] [DBG]   k[3] s=0 w=1 len=32 b58=d4A2prbA2whesmvHaL88BH6Ewn5N4bTSU2Ze8P6Bc4Q
[2026-04-10 20:13:44] [INFO] [DBG]   k[4] s=0 w=0 len=32 b58=So11111111111111111111111111111111111111112
[2026-04-10 20:13:44] [INFO] [DBG]   k[5] s=0 w=1 len=32 b58=GafNuUXj9rxGLn4y79dPu6MHSuPWeJR6UtTWuexpGh3U
[2026-04-10 20:13:44] [INFO] [DBG]   k[6] s=0 w=1 len=32 b58=DQwQCSZL4Wm98FKdbVVw1Vq5txLcKNfxRBQrsy2MtcSa
[2026-04-10 20:13:44] [INFO] [DBG]   k[7] s=0 w=1 len=32 b58=3JNof8s453bwG5UqiXBLJc77NRQXezYYEBbk3fqnoKph
[2026-04-10 20:13:44] [INFO] [DBG]   k[8] s=0 w=0 len=32 b58=KLend2g3cP87fffoy8q1mQqGKjrxjC8boSyAYavgmjD
[2026-04-10 20:13:44] [INFO] [DBG]   k[9] s=0 w=0 len=32 b58=KLend2g3cP87fffoy8q1mQqGKjrxjC8boSyAYavgmjD
[2026-04-10 20:13:44] [INFO] [DBG]   k[10] s=0 w=0 len=32 b58=Sysvar1nstructions1111111111111111111111111
[2026-04-10 20:13:44] [INFO] [DBG]   k[11] s=0 w=0 len=32 b58=TokenkegQfeZyiNwAJbNbGKPFXCWuBvf9Ss623VQ5DA
[2026-04-10 20:13:44] [INFO] [DBG] ix[9] prog=Tokenkeg keys=3 dataLen=1 hex=09
[2026-04-10 20:13:44] [INFO] [DBG]   k[0] s=0 w=1 len=32 b58=DQwQCSZL4Wm98FKdbVVw1Vq5txLcKNfxRBQrsy2MtcSa
[2026-04-10 20:13:44] [INFO] [DBG]   k[1] s=0 w=1 len=32 b58=ESzi3jyKV4EWi1TC36nRwLiHHDVTmzn9iCFTotToyhC3
[2026-04-10 20:13:44] [INFO] [DBG]   k[2] s=1 w=0 len=32 b58=ESzi3jyKV4EWi1TC36nRwLiHHDVTmzn9iCFTotToyhC3
[2026-04-10 20:13:44] [ERROR] [LocalExec] Error: encoding overruns Uint8Array
[2026-04-10 20:13:44] [ERROR] [LocalExec] Stack: RangeError: encoding overruns Uint8Array
    at Blob.encode (/home/ubuntu/ARB-BOT/node_modules/@solana/buffer-layout/lib/Layout.js:2098:19)
    at Structure.encode (/home/ubuntu/ARB-BOT/node_modules/@solana/buffer-layout/lib/Layout.js:1092:36)
    at MessageV0.serialize (/home/ubuntu/ARB-BOT/node_modules/@solana/web3.js/lib/index.cjs.js:1045:51)
    at VersionedTransaction.sign (/home/ubuntu/ARB-BOT/node_modules/@solana/web3.js/lib/index.cjs.js:2107:38)
    at Executor.executeLocal (/home/ubuntu/ARB-BOT/src/executor.js:1312:21)
    at process.processTicksAndRejections (node:internal/process/task_queues:95:5)
    at async wsCallback (/home/ubuntu/ARB-BOT/src/bot.js:297:44)
[2026-04-10 20:13:54] [INFO] [XDEX] SOL/BONK | spread: 0.0496% | fees: 0.0600% | PROFITABLE | hi: Raydium CLMM (14125586.414236) GtKKKs3yaPdHbQd2aZS4SfWhy8zQ988BJGnKNndLxYsN | lo: Orca (14118581.219451) 5zpyutJu9ee6jFymDGoK7F6S5Kczqtc9FomP3ueKuyA9
[2026-04-10 20:13:54] [WARN] [LocalExec] ⚠️  computeSwap BYPASSED — pipeline test mode | gross local: -233.7521 USD
[2026-04-10 20:13:54] [INFO] 🎯 LOCAL EXEC — SOL/BONK | spread: 0.050% | loan: 40.0 SOL | profit: ~$-233.7521 | buy: Raydium CLMM@GtKKKs3y → sell: Orca@5zpyutJu
[2026-04-10 20:13:54] [INFO] [LocalExec] Jito tip: 50000 lamports (~$0.0043)
[2026-04-10 20:13:54] [INFO] [LocalExec] borrowIxIndex dynamically set to 2
[2026-04-10 20:13:54] [INFO] [DBG] innerIxs.length=10
[2026-04-10 20:13:54] [INFO] [DBG] ix[0] prog=11111111 keys=2 dataLen=12 hex=0200000050c3000000000000
[2026-04-10 20:13:54] [INFO] [DBG]   k[0] s=1 w=1 len=32 b58=ESzi3jyKV4EWi1TC36nRwLiHHDVTmzn9iCFTotToyhC3
[2026-04-10 20:13:54] [INFO] [DBG]   k[1] s=0 w=1 len=32 b58=DfXygSm4jCyNCybVYYK6DwvWqjKee8pbDmJGcLWNDXjh
[2026-04-10 20:13:54] [INFO] [DBG] ix[1] prog=ATokenGP keys=6 dataLen=1 hex=01
[2026-04-10 20:13:54] [INFO] [DBG]   k[0] s=1 w=1 len=32 b58=ESzi3jyKV4EWi1TC36nRwLiHHDVTmzn9iCFTotToyhC3
[2026-04-10 20:13:54] [INFO] [DBG]   k[1] s=0 w=1 len=32 b58=DQwQCSZL4Wm98FKdbVVw1Vq5txLcKNfxRBQrsy2MtcSa
[2026-04-10 20:13:54] [INFO] [DBG]   k[2] s=0 w=0 len=32 b58=ESzi3jyKV4EWi1TC36nRwLiHHDVTmzn9iCFTotToyhC3
[2026-04-10 20:13:54] [INFO] [DBG]   k[3] s=0 w=0 len=32 b58=So11111111111111111111111111111111111111112
[2026-04-10 20:13:54] [INFO] [DBG]   k[4] s=0 w=0 len=32 b58=11111111111111111111111111111111
[2026-04-10 20:13:54] [INFO] [DBG]   k[5] s=0 w=0 len=32 b58=TokenkegQfeZyiNwAJbNbGKPFXCWuBvf9Ss623VQ5DA
[2026-04-10 20:13:54] [INFO] [DBG] ix[2] prog=KLend2g3 keys=12 dataLen=16 hex=87e734a70734d4c100902f5009000000
[2026-04-10 20:13:54] [INFO] [DBG]   k[0] s=1 w=0 len=32 b58=ESzi3jyKV4EWi1TC36nRwLiHHDVTmzn9iCFTotToyhC3
[2026-04-10 20:13:54] [INFO] [DBG]   k[1] s=0 w=0 len=32 b58=9DrvZvyWh1HuAoZxvYWMvkf2XCzryCpGgHqrMjyDWpmo
[2026-04-10 20:13:54] [INFO] [DBG]   k[2] s=0 w=0 len=32 b58=7u3HeHxYDLhnCoErrtycNokbQYbWGzLs6JSDqGAv5PfF
[2026-04-10 20:13:54] [INFO] [DBG]   k[3] s=0 w=1 len=32 b58=d4A2prbA2whesmvHaL88BH6Ewn5N4bTSU2Ze8P6Bc4Q
[2026-04-10 20:13:54] [INFO] [DBG]   k[4] s=0 w=0 len=32 b58=So11111111111111111111111111111111111111112
[2026-04-10 20:13:54] [INFO] [DBG]   k[5] s=0 w=1 len=32 b58=GafNuUXj9rxGLn4y79dPu6MHSuPWeJR6UtTWuexpGh3U
[2026-04-10 20:13:54] [INFO] [DBG]   k[6] s=0 w=1 len=32 b58=DQwQCSZL4Wm98FKdbVVw1Vq5txLcKNfxRBQrsy2MtcSa
[2026-04-10 20:13:54] [INFO] [DBG]   k[7] s=0 w=1 len=32 b58=3JNof8s453bwG5UqiXBLJc77NRQXezYYEBbk3fqnoKph
[2026-04-10 20:13:54] [INFO] [DBG]   k[8] s=0 w=0 len=32 b58=KLend2g3cP87fffoy8q1mQqGKjrxjC8boSyAYavgmjD
[2026-04-10 20:13:54] [INFO] [DBG]   k[9] s=0 w=0 len=32 b58=KLend2g3cP87fffoy8q1mQqGKjrxjC8boSyAYavgmjD
[2026-04-10 20:13:54] [INFO] [DBG]   k[10] s=0 w=0 len=32 b58=Sysvar1nstructions1111111111111111111111111
[2026-04-10 20:13:54] [INFO] [DBG]   k[11] s=0 w=0 len=32 b58=TokenkegQfeZyiNwAJbNbGKPFXCWuBvf9Ss623VQ5DA
[2026-04-10 20:13:54] [INFO] [DBG] ix[3] prog=ComputeB keys=0 dataLen=5 hex=02c0270900
[2026-04-10 20:13:54] [INFO] [DBG] ix[4] prog=ComputeB keys=0 dataLen=9 hex=030100000000000000
[2026-04-10 20:13:54] [INFO] [DBG] ix[5] prog=ATokenGP keys=6 dataLen=1 hex=01
[2026-04-10 20:13:54] [INFO] [DBG]   k[0] s=1 w=1 len=32 b58=ESzi3jyKV4EWi1TC36nRwLiHHDVTmzn9iCFTotToyhC3
[2026-04-10 20:13:54] [INFO] [DBG]   k[1] s=0 w=1 len=32 b58=8ChvMvALunCZrZnbr3Jwf4S8kEKYAqcMGL2C53MFgK87
[2026-04-10 20:13:54] [INFO] [DBG]   k[2] s=0 w=0 len=32 b58=ESzi3jyKV4EWi1TC36nRwLiHHDVTmzn9iCFTotToyhC3
[2026-04-10 20:13:54] [INFO] [DBG]   k[3] s=0 w=0 len=32 b58=DezXAZ8z7PnrnRJjz3wXBoRgixCa6xjnB7YaB1pPB263
[2026-04-10 20:13:54] [INFO] [DBG]   k[4] s=0 w=0 len=32 b58=11111111111111111111111111111111
[2026-04-10 20:13:54] [INFO] [DBG]   k[5] s=0 w=0 len=32 b58=TokenkegQfeZyiNwAJbNbGKPFXCWuBvf9Ss623VQ5DA
[2026-04-10 20:13:54] [INFO] [DBG] ix[6] prog=CAMMCzo5 keys=12 dataLen=41 hex=f8c69e91e17587c800902f5009000000875c8029a22b0000513b010001000000000000000000000001
[2026-04-10 20:13:54] [INFO] [DBG]   k[0] s=1 w=1 len=32 b58=ESzi3jyKV4EWi1TC36nRwLiHHDVTmzn9iCFTotToyhC3
[2026-04-10 20:13:54] [INFO] [DBG]   k[1] s=0 w=0 len=32 b58=E64NGkDLLCdQ2yFNPcavaKptrEgmiQaNykUuLC1Qgwyp
[2026-04-10 20:13:54] [INFO] [DBG]   k[2] s=0 w=1 len=32 b58=GtKKKs3yaPdHbQd2aZS4SfWhy8zQ988BJGnKNndLxYsN
[2026-04-10 20:13:54] [INFO] [DBG]   k[3] s=0 w=1 len=32 b58=DQwQCSZL4Wm98FKdbVVw1Vq5txLcKNfxRBQrsy2MtcSa
[2026-04-10 20:13:54] [INFO] [DBG]   k[4] s=0 w=1 len=32 b58=8ChvMvALunCZrZnbr3Jwf4S8kEKYAqcMGL2C53MFgK87
[2026-04-10 20:13:54] [INFO] [DBG]   k[5] s=0 w=1 len=32 b58=GDnBvA76ZAJ2K3en2F1iExPZ6qz83Xjj5srXMmSKTYDW
[2026-04-10 20:13:54] [INFO] [DBG]   k[6] s=0 w=1 len=32 b58=2wzaFLYb4JcDrVs8TfU3TfkVwq1Pdp3rRgWdNJzFGXud
[2026-04-10 20:13:54] [INFO] [DBG]   k[7] s=0 w=1 len=32 b58=Gj8gzDNKmf5y3p1LorKHTvMZ8eCLhbCDnhGiN5xVW8Jq
[2026-04-10 20:13:54] [INFO] [DBG]   k[8] s=0 w=0 len=32 b58=TokenkegQfeZyiNwAJbNbGKPFXCWuBvf9Ss623VQ5DA
[2026-04-10 20:13:54] [INFO] [DBG]   k[9] s=0 w=1 len=32 b58=FohQpHgvyJQHbYvrkyVXGuZpA2aaBXVBeHtEoxe5gzir
[2026-04-10 20:13:54] [INFO] [DBG]   k[10] s=0 w=1 len=32 b58=H162txn8gSuXiVfXffF8XxTAoP9KUDrhtktpeDpYEqk4
[2026-04-10 20:13:54] [INFO] [DBG]   k[11] s=0 w=1 len=32 b58=81hDVagG29yQRDdthwSLE93VGKtRddTN8Eo7bnwzGUVF
[2026-04-10 20:13:54] [INFO] [DBG] ix[7] prog=whirLbMi keys=11 dataLen=42 hex=f8c69e91e17587c8b39f8e4a7b30000000902f5009000000af331ba8327fbb35b1c4feff000000000100
[2026-04-10 20:13:54] [INFO] [DBG]   k[0] s=0 w=0 len=32 b58=TokenkegQfeZyiNwAJbNbGKPFXCWuBvf9Ss623VQ5DA
[2026-04-10 20:13:54] [INFO] [DBG]   k[1] s=1 w=0 len=32 b58=ESzi3jyKV4EWi1TC36nRwLiHHDVTmzn9iCFTotToyhC3
[2026-04-10 20:13:54] [INFO] [DBG]   k[2] s=0 w=1 len=32 b58=5zpyutJu9ee6jFymDGoK7F6S5Kczqtc9FomP3ueKuyA9
[2026-04-10 20:13:54] [INFO] [DBG]   k[3] s=0 w=1 len=32 b58=DQwQCSZL4Wm98FKdbVVw1Vq5txLcKNfxRBQrsy2MtcSa
[2026-04-10 20:13:54] [INFO] [DBG]   k[4] s=0 w=1 len=32 b58=ES7yhSrYeFo4U1PfJHNRkbfCWxCwPLk2DjrEbmN8bg58
[2026-04-10 20:13:54] [INFO] [DBG]   k[5] s=0 w=1 len=32 b58=8ChvMvALunCZrZnbr3Jwf4S8kEKYAqcMGL2C53MFgK87
[2026-04-10 20:13:54] [INFO] [DBG]   k[6] s=0 w=1 len=32 b58=4dmvFGeQH2eqa3ktNHMgm4wZ8vuTukBiK9M7gxW5oR9F
[2026-04-10 20:13:54] [INFO] [DBG]   k[7] s=0 w=1 len=32 b58=EJRTQoUhFocFL4fRwrhERF6wBL4RTZQrKe6dDuwrnRei
[2026-04-10 20:13:54] [INFO] [DBG]   k[8] s=0 w=1 len=32 b58=GqjT3UE9p9t2hkzoKnvS4p2pJkvWaaRLR65PxJdcPzb7
[2026-04-10 20:13:54] [INFO] [DBG]   k[9] s=0 w=1 len=32 b58=AKZj2vZ2UxQaZKcCYeGmsRocw52kwG94k6D4p1ssdDmp
[2026-04-10 20:13:54] [INFO] [DBG]   k[10] s=0 w=0 len=32 b58=EXpqcVuTTPEmyeVu2LHM75ha7FwmjJ88MnhSMRRdy5Sh
[2026-04-10 20:13:54] [INFO] [DBG] ix[8] prog=KLend2g3 keys=12 dataLen=17 hex=b97500cb60f5b4ba00902f500900000002
[2026-04-10 20:13:54] [INFO] [DBG]   k[0] s=1 w=0 len=32 b58=ESzi3jyKV4EWi1TC36nRwLiHHDVTmzn9iCFTotToyhC3
[2026-04-10 20:13:54] [INFO] [DBG]   k[1] s=0 w=0 len=32 b58=9DrvZvyWh1HuAoZxvYWMvkf2XCzryCpGgHqrMjyDWpmo
[2026-04-10 20:13:54] [INFO] [DBG]   k[2] s=0 w=0 len=32 b58=7u3HeHxYDLhnCoErrtycNokbQYbWGzLs6JSDqGAv5PfF
[2026-04-10 20:13:54] [INFO] [DBG]   k[3] s=0 w=1 len=32 b58=d4A2prbA2whesmvHaL88BH6Ewn5N4bTSU2Ze8P6Bc4Q
[2026-04-10 20:13:54] [INFO] [DBG]   k[4] s=0 w=0 len=32 b58=So11111111111111111111111111111111111111112
[2026-04-10 20:13:54] [INFO] [DBG]   k[5] s=0 w=1 len=32 b58=GafNuUXj9rxGLn4y79dPu6MHSuPWeJR6UtTWuexpGh3U
[2026-04-10 20:13:54] [INFO] [DBG]   k[6] s=0 w=1 len=32 b58=DQwQCSZL4Wm98FKdbVVw1Vq5txLcKNfxRBQrsy2MtcSa
[2026-04-10 20:13:54] [INFO] [DBG]   k[7] s=0 w=1 len=32 b58=3JNof8s453bwG5UqiXBLJc77NRQXezYYEBbk3fqnoKph
[2026-04-10 20:13:54] [INFO] [DBG]   k[8] s=0 w=0 len=32 b58=KLend2g3cP87fffoy8q1mQqGKjrxjC8boSyAYavgmjD
[2026-04-10 20:13:54] [INFO] [DBG]   k[9] s=0 w=0 len=32 b58=KLend2g3cP87fffoy8q1mQqGKjrxjC8boSyAYavgmjD
[2026-04-10 20:13:54] [INFO] [DBG]   k[10] s=0 w=0 len=32 b58=Sysvar1nstructions1111111111111111111111111
[2026-04-10 20:13:54] [INFO] [DBG]   k[11] s=0 w=0 len=32 b58=TokenkegQfeZyiNwAJbNbGKPFXCWuBvf9Ss623VQ5DA
[2026-04-10 20:13:54] [INFO] [DBG] ix[9] prog=Tokenkeg keys=3 dataLen=1 hex=09
[2026-04-10 20:13:54] [INFO] [DBG]   k[0] s=0 w=1 len=32 b58=DQwQCSZL4Wm98FKdbVVw1Vq5txLcKNfxRBQrsy2MtcSa
[2026-04-10 20:13:54] [INFO] [DBG]   k[1] s=0 w=1 len=32 b58=ESzi3jyKV4EWi1TC36nRwLiHHDVTmzn9iCFTotToyhC3
[2026-04-10 20:13:54] [INFO] [DBG]   k[2] s=1 w=0 len=32 b58=ESzi3jyKV4EWi1TC36nRwLiHHDVTmzn9iCFTotToyhC3
[2026-04-10 20:13:55] [ERROR] [LocalExec] Error: encoding overruns Uint8Array
[2026-04-10 20:13:55] [ERROR] [LocalExec] Stack: RangeError: encoding overruns Uint8Array
    at Blob.encode (/home/ubuntu/ARB-BOT/node_modules/@solana/buffer-layout/lib/Layout.js:2098:19)
    at Structure.encode (/home/ubuntu/ARB-BOT/node_modules/@solana/buffer-layout/lib/Layout.js:1092:36)
    at MessageV0.serialize (/home/ubuntu/ARB-BOT/node_modules/@solana/web3.js/lib/index.cjs.js:1045:51)
    at VersionedTransaction.sign (/home/ubuntu/ARB-BOT/node_modules/@solana/web3.js/lib/index.cjs.js:2107:38)
    at Executor.executeLocal (/home/ubuntu/ARB-BOT/src/executor.js:1312:21)
    at process.processTicksAndRejections (node:internal/process/task_queues:95:5)
    at async wsCallback (/home/ubuntu/ARB-BOT/src/bot.js:297:44)
[2026-04-10 20:13:55] [WARN] [LocalExec] ⚠️  computeSwap BYPASSED — pipeline test mode | gross local: -60.5922 USD
[2026-04-10 20:13:55] [INFO] 🎯 LOCAL EXEC — SOL/BONK | spread: 0.050% | loan: 20.0 SOL | profit: ~$-60.5922 | buy: Raydium CLMM@GtKKKs3y → sell: Orca@5zpyutJu
[2026-04-10 20:13:55] [INFO] [LocalExec] Jito tip: 50000 lamports (~$0.0043)
[2026-04-10 20:13:55] [INFO] [LocalExec] borrowIxIndex dynamically set to 2
[2026-04-10 20:13:55] [INFO] [DBG] innerIxs.length=10
[2026-04-10 20:13:55] [INFO] [DBG] ix[0] prog=11111111 keys=2 dataLen=12 hex=0200000050c3000000000000
[2026-04-10 20:13:55] [INFO] [DBG]   k[0] s=1 w=1 len=32 b58=ESzi3jyKV4EWi1TC36nRwLiHHDVTmzn9iCFTotToyhC3
[2026-04-10 20:13:55] [INFO] [DBG]   k[1] s=0 w=1 len=32 b58=96gYZGLnJYVFmbjzopPSU6QiEV5fGqZNyN9nmNhvrZU5
[2026-04-10 20:13:55] [INFO] [DBG] ix[1] prog=ATokenGP keys=6 dataLen=1 hex=01
[2026-04-10 20:13:55] [INFO] [DBG]   k[0] s=1 w=1 len=32 b58=ESzi3jyKV4EWi1TC36nRwLiHHDVTmzn9iCFTotToyhC3
[2026-04-10 20:13:55] [INFO] [DBG]   k[1] s=0 w=1 len=32 b58=DQwQCSZL4Wm98FKdbVVw1Vq5txLcKNfxRBQrsy2MtcSa
[2026-04-10 20:13:55] [INFO] [DBG]   k[2] s=0 w=0 len=32 b58=ESzi3jyKV4EWi1TC36nRwLiHHDVTmzn9iCFTotToyhC3
[2026-04-10 20:13:55] [INFO] [DBG]   k[3] s=0 w=0 len=32 b58=So11111111111111111111111111111111111111112
[2026-04-10 20:13:55] [INFO] [DBG]   k[4] s=0 w=0 len=32 b58=11111111111111111111111111111111
[2026-04-10 20:13:55] [INFO] [DBG]   k[5] s=0 w=0 len=32 b58=TokenkegQfeZyiNwAJbNbGKPFXCWuBvf9Ss623VQ5DA
[2026-04-10 20:13:55] [INFO] [DBG] ix[2] prog=KLend2g3 keys=12 dataLen=16 hex=87e734a70734d4c100c817a804000000
[2026-04-10 20:13:55] [INFO] [DBG]   k[0] s=1 w=0 len=32 b58=ESzi3jyKV4EWi1TC36nRwLiHHDVTmzn9iCFTotToyhC3
[2026-04-10 20:13:55] [INFO] [DBG]   k[1] s=0 w=0 len=32 b58=9DrvZvyWh1HuAoZxvYWMvkf2XCzryCpGgHqrMjyDWpmo
[2026-04-10 20:13:55] [INFO] [DBG]   k[2] s=0 w=0 len=32 b58=7u3HeHxYDLhnCoErrtycNokbQYbWGzLs6JSDqGAv5PfF
[2026-04-10 20:13:55] [INFO] [DBG]   k[3] s=0 w=1 len=32 b58=d4A2prbA2whesmvHaL88BH6Ewn5N4bTSU2Ze8P6Bc4Q
[2026-04-10 20:13:55] [INFO] [DBG]   k[4] s=0 w=0 len=32 b58=So11111111111111111111111111111111111111112
[2026-04-10 20:13:55] [INFO] [DBG]   k[5] s=0 w=1 len=32 b58=GafNuUXj9rxGLn4y79dPu6MHSuPWeJR6UtTWuexpGh3U
[2026-04-10 20:13:55] [INFO] [DBG]   k[6] s=0 w=1 len=32 b58=DQwQCSZL4Wm98FKdbVVw1Vq5txLcKNfxRBQrsy2MtcSa
[2026-04-10 20:13:55] [INFO] [DBG]   k[7] s=0 w=1 len=32 b58=3JNof8s453bwG5UqiXBLJc77NRQXezYYEBbk3fqnoKph
[2026-04-10 20:13:55] [INFO] [DBG]   k[8] s=0 w=0 len=32 b58=KLend2g3cP87fffoy8q1mQqGKjrxjC8boSyAYavgmjD
[2026-04-10 20:13:55] [INFO] [DBG]   k[9] s=0 w=0 len=32 b58=KLend2g3cP87fffoy8q1mQqGKjrxjC8boSyAYavgmjD
[2026-04-10 20:13:55] [INFO] [DBG]   k[10] s=0 w=0 len=32 b58=Sysvar1nstructions1111111111111111111111111
[2026-04-10 20:13:55] [INFO] [DBG]   k[11] s=0 w=0 len=32 b58=TokenkegQfeZyiNwAJbNbGKPFXCWuBvf9Ss623VQ5DA
[2026-04-10 20:13:55] [INFO] [DBG] ix[3] prog=ComputeB keys=0 dataLen=5 hex=02c0270900
[2026-04-10 20:13:55] [INFO] [DBG] ix[4] prog=ComputeB keys=0 dataLen=9 hex=030100000000000000
[2026-04-10 20:13:55] [INFO] [DBG] ix[5] prog=ATokenGP keys=6 dataLen=1 hex=01
[2026-04-10 20:13:55] [INFO] [DBG]   k[0] s=1 w=1 len=32 b58=ESzi3jyKV4EWi1TC36nRwLiHHDVTmzn9iCFTotToyhC3
[2026-04-10 20:13:55] [INFO] [DBG]   k[1] s=0 w=1 len=32 b58=8ChvMvALunCZrZnbr3Jwf4S8kEKYAqcMGL2C53MFgK87
[2026-04-10 20:13:55] [INFO] [DBG]   k[2] s=0 w=0 len=32 b58=ESzi3jyKV4EWi1TC36nRwLiHHDVTmzn9iCFTotToyhC3
[2026-04-10 20:13:55] [INFO] [DBG]   k[3] s=0 w=0 len=32 b58=DezXAZ8z7PnrnRJjz3wXBoRgixCa6xjnB7YaB1pPB263
[2026-04-10 20:13:55] [INFO] [DBG]   k[4] s=0 w=0 len=32 b58=11111111111111111111111111111111
[2026-04-10 20:13:55] [INFO] [DBG]   k[5] s=0 w=0 len=32 b58=TokenkegQfeZyiNwAJbNbGKPFXCWuBvf9Ss623VQ5DA
[2026-04-10 20:13:55] [INFO] [DBG] ix[6] prog=CAMMCzo5 keys=12 dataLen=41 hex=f8c69e91e17587c800c817a804000000d38fbf5e73160000513b010001000000000000000000000001
[2026-04-10 20:13:55] [INFO] [DBG]   k[0] s=1 w=1 len=32 b58=ESzi3jyKV4EWi1TC36nRwLiHHDVTmzn9iCFTotToyhC3
[2026-04-10 20:13:55] [INFO] [DBG]   k[1] s=0 w=0 len=32 b58=E64NGkDLLCdQ2yFNPcavaKptrEgmiQaNykUuLC1Qgwyp
[2026-04-10 20:13:55] [INFO] [DBG]   k[2] s=0 w=1 len=32 b58=GtKKKs3yaPdHbQd2aZS4SfWhy8zQ988BJGnKNndLxYsN
[2026-04-10 20:13:55] [INFO] [DBG]   k[3] s=0 w=1 len=32 b58=DQwQCSZL4Wm98FKdbVVw1Vq5txLcKNfxRBQrsy2MtcSa
[2026-04-10 20:13:55] [INFO] [DBG]   k[4] s=0 w=1 len=32 b58=8ChvMvALunCZrZnbr3Jwf4S8kEKYAqcMGL2C53MFgK87
[2026-04-10 20:13:55] [INFO] [DBG]   k[5] s=0 w=1 len=32 b58=GDnBvA76ZAJ2K3en2F1iExPZ6qz83Xjj5srXMmSKTYDW
[2026-04-10 20:13:55] [INFO] [DBG]   k[6] s=0 w=1 len=32 b58=2wzaFLYb4JcDrVs8TfU3TfkVwq1Pdp3rRgWdNJzFGXud
[2026-04-10 20:13:55] [INFO] [DBG]   k[7] s=0 w=1 len=32 b58=Gj8gzDNKmf5y3p1LorKHTvMZ8eCLhbCDnhGiN5xVW8Jq
[2026-04-10 20:13:55] [INFO] [DBG]   k[8] s=0 w=0 len=32 b58=TokenkegQfeZyiNwAJbNbGKPFXCWuBvf9Ss623VQ5DA
[2026-04-10 20:13:55] [INFO] [DBG]   k[9] s=0 w=1 len=32 b58=FohQpHgvyJQHbYvrkyVXGuZpA2aaBXVBeHtEoxe5gzir
[2026-04-10 20:13:55] [INFO] [DBG]   k[10] s=0 w=1 len=32 b58=H162txn8gSuXiVfXffF8XxTAoP9KUDrhtktpeDpYEqk4
[2026-04-10 20:13:55] [INFO] [DBG]   k[11] s=0 w=1 len=32 b58=81hDVagG29yQRDdthwSLE93VGKtRddTN8Eo7bnwzGUVF
[2026-04-10 20:13:55] [INFO] [DBG] ix[7] prog=whirLbMi keys=11 dataLen=42 hex=f8c69e91e17587c85d837ff7f118000000c817a804000000af331ba8327fbb35b1c4feff000000000100
[2026-04-10 20:13:55] [INFO] [DBG]   k[0] s=0 w=0 len=32 b58=TokenkegQfeZyiNwAJbNbGKPFXCWuBvf9Ss623VQ5DA
[2026-04-10 20:13:55] [INFO] [DBG]   k[1] s=1 w=0 len=32 b58=ESzi3jyKV4EWi1TC36nRwLiHHDVTmzn9iCFTotToyhC3
[2026-04-10 20:13:55] [INFO] [DBG]   k[2] s=0 w=1 len=32 b58=5zpyutJu9ee6jFymDGoK7F6S5Kczqtc9FomP3ueKuyA9
[2026-04-10 20:13:55] [INFO] [DBG]   k[3] s=0 w=1 len=32 b58=DQwQCSZL4Wm98FKdbVVw1Vq5txLcKNfxRBQrsy2MtcSa
[2026-04-10 20:13:55] [INFO] [DBG]   k[4] s=0 w=1 len=32 b58=ES7yhSrYeFo4U1PfJHNRkbfCWxCwPLk2DjrEbmN8bg58
[2026-04-10 20:13:55] [INFO] [DBG]   k[5] s=0 w=1 len=32 b58=8ChvMvALunCZrZnbr3Jwf4S8kEKYAqcMGL2C53MFgK87
[2026-04-10 20:13:55] [INFO] [DBG]   k[6] s=0 w=1 len=32 b58=4dmvFGeQH2eqa3ktNHMgm4wZ8vuTukBiK9M7gxW5oR9F
[2026-04-10 20:13:55] [INFO] [DBG]   k[7] s=0 w=1 len=32 b58=EJRTQoUhFocFL4fRwrhERF6wBL4RTZQrKe6dDuwrnRei
[2026-04-10 20:13:55] [INFO] [DBG]   k[8] s=0 w=1 len=32 b58=GqjT3UE9p9t2hkzoKnvS4p2pJkvWaaRLR65PxJdcPzb7
[2026-04-10 20:13:55] [INFO] [DBG]   k[9] s=0 w=1 len=32 b58=AKZj2vZ2UxQaZKcCYeGmsRocw52kwG94k6D4p1ssdDmp
[2026-04-10 20:13:55] [INFO] [DBG]   k[10] s=0 w=0 len=32 b58=EXpqcVuTTPEmyeVu2LHM75ha7FwmjJ88MnhSMRRdy5Sh
[2026-04-10 20:13:55] [INFO] [DBG] ix[8] prog=KLend2g3 keys=12 dataLen=17 hex=b97500cb60f5b4ba00c817a80400000002
[2026-04-10 20:13:55] [INFO] [DBG]   k[0] s=1 w=0 len=32 b58=ESzi3jyKV4EWi1TC36nRwLiHHDVTmzn9iCFTotToyhC3
[2026-04-10 20:13:55] [INFO] [DBG]   k[1] s=0 w=0 len=32 b58=9DrvZvyWh1HuAoZxvYWMvkf2XCzryCpGgHqrMjyDWpmo
[2026-04-10 20:13:55] [INFO] [DBG]   k[2] s=0 w=0 len=32 b58=7u3HeHxYDLhnCoErrtycNokbQYbWGzLs6JSDqGAv5PfF
[2026-04-10 20:13:55] [INFO] [DBG]   k[3] s=0 w=1 len=32 b58=d4A2prbA2whesmvHaL88BH6Ewn5N4bTSU2Ze8P6Bc4Q
[2026-04-10 20:13:55] [INFO] [DBG]   k[4] s=0 w=0 len=32 b58=So11111111111111111111111111111111111111112
[2026-04-10 20:13:55] [INFO] [DBG]   k[5] s=0 w=1 len=32 b58=GafNuUXj9rxGLn4y79dPu6MHSuPWeJR6UtTWuexpGh3U
[2026-04-10 20:13:55] [INFO] [DBG]   k[6] s=0 w=1 len=32 b58=DQwQCSZL4Wm98FKdbVVw1Vq5txLcKNfxRBQrsy2MtcSa
[2026-04-10 20:13:55] [INFO] [DBG]   k[7] s=0 w=1 len=32 b58=3JNof8s453bwG5UqiXBLJc77NRQXezYYEBbk3fqnoKph
[2026-04-10 20:13:55] [INFO] [DBG]   k[8] s=0 w=0 len=32 b58=KLend2g3cP87fffoy8q1mQqGKjrxjC8boSyAYavgmjD
[2026-04-10 20:13:55] [INFO] [DBG]   k[9] s=0 w=0 len=32 b58=KLend2g3cP87fffoy8q1mQqGKjrxjC8boSyAYavgmjD
[2026-04-10 20:13:55] [INFO] [DBG]   k[10] s=0 w=0 len=32 b58=Sysvar1nstructions1111111111111111111111111
[2026-04-10 20:13:55] [INFO] [DBG]   k[11] s=0 w=0 len=32 b58=TokenkegQfeZyiNwAJbNbGKPFXCWuBvf9Ss623VQ5DA
[2026-04-10 20:13:55] [INFO] [DBG] ix[9] prog=Tokenkeg keys=3 dataLen=1 hex=09
[2026-04-10 20:13:55] [INFO] [DBG]   k[0] s=0 w=1 len=32 b58=DQwQCSZL4Wm98FKdbVVw1Vq5txLcKNfxRBQrsy2MtcSa
[2026-04-10 20:13:55] [INFO] [DBG]   k[1] s=0 w=1 len=32 b58=ESzi3jyKV4EWi1TC36nRwLiHHDVTmzn9iCFTotToyhC3
[2026-04-10 20:13:55] [INFO] [DBG]   k[2] s=1 w=0 len=32 b58=ESzi3jyKV4EWi1TC36nRwLiHHDVTmzn9iCFTotToyhC3
[2026-04-10 20:13:55] [ERROR] [LocalExec] Error: encoding overruns Uint8Array
[2026-04-10 20:13:55] [ERROR] [LocalExec] Stack: RangeError: encoding overruns Uint8Array
    at Blob.encode (/home/ubuntu/ARB-BOT/node_modules/@solana/buffer-layout/lib/Layout.js:2098:19)
    at Structure.encode (/home/ubuntu/ARB-BOT/node_modules/@solana/buffer-layout/lib/Layout.js:1092:36)
    at MessageV0.serialize (/home/ubuntu/ARB-BOT/node_modules/@solana/web3.js/lib/index.cjs.js:1045:51)
    at VersionedTransaction.sign (/home/ubuntu/ARB-BOT/node_modules/@solana/web3.js/lib/index.cjs.js:2107:38)
    at Executor.executeLocal (/home/ubuntu/ARB-BOT/src/executor.js:1312:21)
    at process.processTicksAndRejections (node:internal/process/task_queues:95:5)
    at async wsCallback (/home/ubuntu/ARB-BOT/src/bot.js:297:44)
[2026-04-10 20:13:55] [WARN] [LocalExec] ⚠️  computeSwap BYPASSED — pipeline test mode | gross local: -15.4646 USD
[2026-04-10 20:13:55] [INFO] 🎯 LOCAL EXEC — SOL/BONK | spread: 0.050% | loan: 10.0 SOL | profit: ~$-15.4646 | buy: Raydium CLMM@GtKKKs3y → sell: Orca@5zpyutJu
[2026-04-10 20:13:55] [INFO] [LocalExec] Jito tip: 50000 lamports (~$0.0043)
[2026-04-10 20:13:55] [INFO] [LocalExec] borrowIxIndex dynamically set to 2
[2026-04-10 20:13:55] [INFO] [DBG] innerIxs.length=10
[2026-04-10 20:13:55] [INFO] [DBG] ix[0] prog=11111111 keys=2 dataLen=12 hex=0200000050c3000000000000
[2026-04-10 20:13:55] [INFO] [DBG]   k[0] s=1 w=1 len=32 b58=ESzi3jyKV4EWi1TC36nRwLiHHDVTmzn9iCFTotToyhC3
[2026-04-10 20:13:55] [INFO] [DBG]   k[1] s=0 w=1 len=32 b58=DttWaMuVvTiduZRnguLF7jNxTgiMBZ1hyAumKUiL2KRL
[2026-04-10 20:13:55] [INFO] [DBG] ix[1] prog=ATokenGP keys=6 dataLen=1 hex=01
[2026-04-10 20:13:55] [INFO] [DBG]   k[0] s=1 w=1 len=32 b58=ESzi3jyKV4EWi1TC36nRwLiHHDVTmzn9iCFTotToyhC3
[2026-04-10 20:13:55] [INFO] [DBG]   k[1] s=0 w=1 len=32 b58=DQwQCSZL4Wm98FKdbVVw1Vq5txLcKNfxRBQrsy2MtcSa
[2026-04-10 20:13:55] [INFO] [DBG]   k[2] s=0 w=0 len=32 b58=ESzi3jyKV4EWi1TC36nRwLiHHDVTmzn9iCFTotToyhC3
[2026-04-10 20:13:55] [INFO] [DBG]   k[3] s=0 w=0 len=32 b58=So11111111111111111111111111111111111111112
[2026-04-10 20:13:55] [INFO] [DBG]   k[4] s=0 w=0 len=32 b58=11111111111111111111111111111111
[2026-04-10 20:13:55] [INFO] [DBG]   k[5] s=0 w=0 len=32 b58=TokenkegQfeZyiNwAJbNbGKPFXCWuBvf9Ss623VQ5DA
[2026-04-10 20:13:55] [INFO] [DBG] ix[2] prog=KLend2g3 keys=12 dataLen=16 hex=87e734a70734d4c100e40b5402000000
[2026-04-10 20:13:55] [INFO] [DBG]   k[0] s=1 w=0 len=32 b58=ESzi3jyKV4EWi1TC36nRwLiHHDVTmzn9iCFTotToyhC3
[2026-04-10 20:13:55] [INFO] [DBG]   k[1] s=0 w=0 len=32 b58=9DrvZvyWh1HuAoZxvYWMvkf2XCzryCpGgHqrMjyDWpmo
[2026-04-10 20:13:55] [INFO] [DBG]   k[2] s=0 w=0 len=32 b58=7u3HeHxYDLhnCoErrtycNokbQYbWGzLs6JSDqGAv5PfF
[2026-04-10 20:13:55] [INFO] [DBG]   k[3] s=0 w=1 len=32 b58=d4A2prbA2whesmvHaL88BH6Ewn5N4bTSU2Ze8P6Bc4Q
[2026-04-10 20:13:55] [INFO] [DBG]   k[4] s=0 w=0 len=32 b58=So11111111111111111111111111111111111111112
[2026-04-10 20:13:55] [INFO] [DBG]   k[5] s=0 w=1 len=32 b58=GafNuUXj9rxGLn4y79dPu6MHSuPWeJR6UtTWuexpGh3U
[2026-04-10 20:13:55] [INFO] [DBG]   k[6] s=0 w=1 len=32 b58=DQwQCSZL4Wm98FKdbVVw1Vq5txLcKNfxRBQrsy2MtcSa
[2026-04-10 20:13:55] [INFO] [DBG]   k[7] s=0 w=1 len=32 b58=3JNof8s453bwG5UqiXBLJc77NRQXezYYEBbk3fqnoKph
[2026-04-10 20:13:55] [INFO] [DBG]   k[8] s=0 w=0 len=32 b58=KLend2g3cP87fffoy8q1mQqGKjrxjC8boSyAYavgmjD
[2026-04-10 20:13:55] [INFO] [DBG]   k[9] s=0 w=0 len=32 b58=KLend2g3cP87fffoy8q1mQqGKjrxjC8boSyAYavgmjD
[2026-04-10 20:13:55] [INFO] [DBG]   k[10] s=0 w=0 len=32 b58=Sysvar1nstructions1111111111111111111111111
[2026-04-10 20:13:55] [INFO] [DBG]   k[11] s=0 w=0 len=32 b58=TokenkegQfeZyiNwAJbNbGKPFXCWuBvf9Ss623VQ5DA
[2026-04-10 20:13:55] [INFO] [DBG] ix[3] prog=ComputeB keys=0 dataLen=5 hex=02c0270900
[2026-04-10 20:13:55] [INFO] [DBG] ix[4] prog=ComputeB keys=0 dataLen=9 hex=030100000000000000
[2026-04-10 20:13:55] [INFO] [DBG] ix[5] prog=ATokenGP keys=6 dataLen=1 hex=01
[2026-04-10 20:13:55] [INFO] [DBG]   k[0] s=1 w=1 len=32 b58=ESzi3jyKV4EWi1TC36nRwLiHHDVTmzn9iCFTotToyhC3
[2026-04-10 20:13:55] [INFO] [DBG]   k[1] s=0 w=1 len=32 b58=8ChvMvALunCZrZnbr3Jwf4S8kEKYAqcMGL2C53MFgK87
[2026-04-10 20:13:55] [INFO] [DBG]   k[2] s=0 w=0 len=32 b58=ESzi3jyKV4EWi1TC36nRwLiHHDVTmzn9iCFTotToyhC3
[2026-04-10 20:13:55] [INFO] [DBG]   k[3] s=0 w=0 len=32 b58=DezXAZ8z7PnrnRJjz3wXBoRgixCa6xjnB7YaB1pPB263
[2026-04-10 20:13:55] [INFO] [DBG]   k[4] s=0 w=0 len=32 b58=11111111111111111111111111111111
[2026-04-10 20:13:55] [INFO] [DBG]   k[5] s=0 w=0 len=32 b58=TokenkegQfeZyiNwAJbNbGKPFXCWuBvf9Ss623VQ5DA
[2026-04-10 20:13:55] [INFO] [DBG] ix[6] prog=CAMMCzo5 keys=12 dataLen=41 hex=f8c69e91e17587c800e40b5402000000150a420d640b0000513b010001000000000000000000000001
[2026-04-10 20:13:55] [INFO] [DBG]   k[0] s=1 w=1 len=32 b58=ESzi3jyKV4EWi1TC36nRwLiHHDVTmzn9iCFTotToyhC3
[2026-04-10 20:13:55] [INFO] [DBG]   k[1] s=0 w=0 len=32 b58=E64NGkDLLCdQ2yFNPcavaKptrEgmiQaNykUuLC1Qgwyp
[2026-04-10 20:13:55] [INFO] [DBG]   k[2] s=0 w=1 len=32 b58=GtKKKs3yaPdHbQd2aZS4SfWhy8zQ988BJGnKNndLxYsN
[2026-04-10 20:13:55] [INFO] [DBG]   k[3] s=0 w=1 len=32 b58=DQwQCSZL4Wm98FKdbVVw1Vq5txLcKNfxRBQrsy2MtcSa
[2026-04-10 20:13:55] [INFO] [DBG]   k[4] s=0 w=1 len=32 b58=8ChvMvALunCZrZnbr3Jwf4S8kEKYAqcMGL2C53MFgK87
[2026-04-10 20:13:55] [INFO] [DBG]   k[5] s=0 w=1 len=32 b58=GDnBvA76ZAJ2K3en2F1iExPZ6qz83Xjj5srXMmSKTYDW
[2026-04-10 20:13:55] [INFO] [DBG]   k[6] s=0 w=1 len=32 b58=2wzaFLYb4JcDrVs8TfU3TfkVwq1Pdp3rRgWdNJzFGXud
[2026-04-10 20:13:55] [INFO] [DBG]   k[7] s=0 w=1 len=32 b58=Gj8gzDNKmf5y3p1LorKHTvMZ8eCLhbCDnhGiN5xVW8Jq
[2026-04-10 20:13:55] [INFO] [DBG]   k[8] s=0 w=0 len=32 b58=TokenkegQfeZyiNwAJbNbGKPFXCWuBvf9Ss623VQ5DA
[2026-04-10 20:13:55] [INFO] [DBG]   k[9] s=0 w=1 len=32 b58=FohQpHgvyJQHbYvrkyVXGuZpA2aaBXVBeHtEoxe5gzir
[2026-04-10 20:13:55] [INFO] [DBG]   k[10] s=0 w=1 len=32 b58=H162txn8gSuXiVfXffF8XxTAoP9KUDrhtktpeDpYEqk4
[2026-04-10 20:13:55] [INFO] [DBG]   k[11] s=0 w=1 len=32 b58=81hDVagG29yQRDdthwSLE93VGKtRddTN8Eo7bnwzGUVF
[2026-04-10 20:13:55] [INFO] [DBG] ix[7] prog=whirLbMi keys=11 dataLen=42 hex=f8c69e91e17587c8a627bb0ea80c000000e40b5402000000af331ba8327fbb35b1c4feff000000000100
[2026-04-10 20:13:55] [INFO] [DBG]   k[0] s=0 w=0 len=32 b58=TokenkegQfeZyiNwAJbNbGKPFXCWuBvf9Ss623VQ5DA
[2026-04-10 20:13:55] [INFO] [DBG]   k[1] s=1 w=0 len=32 b58=ESzi3jyKV4EWi1TC36nRwLiHHDVTmzn9iCFTotToyhC3
[2026-04-10 20:13:55] [INFO] [DBG]   k[2] s=0 w=1 len=32 b58=5zpyutJu9ee6jFymDGoK7F6S5Kczqtc9FomP3ueKuyA9
[2026-04-10 20:13:55] [INFO] [DBG]   k[3] s=0 w=1 len=32 b58=DQwQCSZL4Wm98FKdbVVw1Vq5txLcKNfxRBQrsy2MtcSa
[2026-04-10 20:13:55] [INFO] [DBG]   k[4] s=0 w=1 len=32 b58=ES7yhSrYeFo4U1PfJHNRkbfCWxCwPLk2DjrEbmN8bg58
[2026-04-10 20:13:55] [INFO] [DBG]   k[5] s=0 w=1 len=32 b58=8ChvMvALunCZrZnbr3Jwf4S8kEKYAqcMGL2C53MFgK87
[2026-04-10 20:13:55] [INFO] [DBG]   k[6] s=0 w=1 len=32 b58=4dmvFGeQH2eqa3ktNHMgm4wZ8vuTukBiK9M7gxW5oR9F
[2026-04-10 20:13:55] [INFO] [DBG]   k[7] s=0 w=1 len=32 b58=EJRTQoUhFocFL4fRwrhERF6wBL4RTZQrKe6dDuwrnRei
[2026-04-10 20:13:55] [INFO] [DBG]   k[8] s=0 w=1 len=32 b58=GqjT3UE9p9t2hkzoKnvS4p2pJkvWaaRLR65PxJdcPzb7
[2026-04-10 20:13:55] [INFO] [DBG]   k[9] s=0 w=1 len=32 b58=AKZj2vZ2UxQaZKcCYeGmsRocw52kwG94k6D4p1ssdDmp
[2026-04-10 20:13:55] [INFO] [DBG]   k[10] s=0 w=0 len=32 b58=EXpqcVuTTPEmyeVu2LHM75ha7FwmjJ88MnhSMRRdy5Sh
[2026-04-10 20:13:55] [INFO] [DBG] ix[8] prog=KLend2g3 keys=12 dataLen=17 hex=b97500cb60f5b4ba00e40b540200000002
[2026-04-10 20:13:55] [INFO] [DBG]   k[0] s=1 w=0 len=32 b58=ESzi3jyKV4EWi1TC36nRwLiHHDVTmzn9iCFTotToyhC3
[2026-04-10 20:13:55] [INFO] [DBG]   k[1] s=0 w=0 len=32 b58=9DrvZvyWh1HuAoZxvYWMvkf2XCzryCpGgHqrMjyDWpmo
[2026-04-10 20:13:55] [INFO] [DBG]   k[2] s=0 w=0 len=32 b58=7u3HeHxYDLhnCoErrtycNokbQYbWGzLs6JSDqGAv5PfF
[2026-04-10 20:13:55] [INFO] [DBG]   k[3] s=0 w=1 len=32 b58=d4A2prbA2whesmvHaL88BH6Ewn5N4bTSU2Ze8P6Bc4Q
[2026-04-10 20:13:55] [INFO] [DBG]   k[4] s=0 w=0 len=32 b58=So11111111111111111111111111111111111111112
[2026-04-10 20:13:55] [INFO] [DBG]   k[5] s=0 w=1 len=32 b58=GafNuUXj9rxGLn4y79dPu6MHSuPWeJR6UtTWuexpGh3U
[2026-04-10 20:13:55] [INFO] [DBG]   k[6] s=0 w=1 len=32 b58=DQwQCSZL4Wm98FKdbVVw1Vq5txLcKNfxRBQrsy2MtcSa
[2026-04-10 20:13:55] [INFO] [DBG]   k[7] s=0 w=1 len=32 b58=3JNof8s453bwG5UqiXBLJc77NRQXezYYEBbk3fqnoKph
[2026-04-10 20:13:55] [INFO] [DBG]   k[8] s=0 w=0 len=32 b58=KLend2g3cP87fffoy8q1mQqGKjrxjC8boSyAYavgmjD
[2026-04-10 20:13:55] [INFO] [DBG]   k[9] s=0 w=0 len=32 b58=KLend2g3cP87fffoy8q1mQqGKjrxjC8boSyAYavgmjD
[2026-04-10 20:13:55] [INFO] [DBG]   k[10] s=0 w=0 len=32 b58=Sysvar1nstructions1111111111111111111111111
[2026-04-10 20:13:55] [INFO] [DBG]   k[11] s=0 w=0 len=32 b58=TokenkegQfeZyiNwAJbNbGKPFXCWuBvf9Ss623VQ5DA
[2026-04-10 20:13:55] [INFO] [DBG] ix[9] prog=Tokenkeg keys=3 dataLen=1 hex=09
[2026-04-10 20:13:55] [INFO] [DBG]   k[0] s=0 w=1 len=32 b58=DQwQCSZL4Wm98FKdbVVw1Vq5txLcKNfxRBQrsy2MtcSa
[2026-04-10 20:13:55] [INFO] [DBG]   k[1] s=0 w=1 len=32 b58=ESzi3jyKV4EWi1TC36nRwLiHHDVTmzn9iCFTotToyhC3
[2026-04-10 20:13:55] [INFO] [DBG]   k[2] s=1 w=0 len=32 b58=ESzi3jyKV4EWi1TC36nRwLiHHDVTmzn9iCFTotToyhC3
[2026-04-10 20:13:55] [ERROR] [LocalExec] Error: encoding overruns Uint8Array
[2026-04-10 20:13:55] [ERROR] [LocalExec] Stack: RangeError: encoding overruns Uint8Array
    at Blob.encode (/home/ubuntu/ARB-BOT/node_modules/@solana/buffer-layout/lib/Layout.js:2098:19)
    at Structure.encode (/home/ubuntu/ARB-BOT/node_modules/@solana/buffer-layout/lib/Layout.js:1092:36)
    at MessageV0.serialize (/home/ubuntu/ARB-BOT/node_modules/@solana/web3.js/lib/index.cjs.js:1045:51)
    at VersionedTransaction.sign (/home/ubuntu/ARB-BOT/node_modules/@solana/web3.js/lib/index.cjs.js:2107:38)
    at Executor.executeLocal (/home/ubuntu/ARB-BOT/src/executor.js:1312:21)
    at process.processTicksAndRejections (node:internal/process/task_queues:95:5)
    at async wsCallback (/home/ubuntu/ARB-BOT/src/bot.js:297:44)
[2026-04-10 20:13:55] [WARN] [LocalExec] ⚠️  computeSwap BYPASSED — pipeline test mode | gross local: -2.5225 USD
[2026-04-10 20:13:55] [INFO] 🎯 LOCAL EXEC — SOL/BONK | spread: 0.050% | loan: 4.0 SOL | profit: ~$-2.5225 | buy: Raydium CLMM@GtKKKs3y → sell: Orca@5zpyutJu
[2026-04-10 20:13:55] [INFO] [LocalExec] Jito tip: 50000 lamports (~$0.0043)
[2026-04-10 20:13:55] [INFO] [LocalExec] borrowIxIndex dynamically set to 2
[2026-04-10 20:13:55] [INFO] [DBG] innerIxs.length=10
[2026-04-10 20:13:55] [INFO] [DBG] ix[0] prog=11111111 keys=2 dataLen=12 hex=0200000050c3000000000000
[2026-04-10 20:13:55] [INFO] [DBG]   k[0] s=1 w=1 len=32 b58=ESzi3jyKV4EWi1TC36nRwLiHHDVTmzn9iCFTotToyhC3
[2026-04-10 20:13:55] [INFO] [DBG]   k[1] s=0 w=1 len=32 b58=HFqU5x63VTqvQss8hp11i4wVV8bD44PvwucfZ2bU7gRe
[2026-04-10 20:13:55] [INFO] [DBG] ix[1] prog=ATokenGP keys=6 dataLen=1 hex=01
[2026-04-10 20:13:55] [INFO] [DBG]   k[0] s=1 w=1 len=32 b58=ESzi3jyKV4EWi1TC36nRwLiHHDVTmzn9iCFTotToyhC3
[2026-04-10 20:13:55] [INFO] [DBG]   k[1] s=0 w=1 len=32 b58=DQwQCSZL4Wm98FKdbVVw1Vq5txLcKNfxRBQrsy2MtcSa
[2026-04-10 20:13:55] [INFO] [DBG]   k[2] s=0 w=0 len=32 b58=ESzi3jyKV4EWi1TC36nRwLiHHDVTmzn9iCFTotToyhC3
[2026-04-10 20:13:55] [INFO] [DBG]   k[3] s=0 w=0 len=32 b58=So11111111111111111111111111111111111111112
[2026-04-10 20:13:55] [INFO] [DBG]   k[4] s=0 w=0 len=32 b58=11111111111111111111111111111111
[2026-04-10 20:13:55] [INFO] [DBG]   k[5] s=0 w=0 len=32 b58=TokenkegQfeZyiNwAJbNbGKPFXCWuBvf9Ss623VQ5DA
[2026-04-10 20:13:55] [INFO] [DBG] ix[2] prog=KLend2g3 keys=12 dataLen=16 hex=87e734a70734d4c100286bee00000000
[2026-04-10 20:13:55] [INFO] [DBG]   k[0] s=1 w=0 len=32 b58=ESzi3jyKV4EWi1TC36nRwLiHHDVTmzn9iCFTotToyhC3
[2026-04-10 20:13:55] [INFO] [DBG]   k[1] s=0 w=0 len=32 b58=9DrvZvyWh1HuAoZxvYWMvkf2XCzryCpGgHqrMjyDWpmo
[2026-04-10 20:13:55] [INFO] [DBG]   k[2] s=0 w=0 len=32 b58=7u3HeHxYDLhnCoErrtycNokbQYbWGzLs6JSDqGAv5PfF
[2026-04-10 20:13:55] [INFO] [DBG]   k[3] s=0 w=1 len=32 b58=d4A2prbA2whesmvHaL88BH6Ewn5N4bTSU2Ze8P6Bc4Q
[2026-04-10 20:13:55] [INFO] [DBG]   k[4] s=0 w=0 len=32 b58=So11111111111111111111111111111111111111112
[2026-04-10 20:13:55] [INFO] [DBG]   k[5] s=0 w=1 len=32 b58=GafNuUXj9rxGLn4y79dPu6MHSuPWeJR6UtTWuexpGh3U
[2026-04-10 20:13:55] [INFO] [DBG]   k[6] s=0 w=1 len=32 b58=DQwQCSZL4Wm98FKdbVVw1Vq5txLcKNfxRBQrsy2MtcSa
[2026-04-10 20:13:55] [INFO] [DBG]   k[7] s=0 w=1 len=32 b58=3JNof8s453bwG5UqiXBLJc77NRQXezYYEBbk3fqnoKph
[2026-04-10 20:13:55] [INFO] [DBG]   k[8] s=0 w=0 len=32 b58=KLend2g3cP87fffoy8q1mQqGKjrxjC8boSyAYavgmjD
[2026-04-10 20:13:55] [INFO] [DBG]   k[9] s=0 w=0 len=32 b58=KLend2g3cP87fffoy8q1mQqGKjrxjC8boSyAYavgmjD
[2026-04-10 20:13:55] [INFO] [DBG]   k[10] s=0 w=0 len=32 b58=Sysvar1nstructions1111111111111111111111111
[2026-04-10 20:13:55] [INFO] [DBG]   k[11] s=0 w=0 len=32 b58=TokenkegQfeZyiNwAJbNbGKPFXCWuBvf9Ss623VQ5DA
[2026-04-10 20:13:55] [INFO] [DBG] ix[3] prog=ComputeB keys=0 dataLen=5 hex=02c0270900
[2026-04-10 20:13:55] [INFO] [DBG] ix[4] prog=ComputeB keys=0 dataLen=9 hex=030100000000000000
[2026-04-10 20:13:55] [INFO] [DBG] ix[5] prog=ATokenGP keys=6 dataLen=1 hex=01
[2026-04-10 20:13:55] [INFO] [DBG]   k[0] s=1 w=1 len=32 b58=ESzi3jyKV4EWi1TC36nRwLiHHDVTmzn9iCFTotToyhC3
[2026-04-10 20:13:55] [INFO] [DBG]   k[1] s=0 w=1 len=32 b58=8ChvMvALunCZrZnbr3Jwf4S8kEKYAqcMGL2C53MFgK87
[2026-04-10 20:13:55] [INFO] [DBG]   k[2] s=0 w=0 len=32 b58=ESzi3jyKV4EWi1TC36nRwLiHHDVTmzn9iCFTotToyhC3
[2026-04-10 20:13:55] [INFO] [DBG]   k[3] s=0 w=0 len=32 b58=DezXAZ8z7PnrnRJjz3wXBoRgixCa6xjnB7YaB1pPB263
[2026-04-10 20:13:55] [INFO] [DBG]   k[4] s=0 w=0 len=32 b58=11111111111111111111111111111111
[2026-04-10 20:13:55] [INFO] [DBG]   k[5] s=0 w=0 len=32 b58=TokenkegQfeZyiNwAJbNbGKPFXCWuBvf9Ss623VQ5DA
[2026-04-10 20:13:55] [INFO] [DBG] ix[6] prog=CAMMCzo5 keys=12 dataLen=41 hex=f8c69e91e17587c800286bee00000000264caad498040000513b010001000000000000000000000001
[2026-04-10 20:13:55] [INFO] [DBG]   k[0] s=1 w=1 len=32 b58=ESzi3jyKV4EWi1TC36nRwLiHHDVTmzn9iCFTotToyhC3
[2026-04-10 20:13:55] [INFO] [DBG]   k[1] s=0 w=0 len=32 b58=E64NGkDLLCdQ2yFNPcavaKptrEgmiQaNykUuLC1Qgwyp
[2026-04-10 20:13:55] [INFO] [DBG]   k[2] s=0 w=1 len=32 b58=GtKKKs3yaPdHbQd2aZS4SfWhy8zQ988BJGnKNndLxYsN
[2026-04-10 20:13:55] [INFO] [DBG]   k[3] s=0 w=1 len=32 b58=DQwQCSZL4Wm98FKdbVVw1Vq5txLcKNfxRBQrsy2MtcSa
[2026-04-10 20:13:55] [INFO] [DBG]   k[4] s=0 w=1 len=32 b58=8ChvMvALunCZrZnbr3Jwf4S8kEKYAqcMGL2C53MFgK87
[2026-04-10 20:13:55] [INFO] [DBG]   k[5] s=0 w=1 len=32 b58=GDnBvA76ZAJ2K3en2F1iExPZ6qz83Xjj5srXMmSKTYDW
[2026-04-10 20:13:55] [INFO] [DBG]   k[6] s=0 w=1 len=32 b58=2wzaFLYb4JcDrVs8TfU3TfkVwq1Pdp3rRgWdNJzFGXud
[2026-04-10 20:13:55] [INFO] [DBG]   k[7] s=0 w=1 len=32 b58=Gj8gzDNKmf5y3p1LorKHTvMZ8eCLhbCDnhGiN5xVW8Jq
[2026-04-10 20:13:55] [INFO] [DBG]   k[8] s=0 w=0 len=32 b58=TokenkegQfeZyiNwAJbNbGKPFXCWuBvf9Ss623VQ5DA
[2026-04-10 20:13:55] [INFO] [DBG]   k[9] s=0 w=1 len=32 b58=FohQpHgvyJQHbYvrkyVXGuZpA2aaBXVBeHtEoxe5gzir
[2026-04-10 20:13:55] [INFO] [DBG]   k[10] s=0 w=1 len=32 b58=H162txn8gSuXiVfXffF8XxTAoP9KUDrhtktpeDpYEqk4
[2026-04-10 20:13:55] [INFO] [DBG]   k[11] s=0 w=1 len=32 b58=81hDVagG29yQRDdthwSLE93VGKtRddTN8Eo7bnwzGUVF
[2026-04-10 20:13:55] [INFO] [DBG] ix[7] prog=whirLbMi keys=11 dataLen=42 hex=f8c69e91e17587c8b91bf6961b05000000286bee00000000af331ba8327fbb35b1c4feff000000000100
[2026-04-10 20:13:55] [INFO] [DBG]   k[0] s=0 w=0 len=32 b58=TokenkegQfeZyiNwAJbNbGKPFXCWuBvf9Ss623VQ5DA
[2026-04-10 20:13:55] [INFO] [DBG]   k[1] s=1 w=0 len=32 b58=ESzi3jyKV4EWi1TC36nRwLiHHDVTmzn9iCFTotToyhC3
[2026-04-10 20:13:55] [INFO] [DBG]   k[2] s=0 w=1 len=32 b58=5zpyutJu9ee6jFymDGoK7F6S5Kczqtc9FomP3ueKuyA9
[2026-04-10 20:13:55] [INFO] [DBG]   k[3] s=0 w=1 len=32 b58=DQwQCSZL4Wm98FKdbVVw1Vq5txLcKNfxRBQrsy2MtcSa
[2026-04-10 20:13:55] [INFO] [DBG]   k[4] s=0 w=1 len=32 b58=ES7yhSrYeFo4U1PfJHNRkbfCWxCwPLk2DjrEbmN8bg58
[2026-04-10 20:13:55] [INFO] [DBG]   k[5] s=0 w=1 len=32 b58=8ChvMvALunCZrZnbr3Jwf4S8kEKYAqcMGL2C53MFgK87
[2026-04-10 20:13:55] [INFO] [DBG]   k[6] s=0 w=1 len=32 b58=4dmvFGeQH2eqa3ktNHMgm4wZ8vuTukBiK9M7gxW5oR9F
[2026-04-10 20:13:55] [INFO] [DBG]   k[7] s=0 w=1 len=32 b58=EJRTQoUhFocFL4fRwrhERF6wBL4RTZQrKe6dDuwrnRei
[2026-04-10 20:13:55] [INFO] [DBG]   k[8] s=0 w=1 len=32 b58=GqjT3UE9p9t2hkzoKnvS4p2pJkvWaaRLR65PxJdcPzb7
[2026-04-10 20:13:55] [INFO] [DBG]   k[9] s=0 w=1 len=32 b58=AKZj2vZ2UxQaZKcCYeGmsRocw52kwG94k6D4p1ssdDmp
[2026-04-10 20:13:55] [INFO] [DBG]   k[10] s=0 w=0 len=32 b58=EXpqcVuTTPEmyeVu2LHM75ha7FwmjJ88MnhSMRRdy5Sh
[2026-04-10 20:13:55] [INFO] [DBG] ix[8] prog=KLend2g3 keys=12 dataLen=17 hex=b97500cb60f5b4ba00286bee0000000002
[2026-04-10 20:13:55] [INFO] [DBG]   k[0] s=1 w=0 len=32 b58=ESzi3jyKV4EWi1TC36nRwLiHHDVTmzn9iCFTotToyhC3
[2026-04-10 20:13:55] [INFO] [DBG]   k[1] s=0 w=0 len=32 b58=9DrvZvyWh1HuAoZxvYWMvkf2XCzryCpGgHqrMjyDWpmo
[2026-04-10 20:13:55] [INFO] [DBG]   k[2] s=0 w=0 len=32 b58=7u3HeHxYDLhnCoErrtycNokbQYbWGzLs6JSDqGAv5PfF
[2026-04-10 20:13:55] [INFO] [DBG]   k[3] s=0 w=1 len=32 b58=d4A2prbA2whesmvHaL88BH6Ewn5N4bTSU2Ze8P6Bc4Q
[2026-04-10 20:13:55] [INFO] [DBG]   k[4] s=0 w=0 len=32 b58=So11111111111111111111111111111111111111112
[2026-04-10 20:13:55] [INFO] [DBG]   k[5] s=0 w=1 len=32 b58=GafNuUXj9rxGLn4y79dPu6MHSuPWeJR6UtTWuexpGh3U
[2026-04-10 20:13:55] [INFO] [DBG]   k[6] s=0 w=1 len=32 b58=DQwQCSZL4Wm98FKdbVVw1Vq5txLcKNfxRBQrsy2MtcSa
[2026-04-10 20:13:55] [INFO] [DBG]   k[7] s=0 w=1 len=32 b58=3JNof8s453bwG5UqiXBLJc77NRQXezYYEBbk3fqnoKph
[2026-04-10 20:13:55] [INFO] [DBG]   k[8] s=0 w=0 len=32 b58=KLend2g3cP87fffoy8q1mQqGKjrxjC8boSyAYavgmjD
[2026-04-10 20:13:55] [INFO] [DBG]   k[9] s=0 w=0 len=32 b58=KLend2g3cP87fffoy8q1mQqGKjrxjC8boSyAYavgmjD
[2026-04-10 20:13:55] [INFO] [DBG]   k[10] s=0 w=0 len=32 b58=Sysvar1nstructions1111111111111111111111111
[2026-04-10 20:13:55] [INFO] [DBG]   k[11] s=0 w=0 len=32 b58=TokenkegQfeZyiNwAJbNbGKPFXCWuBvf9Ss623VQ5DA
[2026-04-10 20:13:55] [INFO] [DBG] ix[9] prog=Tokenkeg keys=3 dataLen=1 hex=09
[2026-04-10 20:13:55] [INFO] [DBG]   k[0] s=0 w=1 len=32 b58=DQwQCSZL4Wm98FKdbVVw1Vq5txLcKNfxRBQrsy2MtcSa
[2026-04-10 20:13:55] [INFO] [DBG]   k[1] s=0 w=1 len=32 b58=ESzi3jyKV4EWi1TC36nRwLiHHDVTmzn9iCFTotToyhC3
[2026-04-10 20:13:55] [INFO] [DBG]   k[2] s=1 w=0 len=32 b58=ESzi3jyKV4EWi1TC36nRwLiHHDVTmzn9iCFTotToyhC3
[2026-04-10 20:13:55] [ERROR] [LocalExec] Error: encoding overruns Uint8Array
[2026-04-10 20:13:55] [ERROR] [LocalExec] Stack: RangeError: encoding overruns Uint8Array
    at Blob.encode (/home/ubuntu/ARB-BOT/node_modules/@solana/buffer-layout/lib/Layout.js:2098:19)
    at Structure.encode (/home/ubuntu/ARB-BOT/node_modules/@solana/buffer-layout/lib/Layout.js:1092:36)
    at MessageV0.serialize (/home/ubuntu/ARB-BOT/node_modules/@solana/web3.js/lib/index.cjs.js:1045:51)
    at VersionedTransaction.sign (/home/ubuntu/ARB-BOT/node_modules/@solana/web3.js/lib/index.cjs.js:2107:38)
    at Executor.executeLocal (/home/ubuntu/ARB-BOT/src/executor.js:1312:21)
    at process.processTicksAndRejections (node:internal/process/task_queues:95:5)
    at async wsCallback (/home/ubuntu/ARB-BOT/src/bot.js:297:44)
[2026-04-10 20:13:55] [WARN] [LocalExec] ⚠️  computeSwap BYPASSED — pipeline test mode | gross local: -0.6418 USD
[2026-04-10 20:13:55] [INFO] 🎯 LOCAL EXEC — SOL/BONK | spread: 0.050% | loan: 2.0 SOL | profit: ~$-0.6418 | buy: Raydium CLMM@GtKKKs3y → sell: Orca@5zpyutJu
[2026-04-10 20:13:55] [INFO] [LocalExec] Jito tip: 50000 lamports (~$0.0043)
[2026-04-10 20:13:55] [INFO] [LocalExec] borrowIxIndex dynamically set to 2
[2026-04-10 20:13:55] [INFO] [DBG] innerIxs.length=10
[2026-04-10 20:13:55] [INFO] [DBG] ix[0] prog=11111111 keys=2 dataLen=12 hex=0200000050c3000000000000
[2026-04-10 20:13:55] [INFO] [DBG]   k[0] s=1 w=1 len=32 b58=ESzi3jyKV4EWi1TC36nRwLiHHDVTmzn9iCFTotToyhC3
[2026-04-10 20:13:55] [INFO] [DBG]   k[1] s=0 w=1 len=32 b58=Cw8CFyM9FkoMi7K7Crf6HNQqf4uEMzpKw6QNghXLvLkY
[2026-04-10 20:13:55] [INFO] [DBG] ix[1] prog=ATokenGP keys=6 dataLen=1 hex=01
[2026-04-10 20:13:55] [INFO] [DBG]   k[0] s=1 w=1 len=32 b58=ESzi3jyKV4EWi1TC36nRwLiHHDVTmzn9iCFTotToyhC3
[2026-04-10 20:13:55] [INFO] [DBG]   k[1] s=0 w=1 len=32 b58=DQwQCSZL4Wm98FKdbVVw1Vq5txLcKNfxRBQrsy2MtcSa
[2026-04-10 20:13:55] [INFO] [DBG]   k[2] s=0 w=0 len=32 b58=ESzi3jyKV4EWi1TC36nRwLiHHDVTmzn9iCFTotToyhC3
[2026-04-10 20:13:55] [INFO] [DBG]   k[3] s=0 w=0 len=32 b58=So11111111111111111111111111111111111111112
[2026-04-10 20:13:55] [INFO] [DBG]   k[4] s=0 w=0 len=32 b58=11111111111111111111111111111111
[2026-04-10 20:13:55] [INFO] [DBG]   k[5] s=0 w=0 len=32 b58=TokenkegQfeZyiNwAJbNbGKPFXCWuBvf9Ss623VQ5DA
[2026-04-10 20:13:55] [INFO] [DBG] ix[2] prog=KLend2g3 keys=12 dataLen=16 hex=87e734a70734d4c10094357700000000
[2026-04-10 20:13:55] [INFO] [DBG]   k[0] s=1 w=0 len=32 b58=ESzi3jyKV4EWi1TC36nRwLiHHDVTmzn9iCFTotToyhC3
[2026-04-10 20:13:55] [INFO] [DBG]   k[1] s=0 w=0 len=32 b58=9DrvZvyWh1HuAoZxvYWMvkf2XCzryCpGgHqrMjyDWpmo
[2026-04-10 20:13:55] [INFO] [DBG]   k[2] s=0 w=0 len=32 b58=7u3HeHxYDLhnCoErrtycNokbQYbWGzLs6JSDqGAv5PfF
[2026-04-10 20:13:55] [INFO] [DBG]   k[3] s=0 w=1 len=32 b58=d4A2prbA2whesmvHaL88BH6Ewn5N4bTSU2Ze8P6Bc4Q
[2026-04-10 20:13:55] [INFO] [DBG]   k[4] s=0 w=0 len=32 b58=So11111111111111111111111111111111111111112
[2026-04-10 20:13:55] [INFO] [DBG]   k[5] s=0 w=1 len=32 b58=GafNuUXj9rxGLn4y79dPu6MHSuPWeJR6UtTWuexpGh3U
[2026-04-10 20:13:55] [INFO] [DBG]   k[6] s=0 w=1 len=32 b58=DQwQCSZL4Wm98FKdbVVw1Vq5txLcKNfxRBQrsy2MtcSa
[2026-04-10 20:13:55] [INFO] [DBG]   k[7] s=0 w=1 len=32 b58=3JNof8s453bwG5UqiXBLJc77NRQXezYYEBbk3fqnoKph
[2026-04-10 20:13:55] [INFO] [DBG]   k[8] s=0 w=0 len=32 b58=KLend2g3cP87fffoy8q1mQqGKjrxjC8boSyAYavgmjD
[2026-04-10 20:13:55] [INFO] [DBG]   k[9] s=0 w=0 len=32 b58=KLend2g3cP87fffoy8q1mQqGKjrxjC8boSyAYavgmjD
[2026-04-10 20:13:55] [INFO] [DBG]   k[10] s=0 w=0 len=32 b58=Sysvar1nstructions1111111111111111111111111
[2026-04-10 20:13:55] [INFO] [DBG]   k[11] s=0 w=0 len=32 b58=TokenkegQfeZyiNwAJbNbGKPFXCWuBvf9Ss623VQ5DA
[2026-04-10 20:13:55] [INFO] [DBG] ix[3] prog=ComputeB keys=0 dataLen=5 hex=02c0270900
[2026-04-10 20:13:55] [INFO] [DBG] ix[4] prog=ComputeB keys=0 dataLen=9 hex=030100000000000000
[2026-04-10 20:13:55] [INFO] [DBG] ix[5] prog=ATokenGP keys=6 dataLen=1 hex=01
[2026-04-10 20:13:55] [INFO] [DBG]   k[0] s=1 w=1 len=32 b58=ESzi3jyKV4EWi1TC36nRwLiHHDVTmzn9iCFTotToyhC3
[2026-04-10 20:13:55] [INFO] [DBG]   k[1] s=0 w=1 len=32 b58=8ChvMvALunCZrZnbr3Jwf4S8kEKYAqcMGL2C53MFgK87
[2026-04-10 20:13:55] [INFO] [DBG]   k[2] s=0 w=0 len=32 b58=ESzi3jyKV4EWi1TC36nRwLiHHDVTmzn9iCFTotToyhC3
[2026-04-10 20:13:55] [INFO] [DBG]   k[3] s=0 w=0 len=32 b58=DezXAZ8z7PnrnRJjz3wXBoRgixCa6xjnB7YaB1pPB263
[2026-04-10 20:13:55] [INFO] [DBG]   k[4] s=0 w=0 len=32 b58=11111111111111111111111111111111
[2026-04-10 20:13:55] [INFO] [DBG]   k[5] s=0 w=0 len=32 b58=TokenkegQfeZyiNwAJbNbGKPFXCWuBvf9Ss623VQ5DA
[2026-04-10 20:13:55] [INFO] [DBG] ix[6] prog=CAMMCzo5 keys=12 dataLen=41 hex=f8c69e91e17587c80094357700000000cf48cb2b4e020000513b010001000000000000000000000001
[2026-04-10 20:13:55] [INFO] [DBG]   k[0] s=1 w=1 len=32 b58=ESzi3jyKV4EWi1TC36nRwLiHHDVTmzn9iCFTotToyhC3
[2026-04-10 20:13:55] [INFO] [DBG]   k[1] s=0 w=0 len=32 b58=E64NGkDLLCdQ2yFNPcavaKptrEgmiQaNykUuLC1Qgwyp
[2026-04-10 20:13:55] [INFO] [DBG]   k[2] s=0 w=1 len=32 b58=GtKKKs3yaPdHbQd2aZS4SfWhy8zQ988BJGnKNndLxYsN
[2026-04-10 20:13:55] [INFO] [DBG]   k[3] s=0 w=1 len=32 b58=DQwQCSZL4Wm98FKdbVVw1Vq5txLcKNfxRBQrsy2MtcSa
[2026-04-10 20:13:55] [INFO] [DBG]   k[4] s=0 w=1 len=32 b58=8ChvMvALunCZrZnbr3Jwf4S8kEKYAqcMGL2C53MFgK87
[2026-04-10 20:13:55] [INFO] [DBG]   k[5] s=0 w=1 len=32 b58=GDnBvA76ZAJ2K3en2F1iExPZ6qz83Xjj5srXMmSKTYDW
[2026-04-10 20:13:55] [INFO] [DBG]   k[6] s=0 w=1 len=32 b58=2wzaFLYb4JcDrVs8TfU3TfkVwq1Pdp3rRgWdNJzFGXud
[2026-04-10 20:13:55] [INFO] [DBG]   k[7] s=0 w=1 len=32 b58=Gj8gzDNKmf5y3p1LorKHTvMZ8eCLhbCDnhGiN5xVW8Jq
[2026-04-10 20:13:55] [INFO] [DBG]   k[8] s=0 w=0 len=32 b58=TokenkegQfeZyiNwAJbNbGKPFXCWuBvf9Ss623VQ5DA
[2026-04-10 20:13:55] [INFO] [DBG]   k[9] s=0 w=1 len=32 b58=FohQpHgvyJQHbYvrkyVXGuZpA2aaBXVBeHtEoxe5gzir
[2026-04-10 20:13:55] [INFO] [DBG]   k[10] s=0 w=1 len=32 b58=H162txn8gSuXiVfXffF8XxTAoP9KUDrhtktpeDpYEqk4
[2026-04-10 20:13:55] [INFO] [DBG]   k[11] s=0 w=1 len=32 b58=81hDVagG29yQRDdthwSLE93VGKtRddTN8Eo7bnwzGUVF
[2026-04-10 20:13:55] [INFO] [DBG] ix[7] prog=whirLbMi keys=11 dataLen=42 hex=f8c69e91e17587c81fdfe1be8f0200000094357700000000af331ba8327fbb35b1c4feff000000000100
[2026-04-10 20:13:55] [INFO] [DBG]   k[0] s=0 w=0 len=32 b58=TokenkegQfeZyiNwAJbNbGKPFXCWuBvf9Ss623VQ5DA
[2026-04-10 20:13:55] [INFO] [DBG]   k[1] s=1 w=0 len=32 b58=ESzi3jyKV4EWi1TC36nRwLiHHDVTmzn9iCFTotToyhC3
[2026-04-10 20:13:55] [INFO] [DBG]   k[2] s=0 w=1 len=32 b58=5zpyutJu9ee6jFymDGoK7F6S5Kczqtc9FomP3ueKuyA9
[2026-04-10 20:13:55] [INFO] [DBG]   k[3] s=0 w=1 len=32 b58=DQwQCSZL4Wm98FKdbVVw1Vq5txLcKNfxRBQrsy2MtcSa
[2026-04-10 20:13:55] [INFO] [DBG]   k[4] s=0 w=1 len=32 b58=ES7yhSrYeFo4U1PfJHNRkbfCWxCwPLk2DjrEbmN8bg58
[2026-04-10 20:13:55] [INFO] [DBG]   k[5] s=0 w=1 len=32 b58=8ChvMvALunCZrZnbr3Jwf4S8kEKYAqcMGL2C53MFgK87
[2026-04-10 20:13:55] [INFO] [DBG]   k[6] s=0 w=1 len=32 b58=4dmvFGeQH2eqa3ktNHMgm4wZ8vuTukBiK9M7gxW5oR9F
[2026-04-10 20:13:55] [INFO] [DBG]   k[7] s=0 w=1 len=32 b58=EJRTQoUhFocFL4fRwrhERF6wBL4RTZQrKe6dDuwrnRei
[2026-04-10 20:13:55] [INFO] [DBG]   k[8] s=0 w=1 len=32 b58=GqjT3UE9p9t2hkzoKnvS4p2pJkvWaaRLR65PxJdcPzb7
[2026-04-10 20:13:55] [INFO] [DBG]   k[9] s=0 w=1 len=32 b58=AKZj2vZ2UxQaZKcCYeGmsRocw52kwG94k6D4p1ssdDmp
[2026-04-10 20:13:55] [INFO] [DBG]   k[10] s=0 w=0 len=32 b58=EXpqcVuTTPEmyeVu2LHM75ha7FwmjJ88MnhSMRRdy5Sh
[2026-04-10 20:13:55] [INFO] [DBG] ix[8] prog=KLend2g3 keys=12 dataLen=17 hex=b97500cb60f5b4ba009435770000000002
[2026-04-10 20:13:55] [INFO] [DBG]   k[0] s=1 w=0 len=32 b58=ESzi3jyKV4EWi1TC36nRwLiHHDVTmzn9iCFTotToyhC3
[2026-04-10 20:13:55] [INFO] [DBG]   k[1] s=0 w=0 len=32 b58=9DrvZvyWh1HuAoZxvYWMvkf2XCzryCpGgHqrMjyDWpmo
[2026-04-10 20:13:55] [INFO] [DBG]   k[2] s=0 w=0 len=32 b58=7u3HeHxYDLhnCoErrtycNokbQYbWGzLs6JSDqGAv5PfF
[2026-04-10 20:13:55] [INFO] [DBG]   k[3] s=0 w=1 len=32 b58=d4A2prbA2whesmvHaL88BH6Ewn5N4bTSU2Ze8P6Bc4Q
[2026-04-10 20:13:55] [INFO] [DBG]   k[4] s=0 w=0 len=32 b58=So11111111111111111111111111111111111111112
[2026-04-10 20:13:55] [INFO] [DBG]   k[5] s=0 w=1 len=32 b58=GafNuUXj9rxGLn4y79dPu6MHSuPWeJR6UtTWuexpGh3U
[2026-04-10 20:13:55] [INFO] [DBG]   k[6] s=0 w=1 len=32 b58=DQwQCSZL4Wm98FKdbVVw1Vq5txLcKNfxRBQrsy2MtcSa
[2026-04-10 20:13:55] [INFO] [DBG]   k[7] s=0 w=1 len=32 b58=3JNof8s453bwG5UqiXBLJc77NRQXezYYEBbk3fqnoKph
[2026-04-10 20:13:55] [INFO] [DBG]   k[8] s=0 w=0 len=32 b58=KLend2g3cP87fffoy8q1mQqGKjrxjC8boSyAYavgmjD
[2026-04-10 20:13:55] [INFO] [DBG]   k[9] s=0 w=0 len=32 b58=KLend2g3cP87fffoy8q1mQqGKjrxjC8boSyAYavgmjD
[2026-04-10 20:13:55] [INFO] [DBG]   k[10] s=0 w=0 len=32 b58=Sysvar1nstructions1111111111111111111111111
[2026-04-10 20:13:55] [INFO] [DBG]   k[11] s=0 w=0 len=32 b58=TokenkegQfeZyiNwAJbNbGKPFXCWuBvf9Ss623VQ5DA
[2026-04-10 20:13:55] [INFO] [DBG] ix[9] prog=Tokenkeg keys=3 dataLen=1 hex=09
[2026-04-10 20:13:55] [INFO] [DBG]   k[0] s=0 w=1 len=32 b58=DQwQCSZL4Wm98FKdbVVw1Vq5txLcKNfxRBQrsy2MtcSa
[2026-04-10 20:13:55] [INFO] [DBG]   k[1] s=0 w=1 len=32 b58=ESzi3jyKV4EWi1TC36nRwLiHHDVTmzn9iCFTotToyhC3
[2026-04-10 20:13:55] [INFO] [DBG]   k[2] s=1 w=0 len=32 b58=ESzi3jyKV4EWi1TC36nRwLiHHDVTmzn9iCFTotToyhC3
[2026-04-10 20:13:55] [ERROR] [LocalExec] Error: encoding overruns Uint8Array
[2026-04-10 20:13:55] [ERROR] [LocalExec] Stack: RangeError: encoding overruns Uint8Array
    at Blob.encode (/home/ubuntu/ARB-BOT/node_modules/@solana/buffer-layout/lib/Layout.js:2098:19)
    at Structure.encode (/home/ubuntu/ARB-BOT/node_modules/@solana/buffer-layout/lib/Layout.js:1092:36)
    at MessageV0.serialize (/home/ubuntu/ARB-BOT/node_modules/@solana/web3.js/lib/index.cjs.js:1045:51)
    at VersionedTransaction.sign (/home/ubuntu/ARB-BOT/node_modules/@solana/web3.js/lib/index.cjs.js:2107:38)
    at Executor.executeLocal (/home/ubuntu/ARB-BOT/src/executor.js:1312:21)
    at process.processTicksAndRejections (node:internal/process/task_queues:95:5)
    at async wsCallback (/home/ubuntu/ARB-BOT/src/bot.js:297:44)
[2026-04-10 20:13:55] [WARN] [LocalExec] ⚠️  computeSwap BYPASSED — pipeline test mode | gross local: -0.1652 USD
[2026-04-10 20:13:55] [INFO] 🎯 LOCAL EXEC — SOL/BONK | spread: 0.050% | loan: 1.0 SOL | profit: ~$-0.1652 | buy: Raydium CLMM@GtKKKs3y → sell: Orca@5zpyutJu
[2026-04-10 20:13:55] [INFO] [LocalExec] Jito tip: 50000 lamports (~$0.0043)
[2026-04-10 20:13:55] [INFO] [LocalExec] borrowIxIndex dynamically set to 2
[2026-04-10 20:13:55] [INFO] [DBG] innerIxs.length=10
[2026-04-10 20:13:55] [INFO] [DBG] ix[0] prog=11111111 keys=2 dataLen=12 hex=0200000050c3000000000000
[2026-04-10 20:13:55] [INFO] [DBG]   k[0] s=1 w=1 len=32 b58=ESzi3jyKV4EWi1TC36nRwLiHHDVTmzn9iCFTotToyhC3
[2026-04-10 20:13:55] [INFO] [DBG]   k[1] s=0 w=1 len=32 b58=96gYZGLnJYVFmbjzopPSU6QiEV5fGqZNyN9nmNhvrZU5
[2026-04-10 20:13:55] [INFO] [DBG] ix[1] prog=ATokenGP keys=6 dataLen=1 hex=01
[2026-04-10 20:13:55] [INFO] [DBG]   k[0] s=1 w=1 len=32 b58=ESzi3jyKV4EWi1TC36nRwLiHHDVTmzn9iCFTotToyhC3
[2026-04-10 20:13:55] [INFO] [DBG]   k[1] s=0 w=1 len=32 b58=DQwQCSZL4Wm98FKdbVVw1Vq5txLcKNfxRBQrsy2MtcSa
[2026-04-10 20:13:55] [INFO] [DBG]   k[2] s=0 w=0 len=32 b58=ESzi3jyKV4EWi1TC36nRwLiHHDVTmzn9iCFTotToyhC3
[2026-04-10 20:13:55] [INFO] [DBG]   k[3] s=0 w=0 len=32 b58=So11111111111111111111111111111111111111112
[2026-04-10 20:13:55] [INFO] [DBG]   k[4] s=0 w=0 len=32 b58=11111111111111111111111111111111
[2026-04-10 20:13:55] [INFO] [DBG]   k[5] s=0 w=0 len=32 b58=TokenkegQfeZyiNwAJbNbGKPFXCWuBvf9Ss623VQ5DA
[2026-04-10 20:13:55] [INFO] [DBG] ix[2] prog=KLend2g3 keys=12 dataLen=16 hex=87e734a70734d4c100ca9a3b00000000
[2026-04-10 20:13:55] [INFO] [DBG]   k[0] s=1 w=0 len=32 b58=ESzi3jyKV4EWi1TC36nRwLiHHDVTmzn9iCFTotToyhC3
[2026-04-10 20:13:55] [INFO] [DBG]   k[1] s=0 w=0 len=32 b58=9DrvZvyWh1HuAoZxvYWMvkf2XCzryCpGgHqrMjyDWpmo
[2026-04-10 20:13:55] [INFO] [DBG]   k[2] s=0 w=0 len=32 b58=7u3HeHxYDLhnCoErrtycNokbQYbWGzLs6JSDqGAv5PfF
[2026-04-10 20:13:55] [INFO] [DBG]   k[3] s=0 w=1 len=32 b58=d4A2prbA2whesmvHaL88BH6Ewn5N4bTSU2Ze8P6Bc4Q
[2026-04-10 20:13:55] [INFO] [DBG]   k[4] s=0 w=0 len=32 b58=So11111111111111111111111111111111111111112
[2026-04-10 20:13:55] [INFO] [DBG]   k[5] s=0 w=1 len=32 b58=GafNuUXj9rxGLn4y79dPu6MHSuPWeJR6UtTWuexpGh3U
[2026-04-10 20:13:55] [INFO] [DBG]   k[6] s=0 w=1 len=32 b58=DQwQCSZL4Wm98FKdbVVw1Vq5txLcKNfxRBQrsy2MtcSa
[2026-04-10 20:13:55] [INFO] [DBG]   k[7] s=0 w=1 len=32 b58=3JNof8s453bwG5UqiXBLJc77NRQXezYYEBbk3fqnoKph
[2026-04-10 20:13:55] [INFO] [DBG]   k[8] s=0 w=0 len=32 b58=KLend2g3cP87fffoy8q1mQqGKjrxjC8boSyAYavgmjD
[2026-04-10 20:13:55] [INFO] [DBG]   k[9] s=0 w=0 len=32 b58=KLend2g3cP87fffoy8q1mQqGKjrxjC8boSyAYavgmjD
[2026-04-10 20:13:55] [INFO] [DBG]   k[10] s=0 w=0 len=32 b58=Sysvar1nstructions1111111111111111111111111
[2026-04-10 20:13:55] [INFO] [DBG]   k[11] s=0 w=0 len=32 b58=TokenkegQfeZyiNwAJbNbGKPFXCWuBvf9Ss623VQ5DA
[2026-04-10 20:13:55] [INFO] [DBG] ix[3] prog=ComputeB keys=0 dataLen=5 hex=02c0270900
[2026-04-10 20:13:55] [INFO] [DBG] ix[4] prog=ComputeB keys=0 dataLen=9 hex=030100000000000000
[2026-04-10 20:13:55] [INFO] [DBG] ix[5] prog=ATokenGP keys=6 dataLen=1 hex=01
[2026-04-10 20:13:55] [INFO] [DBG]   k[0] s=1 w=1 len=32 b58=ESzi3jyKV4EWi1TC36nRwLiHHDVTmzn9iCFTotToyhC3
[2026-04-10 20:13:55] [INFO] [DBG]   k[1] s=0 w=1 len=32 b58=8ChvMvALunCZrZnbr3Jwf4S8kEKYAqcMGL2C53MFgK87
[2026-04-10 20:13:55] [INFO] [DBG]   k[2] s=0 w=0 len=32 b58=ESzi3jyKV4EWi1TC36nRwLiHHDVTmzn9iCFTotToyhC3
[2026-04-10 20:13:55] [INFO] [DBG]   k[3] s=0 w=0 len=32 b58=DezXAZ8z7PnrnRJjz3wXBoRgixCa6xjnB7YaB1pPB263
[2026-04-10 20:13:55] [INFO] [DBG]   k[4] s=0 w=0 len=32 b58=11111111111111111111111111111111
[2026-04-10 20:13:55] [INFO] [DBG]   k[5] s=0 w=0 len=32 b58=TokenkegQfeZyiNwAJbNbGKPFXCWuBvf9Ss623VQ5DA
[2026-04-10 20:13:55] [INFO] [DBG] ix[6] prog=CAMMCzo5 keys=12 dataLen=41 hex=f8c69e91e17587c800ca9a3b000000001f1dc48627010000513b010001000000000000000000000001
[2026-04-10 20:13:55] [INFO] [DBG]   k[0] s=1 w=1 len=32 b58=ESzi3jyKV4EWi1TC36nRwLiHHDVTmzn9iCFTotToyhC3
[2026-04-10 20:13:55] [INFO] [DBG]   k[1] s=0 w=0 len=32 b58=E64NGkDLLCdQ2yFNPcavaKptrEgmiQaNykUuLC1Qgwyp
[2026-04-10 20:13:55] [INFO] [DBG]   k[2] s=0 w=1 len=32 b58=GtKKKs3yaPdHbQd2aZS4SfWhy8zQ988BJGnKNndLxYsN
[2026-04-10 20:13:55] [INFO] [DBG]   k[3] s=0 w=1 len=32 b58=DQwQCSZL4Wm98FKdbVVw1Vq5txLcKNfxRBQrsy2MtcSa
[2026-04-10 20:13:55] [INFO] [DBG]   k[4] s=0 w=1 len=32 b58=8ChvMvALunCZrZnbr3Jwf4S8kEKYAqcMGL2C53MFgK87
[2026-04-10 20:13:55] [INFO] [DBG]   k[5] s=0 w=1 len=32 b58=GDnBvA76ZAJ2K3en2F1iExPZ6qz83Xjj5srXMmSKTYDW
[2026-04-10 20:13:55] [INFO] [DBG]   k[6] s=0 w=1 len=32 b58=2wzaFLYb4JcDrVs8TfU3TfkVwq1Pdp3rRgWdNJzFGXud
[2026-04-10 20:13:55] [INFO] [DBG]   k[7] s=0 w=1 len=32 b58=Gj8gzDNKmf5y3p1LorKHTvMZ8eCLhbCDnhGiN5xVW8Jq
[2026-04-10 20:13:55] [INFO] [DBG]   k[8] s=0 w=0 len=32 b58=TokenkegQfeZyiNwAJbNbGKPFXCWuBvf9Ss623VQ5DA
[2026-04-10 20:13:55] [INFO] [DBG]   k[9] s=0 w=1 len=32 b58=FohQpHgvyJQHbYvrkyVXGuZpA2aaBXVBeHtEoxe5gzir
[2026-04-10 20:13:55] [INFO] [DBG]   k[10] s=0 w=1 len=32 b58=H162txn8gSuXiVfXffF8XxTAoP9KUDrhtktpeDpYEqk4
[2026-04-10 20:13:55] [INFO] [DBG]   k[11] s=0 w=1 len=32 b58=81hDVagG29yQRDdthwSLE93VGKtRddTN8Eo7bnwzGUVF
[2026-04-10 20:13:55] [INFO] [DBG] ix[7] prog=whirLbMi keys=11 dataLen=42 hex=f8c69e91e17587c878e7d95c4801000000ca9a3b00000000af331ba8327fbb35b1c4feff000000000100
[2026-04-10 20:13:55] [INFO] [DBG]   k[0] s=0 w=0 len=32 b58=TokenkegQfeZyiNwAJbNbGKPFXCWuBvf9Ss623VQ5DA
[2026-04-10 20:13:55] [INFO] [DBG]   k[1] s=1 w=0 len=32 b58=ESzi3jyKV4EWi1TC36nRwLiHHDVTmzn9iCFTotToyhC3
[2026-04-10 20:13:55] [INFO] [DBG]   k[2] s=0 w=1 len=32 b58=5zpyutJu9ee6jFymDGoK7F6S5Kczqtc9FomP3ueKuyA9
[2026-04-10 20:13:55] [INFO] [DBG]   k[3] s=0 w=1 len=32 b58=DQwQCSZL4Wm98FKdbVVw1Vq5txLcKNfxRBQrsy2MtcSa
[2026-04-10 20:13:55] [INFO] [DBG]   k[4] s=0 w=1 len=32 b58=ES7yhSrYeFo4U1PfJHNRkbfCWxCwPLk2DjrEbmN8bg58
[2026-04-10 20:13:55] [INFO] [DBG]   k[5] s=0 w=1 len=32 b58=8ChvMvALunCZrZnbr3Jwf4S8kEKYAqcMGL2C53MFgK87
[2026-04-10 20:13:55] [INFO] [DBG]   k[6] s=0 w=1 len=32 b58=4dmvFGeQH2eqa3ktNHMgm4wZ8vuTukBiK9M7gxW5oR9F
[2026-04-10 20:13:55] [INFO] [DBG]   k[7] s=0 w=1 len=32 b58=EJRTQoUhFocFL4fRwrhERF6wBL4RTZQrKe6dDuwrnRei
[2026-04-10 20:13:55] [INFO] [DBG]   k[8] s=0 w=1 len=32 b58=GqjT3UE9p9t2hkzoKnvS4p2pJkvWaaRLR65PxJdcPzb7
[2026-04-10 20:13:55] [INFO] [DBG]   k[9] s=0 w=1 len=32 b58=AKZj2vZ2UxQaZKcCYeGmsRocw52kwG94k6D4p1ssdDmp
[2026-04-10 20:13:55] [INFO] [DBG]   k[10] s=0 w=0 len=32 b58=EXpqcVuTTPEmyeVu2LHM75ha7FwmjJ88MnhSMRRdy5Sh
[2026-04-10 20:13:55] [INFO] [DBG] ix[8] prog=KLend2g3 keys=12 dataLen=17 hex=b97500cb60f5b4ba00ca9a3b0000000002
[2026-04-10 20:13:55] [INFO] [DBG]   k[0] s=1 w=0 len=32 b58=ESzi3jyKV4EWi1TC36nRwLiHHDVTmzn9iCFTotToyhC3
[2026-04-10 20:13:55] [INFO] [DBG]   k[1] s=0 w=0 len=32 b58=9DrvZvyWh1HuAoZxvYWMvkf2XCzryCpGgHqrMjyDWpmo
[2026-04-10 20:13:55] [INFO] [DBG]   k[2] s=0 w=0 len=32 b58=7u3HeHxYDLhnCoErrtycNokbQYbWGzLs6JSDqGAv5PfF
[2026-04-10 20:13:55] [INFO] [DBG]   k[3] s=0 w=1 len=32 b58=d4A2prbA2whesmvHaL88BH6Ewn5N4bTSU2Ze8P6Bc4Q
[2026-04-10 20:13:55] [INFO] [DBG]   k[4] s=0 w=0 len=32 b58=So11111111111111111111111111111111111111112
[2026-04-10 20:13:55] [INFO] [DBG]   k[5] s=0 w=1 len=32 b58=GafNuUXj9rxGLn4y79dPu6MHSuPWeJR6UtTWuexpGh3U
[2026-04-10 20:13:55] [INFO] [DBG]   k[6] s=0 w=1 len=32 b58=DQwQCSZL4Wm98FKdbVVw1Vq5txLcKNfxRBQrsy2MtcSa
[2026-04-10 20:13:55] [INFO] [DBG]   k[7] s=0 w=1 len=32 b58=3JNof8s453bwG5UqiXBLJc77NRQXezYYEBbk3fqnoKph
[2026-04-10 20:13:55] [INFO] [DBG]   k[8] s=0 w=0 len=32 b58=KLend2g3cP87fffoy8q1mQqGKjrxjC8boSyAYavgmjD
[2026-04-10 20:13:55] [INFO] [DBG]   k[9] s=0 w=0 len=32 b58=KLend2g3cP87fffoy8q1mQqGKjrxjC8boSyAYavgmjD
[2026-04-10 20:13:55] [INFO] [DBG]   k[10] s=0 w=0 len=32 b58=Sysvar1nstructions1111111111111111111111111
[2026-04-10 20:13:55] [INFO] [DBG]   k[11] s=0 w=0 len=32 b58=TokenkegQfeZyiNwAJbNbGKPFXCWuBvf9Ss623VQ5DA
[2026-04-10 20:13:55] [INFO] [DBG] ix[9] prog=Tokenkeg keys=3 dataLen=1 hex=09
[2026-04-10 20:13:55] [INFO] [DBG]   k[0] s=0 w=1 len=32 b58=DQwQCSZL4Wm98FKdbVVw1Vq5txLcKNfxRBQrsy2MtcSa
[2026-04-10 20:13:55] [INFO] [DBG]   k[1] s=0 w=1 len=32 b58=ESzi3jyKV4EWi1TC36nRwLiHHDVTmzn9iCFTotToyhC3
[2026-04-10 20:13:55] [INFO] [DBG]   k[2] s=1 w=0 len=32 b58=ESzi3jyKV4EWi1TC36nRwLiHHDVTmzn9iCFTotToyhC3
[2026-04-10 20:13:55] [ERROR] [LocalExec] Error: encoding overruns Uint8Array
[2026-04-10 20:13:55] [ERROR] [LocalExec] Stack: RangeError: encoding overruns Uint8Array
    at Blob.encode (/home/ubuntu/ARB-BOT/node_modules/@solana/buffer-layout/lib/Layout.js:2098:19)
    at Structure.encode (/home/ubuntu/ARB-BOT/node_modules/@solana/buffer-layout/lib/Layout.js:1092:36)
    at MessageV0.serialize (/home/ubuntu/ARB-BOT/node_modules/@solana/web3.js/lib/index.cjs.js:1045:51)
    at VersionedTransaction.sign (/home/ubuntu/ARB-BOT/node_modules/@solana/web3.js/lib/index.cjs.js:2107:38)
    at Executor.executeLocal (/home/ubuntu/ARB-BOT/src/executor.js:1312:21)
    at process.processTicksAndRejections (node:internal/process/task_queues:95:5)
    at async wsCallback (/home/ubuntu/ARB-BOT/src/bot.js:297:44)
[2026-04-10 20:14:25] [INFO] 
SIGINT received — shutting down...
[2026-04-10 20:14:25] [INFO] 📊 STATS | Slots: 57 | Detected: 18 | Attempted: 18 | Sent: 0 | Success: 0 | Profit: ~$0.00
[2026-04-10 20:14:25] [INFO] [PoolWatcher] All subscriptions removed
[2026-04-10 20:18:58] [INFO] ════════════════════════════════════════════════════════════
[2026-04-10 20:18:58] [INFO]   🤖 SOLANA FLASHLOAN ARB BOT — STARTING
[2026-04-10 20:18:58] [INFO] ════════════════════════════════════════════════════════════
[2026-04-10 20:18:58] [INFO] ✅ Discord alerts enabled
[2026-04-10 20:18:58] [INFO] ✅ Discord tx-log channel enabled
[2026-04-10 20:18:58] [INFO] ✅ Connected to primary RPC (mainnet.helius-rpc.com)
[2026-04-10 20:18:58] [INFO] [Price] Seeded SOL/USD = $85.48
[2026-04-10 20:18:58] [INFO] Wallet:          ESzi3jyKV4EWi1TC36nRwLiHHDVTmzn9iCFTotToyhC3
[2026-04-10 20:18:58] [INFO] SOL Balance:     0.1823 SOL
[2026-04-10 20:18:58] [INFO] [Scanner] Loaded 5 pairs from pairs.json
[2026-04-10 20:18:58] [INFO] [Executor] Initializing MarginFi flashloan client...
[2026-04-10 20:18:58] [INFO] [Executor] 429 circuit breaker installed on MarginFi connection
[2026-04-10 20:18:59] [INFO] [Executor] MarginFi loaded. Banks: 1
[2026-04-10 20:18:59] [INFO] [Executor] Loaded saved MarginFi account: 9H89EXD35fcEHV5Sj3c1662GWZzLrPZ89zm2EMFyP9n8
[2026-04-10 20:18:59] [INFO] [Executor] MarginFi account: 9H89EXD35fcEHV5Sj3c1662GWZzLrPZ89zm2EMFyP9n8
[2026-04-10 20:18:59] [INFO] [Executor] ✅ Flash loan ready (all MarginFi accounts support flashloans)
[2026-04-10 20:18:59] [INFO] [Executor] MFI account overrides cached (group: 4qp6Fx6t...)
[2026-04-10 20:18:59] [INFO] [Executor] MFI instruction templates cached ✅
[2026-04-10 20:18:59] [INFO] [Executor] Initializing Kamino flashloan templates...
[2026-04-10 20:18:59] [INFO] [Executor] Kamino flashloan templates cached ✅ (wsolAta: DQwQCSZL...)
[2026-04-10 20:18:59] [INFO] [Executor] Blockhash cache started (refresh every 200ms) ✅
[2026-04-10 20:18:59] [INFO] 
[2026-04-10 20:18:59] [INFO] Active pairs (5):
[2026-04-10 20:18:59] [INFO]   1. SOL/USDT [anchor]
[2026-04-10 20:18:59] [INFO]   2. SOL/USDC
[2026-04-10 20:18:59] [INFO]   3. SOL/BONK
[2026-04-10 20:18:59] [INFO]   4. SOL/WIF
[2026-04-10 20:18:59] [INFO]   5. SOL/FARTCOIN
[2026-04-10 20:18:59] [INFO] 
[2026-04-10 20:18:59] [INFO] [Scheduler] Next update in 16 day(s) on 26/4/2026
[2026-04-10 20:18:59] [INFO] 
[2026-04-10 20:18:59] [INFO] Trigger:         WebSocket pool subscriptions (~50-100ms) + slot fallback every 62 slots
[2026-04-10 20:18:59] [INFO] Flashloan size:  1–100 SOL (dynamic)
[2026-04-10 20:18:59] [INFO] Min profit:      $0.05
[2026-04-10 20:18:59] [INFO] 
[2026-04-10 20:19:00] [INFO] [PoolWatcher] Fetching pool addresses (Orca + Raydium + Meteora)...
[2026-04-10 20:19:01] [INFO] [Price] ✅ Binance WS connected — SOL/USD updating in real-time
[2026-04-10 20:19:13] [INFO] [PoolWatcher] ✅ 43 subscriptions — Orca:30 | Raydium CLMM:5 | Raydium AMM:5 | Meteora:3
[2026-04-10 20:19:13] [INFO] [PoolWatcher]   SOL/USDT → 8 subs (Orca:6 Raydium CLMM:1 Raydium AMM:1)
[2026-04-10 20:19:13] [INFO] [PoolWatcher]   SOL/USDC → 8 subs (Orca:6 Raydium CLMM:1 Raydium AMM:1)
[2026-04-10 20:19:13] [INFO] [PoolWatcher]   SOL/BONK → 9 subs (Orca:6 Raydium CLMM:1 Raydium AMM:1 Meteora:1)
[2026-04-10 20:19:13] [INFO] [PoolWatcher]   SOL/WIF → 9 subs (Orca:6 Raydium CLMM:1 Raydium AMM:1 Meteora:1)
[2026-04-10 20:19:13] [INFO] [PoolWatcher]   SOL/FARTCOIN → 9 subs (Orca:6 Raydium CLMM:1 Raydium AMM:1 Meteora:1)
[2026-04-10 20:19:13] [INFO] [LocalPools] Registered 38 pools (Orca + Raydium CLMM + Meteora) for local math
[2026-04-10 20:19:13] [INFO] [LocalPools] Seeding pool cache with initial RPC data...
[2026-04-10 20:19:13] [INFO] [LocalPools] Seeded 33 pools in cache
[2026-04-10 20:19:13] [INFO] [Scheduler] Monthly pair updater scheduled ✅
[2026-04-10 20:19:13] [INFO] ✅ Bot is live. Press Ctrl+C to stop.

[2026-04-10 20:19:44] [INFO] [XDEX] SOL/BONK | spread: 0.0219% | fees: 0.0600% | PROFITABLE | hi: Orca (14128685.453236) 5zpyutJu9ee6jFymDGoK7F6S5Kczqtc9FomP3ueKuyA9 | lo: Raydium CLMM (14125586.414236) GtKKKs3yaPdHbQd2aZS4SfWhy8zQ988BJGnKNndLxYsN
[2026-04-10 20:19:44] [WARN] [LocalExec] ⚠️  computeSwap BYPASSED — pipeline test mode | gross local: -234.4332 USD
[2026-04-10 20:19:44] [INFO] 🎯 LOCAL EXEC — SOL/BONK | spread: 0.022% | loan: 40.0 SOL | profit: ~$-234.4332 | buy: Orca@5zpyutJu → sell: Raydium CLMM@GtKKKs3y
[2026-04-10 20:19:44] [INFO] [LocalExec] Jito tip: 50000 lamports (~$0.0043)
[2026-04-10 20:19:44] [INFO] [LocalExec] borrowIxIndex dynamically set to 2
[2026-04-10 20:19:44] [INFO] [DBG] innerIxs.length=10
[2026-04-10 20:19:44] [INFO] [DBG] ix[0] prog=11111111 keys=2 dataLen=12 hex=0200000050c3000000000000
[2026-04-10 20:19:44] [INFO] [DBG]   k[0] s=1 w=1 len=32 b58=ESzi3jyKV4EWi1TC36nRwLiHHDVTmzn9iCFTotToyhC3
[2026-04-10 20:19:44] [INFO] [DBG]   k[1] s=0 w=1 len=32 b58=ADaUMid9yfUytqMBgopwjb2DTLSokTSzL1zcaozNr7RD
[2026-04-10 20:19:44] [INFO] [DBG] ix[1] prog=ATokenGP keys=6 dataLen=1 hex=01
[2026-04-10 20:19:44] [INFO] [DBG]   k[0] s=1 w=1 len=32 b58=ESzi3jyKV4EWi1TC36nRwLiHHDVTmzn9iCFTotToyhC3
[2026-04-10 20:19:44] [INFO] [DBG]   k[1] s=0 w=1 len=32 b58=DQwQCSZL4Wm98FKdbVVw1Vq5txLcKNfxRBQrsy2MtcSa
[2026-04-10 20:19:44] [INFO] [DBG]   k[2] s=0 w=0 len=32 b58=ESzi3jyKV4EWi1TC36nRwLiHHDVTmzn9iCFTotToyhC3
[2026-04-10 20:19:44] [INFO] [DBG]   k[3] s=0 w=0 len=32 b58=So11111111111111111111111111111111111111112
[2026-04-10 20:19:44] [INFO] [DBG]   k[4] s=0 w=0 len=32 b58=11111111111111111111111111111111
[2026-04-10 20:19:44] [INFO] [DBG]   k[5] s=0 w=0 len=32 b58=TokenkegQfeZyiNwAJbNbGKPFXCWuBvf9Ss623VQ5DA
[2026-04-10 20:19:44] [INFO] [DBG] ix[2] prog=KLend2g3 keys=12 dataLen=16 hex=87e734a70734d4c100902f5009000000
[2026-04-10 20:19:44] [INFO] [DBG]   k[0] s=1 w=0 len=32 b58=ESzi3jyKV4EWi1TC36nRwLiHHDVTmzn9iCFTotToyhC3
[2026-04-10 20:19:44] [INFO] [DBG]   k[1] s=0 w=0 len=32 b58=9DrvZvyWh1HuAoZxvYWMvkf2XCzryCpGgHqrMjyDWpmo
[2026-04-10 20:19:44] [INFO] [DBG]   k[2] s=0 w=0 len=32 b58=7u3HeHxYDLhnCoErrtycNokbQYbWGzLs6JSDqGAv5PfF
[2026-04-10 20:19:44] [INFO] [DBG]   k[3] s=0 w=1 len=32 b58=d4A2prbA2whesmvHaL88BH6Ewn5N4bTSU2Ze8P6Bc4Q
[2026-04-10 20:19:44] [INFO] [DBG]   k[4] s=0 w=0 len=32 b58=So11111111111111111111111111111111111111112
[2026-04-10 20:19:44] [INFO] [DBG]   k[5] s=0 w=1 len=32 b58=GafNuUXj9rxGLn4y79dPu6MHSuPWeJR6UtTWuexpGh3U
[2026-04-10 20:19:44] [INFO] [DBG]   k[6] s=0 w=1 len=32 b58=DQwQCSZL4Wm98FKdbVVw1Vq5txLcKNfxRBQrsy2MtcSa
[2026-04-10 20:19:44] [INFO] [DBG]   k[7] s=0 w=1 len=32 b58=3JNof8s453bwG5UqiXBLJc77NRQXezYYEBbk3fqnoKph
[2026-04-10 20:19:44] [INFO] [DBG]   k[8] s=0 w=0 len=32 b58=KLend2g3cP87fffoy8q1mQqGKjrxjC8boSyAYavgmjD
[2026-04-10 20:19:44] [INFO] [DBG]   k[9] s=0 w=0 len=32 b58=KLend2g3cP87fffoy8q1mQqGKjrxjC8boSyAYavgmjD
[2026-04-10 20:19:44] [INFO] [DBG]   k[10] s=0 w=0 len=32 b58=Sysvar1nstructions1111111111111111111111111
[2026-04-10 20:19:44] [INFO] [DBG]   k[11] s=0 w=0 len=32 b58=TokenkegQfeZyiNwAJbNbGKPFXCWuBvf9Ss623VQ5DA
[2026-04-10 20:19:44] [INFO] [DBG] ix[3] prog=ComputeB keys=0 dataLen=5 hex=02c0270900
[2026-04-10 20:19:44] [INFO] [DBG] ix[4] prog=ComputeB keys=0 dataLen=9 hex=030100000000000000
[2026-04-10 20:19:44] [INFO] [DBG] ix[5] prog=ATokenGP keys=6 dataLen=1 hex=01
[2026-04-10 20:19:44] [INFO] [DBG]   k[0] s=1 w=1 len=32 b58=ESzi3jyKV4EWi1TC36nRwLiHHDVTmzn9iCFTotToyhC3
[2026-04-10 20:19:44] [INFO] [DBG]   k[1] s=0 w=1 len=32 b58=8ChvMvALunCZrZnbr3Jwf4S8kEKYAqcMGL2C53MFgK87
[2026-04-10 20:19:44] [INFO] [DBG]   k[2] s=0 w=0 len=32 b58=ESzi3jyKV4EWi1TC36nRwLiHHDVTmzn9iCFTotToyhC3
[2026-04-10 20:19:44] [INFO] [DBG]   k[3] s=0 w=0 len=32 b58=DezXAZ8z7PnrnRJjz3wXBoRgixCa6xjnB7YaB1pPB263
[2026-04-10 20:19:44] [INFO] [DBG]   k[4] s=0 w=0 len=32 b58=11111111111111111111111111111111
[2026-04-10 20:19:44] [INFO] [DBG]   k[5] s=0 w=0 len=32 b58=TokenkegQfeZyiNwAJbNbGKPFXCWuBvf9Ss623VQ5DA
[2026-04-10 20:19:44] [INFO] [DBG] ix[6] prog=whirLbMi keys=11 dataLen=42 hex=f8c69e91e17587c800902f5009000000f54e3da69f2d0000513b01000100000000000000000000000101
[2026-04-10 20:19:44] [INFO] [DBG]   k[0] s=0 w=0 len=32 b58=TokenkegQfeZyiNwAJbNbGKPFXCWuBvf9Ss623VQ5DA
[2026-04-10 20:19:44] [INFO] [DBG]   k[1] s=1 w=0 len=32 b58=ESzi3jyKV4EWi1TC36nRwLiHHDVTmzn9iCFTotToyhC3
[2026-04-10 20:19:44] [INFO] [DBG]   k[2] s=0 w=1 len=32 b58=5zpyutJu9ee6jFymDGoK7F6S5Kczqtc9FomP3ueKuyA9
[2026-04-10 20:19:44] [INFO] [DBG]   k[3] s=0 w=1 len=32 b58=DQwQCSZL4Wm98FKdbVVw1Vq5txLcKNfxRBQrsy2MtcSa
[2026-04-10 20:19:44] [INFO] [DBG]   k[4] s=0 w=1 len=32 b58=ES7yhSrYeFo4U1PfJHNRkbfCWxCwPLk2DjrEbmN8bg58
[2026-04-10 20:19:44] [INFO] [DBG]   k[5] s=0 w=1 len=32 b58=8ChvMvALunCZrZnbr3Jwf4S8kEKYAqcMGL2C53MFgK87
[2026-04-10 20:19:44] [INFO] [DBG]   k[6] s=0 w=1 len=32 b58=4dmvFGeQH2eqa3ktNHMgm4wZ8vuTukBiK9M7gxW5oR9F
[2026-04-10 20:19:44] [INFO] [DBG]   k[7] s=0 w=1 len=32 b58=EJRTQoUhFocFL4fRwrhERF6wBL4RTZQrKe6dDuwrnRei
[2026-04-10 20:19:44] [INFO] [DBG]   k[8] s=0 w=1 len=32 b58=DTjFaPV7fLHGUQ7XoS2HqW9kUL2F41hAdTu89Hhsonni
[2026-04-10 20:19:44] [INFO] [DBG]   k[9] s=0 w=1 len=32 b58=A7xxBQk2BAEX3ewQrtDA28Mbf722nDmPVtb2UNu9gwCU
[2026-04-10 20:19:44] [INFO] [DBG]   k[10] s=0 w=0 len=32 b58=EXpqcVuTTPEmyeVu2LHM75ha7FwmjJ88MnhSMRRdy5Sh
[2026-04-10 20:19:44] [INFO] [DBG] ix[7] prog=CAMMCzo5 keys=12 dataLen=41 hex=f8c69e91e17587c89f906063b132000000902f5009000000af331ba8327fbb35b1c4feff0000000001
[2026-04-10 20:19:44] [INFO] [DBG]   k[0] s=1 w=1 len=32 b58=ESzi3jyKV4EWi1TC36nRwLiHHDVTmzn9iCFTotToyhC3
[2026-04-10 20:19:44] [INFO] [DBG]   k[1] s=0 w=0 len=32 b58=E64NGkDLLCdQ2yFNPcavaKptrEgmiQaNykUuLC1Qgwyp
[2026-04-10 20:19:44] [INFO] [DBG]   k[2] s=0 w=1 len=32 b58=GtKKKs3yaPdHbQd2aZS4SfWhy8zQ988BJGnKNndLxYsN
[2026-04-10 20:19:44] [INFO] [DBG]   k[3] s=0 w=1 len=32 b58=8ChvMvALunCZrZnbr3Jwf4S8kEKYAqcMGL2C53MFgK87
[2026-04-10 20:19:44] [INFO] [DBG]   k[4] s=0 w=1 len=32 b58=DQwQCSZL4Wm98FKdbVVw1Vq5txLcKNfxRBQrsy2MtcSa
[2026-04-10 20:19:44] [INFO] [DBG]   k[5] s=0 w=1 len=32 b58=2wzaFLYb4JcDrVs8TfU3TfkVwq1Pdp3rRgWdNJzFGXud
[2026-04-10 20:19:44] [INFO] [DBG]   k[6] s=0 w=1 len=32 b58=GDnBvA76ZAJ2K3en2F1iExPZ6qz83Xjj5srXMmSKTYDW
[2026-04-10 20:19:44] [INFO] [DBG]   k[7] s=0 w=1 len=32 b58=Gj8gzDNKmf5y3p1LorKHTvMZ8eCLhbCDnhGiN5xVW8Jq
[2026-04-10 20:19:44] [INFO] [DBG]   k[8] s=0 w=0 len=32 b58=TokenkegQfeZyiNwAJbNbGKPFXCWuBvf9Ss623VQ5DA
[2026-04-10 20:19:44] [INFO] [DBG]   k[9] s=0 w=1 len=32 b58=FohQpHgvyJQHbYvrkyVXGuZpA2aaBXVBeHtEoxe5gzir
[2026-04-10 20:19:44] [INFO] [DBG]   k[10] s=0 w=1 len=32 b58=CiigF62vU9rt9jf4YRvEWsoZxd3SCxVLXM13SC5C6832
[2026-04-10 20:19:44] [INFO] [DBG]   k[11] s=0 w=1 len=32 b58=AUMHvL8Gx6vBRsiSVxXqz76jriK7xzwX31PzuX4bgep
[2026-04-10 20:19:44] [INFO] [DBG] ix[8] prog=KLend2g3 keys=12 dataLen=17 hex=b97500cb60f5b4ba00902f500900000002
[2026-04-10 20:19:44] [INFO] [DBG]   k[0] s=1 w=0 len=32 b58=ESzi3jyKV4EWi1TC36nRwLiHHDVTmzn9iCFTotToyhC3
[2026-04-10 20:19:44] [INFO] [DBG]   k[1] s=0 w=0 len=32 b58=9DrvZvyWh1HuAoZxvYWMvkf2XCzryCpGgHqrMjyDWpmo
[2026-04-10 20:19:44] [INFO] [DBG]   k[2] s=0 w=0 len=32 b58=7u3HeHxYDLhnCoErrtycNokbQYbWGzLs6JSDqGAv5PfF
[2026-04-10 20:19:44] [INFO] [DBG]   k[3] s=0 w=1 len=32 b58=d4A2prbA2whesmvHaL88BH6Ewn5N4bTSU2Ze8P6Bc4Q
[2026-04-10 20:19:44] [INFO] [DBG]   k[4] s=0 w=0 len=32 b58=So11111111111111111111111111111111111111112
[2026-04-10 20:19:44] [INFO] [DBG]   k[5] s=0 w=1 len=32 b58=GafNuUXj9rxGLn4y79dPu6MHSuPWeJR6UtTWuexpGh3U
[2026-04-10 20:19:44] [INFO] [DBG]   k[6] s=0 w=1 len=32 b58=DQwQCSZL4Wm98FKdbVVw1Vq5txLcKNfxRBQrsy2MtcSa
[2026-04-10 20:19:44] [INFO] [DBG]   k[7] s=0 w=1 len=32 b58=3JNof8s453bwG5UqiXBLJc77NRQXezYYEBbk3fqnoKph
[2026-04-10 20:19:44] [INFO] [DBG]   k[8] s=0 w=0 len=32 b58=KLend2g3cP87fffoy8q1mQqGKjrxjC8boSyAYavgmjD
[2026-04-10 20:19:44] [INFO] [DBG]   k[9] s=0 w=0 len=32 b58=KLend2g3cP87fffoy8q1mQqGKjrxjC8boSyAYavgmjD
[2026-04-10 20:19:44] [INFO] [DBG]   k[10] s=0 w=0 len=32 b58=Sysvar1nstructions1111111111111111111111111
[2026-04-10 20:19:44] [INFO] [DBG]   k[11] s=0 w=0 len=32 b58=TokenkegQfeZyiNwAJbNbGKPFXCWuBvf9Ss623VQ5DA
[2026-04-10 20:19:44] [INFO] [DBG] ix[9] prog=Tokenkeg keys=3 dataLen=1 hex=09
[2026-04-10 20:19:44] [INFO] [DBG]   k[0] s=0 w=1 len=32 b58=DQwQCSZL4Wm98FKdbVVw1Vq5txLcKNfxRBQrsy2MtcSa
[2026-04-10 20:19:44] [INFO] [DBG]   k[1] s=0 w=1 len=32 b58=ESzi3jyKV4EWi1TC36nRwLiHHDVTmzn9iCFTotToyhC3
[2026-04-10 20:19:44] [INFO] [DBG]   k[2] s=1 w=0 len=32 b58=ESzi3jyKV4EWi1TC36nRwLiHHDVTmzn9iCFTotToyhC3
[2026-04-10 20:19:44] [INFO] [LocalExec] Tx size: 907 bytes | 10 instructions
[2026-04-10 20:19:44] [INFO] [LocalExec] Jito accepted via frankfurt
[2026-04-10 20:19:44] [INFO] [LAT] gate=7ms build=246ms sign=57ms submit=61ms TOTAL=371ms
[2026-04-10 20:19:44] [INFO] [LocalExec] ✅ Tx submitted: 42P8VoSs3C959AFZZNXiRYy6TfGEdhesoVBnK3fk6oEJrHcMjDCyKsn6VW6tVyqtSQivdmbxKVnW6VSEJjDR66M1
[2026-04-10 20:19:44] [INFO] [LocalExec] Jito accepted via amsterdam
[2026-04-10 20:19:44] [INFO] [LocalExec] Jito accepted via mainnet
[2026-04-10 20:19:46] [INFO] [XDEX] SOL/BONK | spread: 0.0219% | fees: 0.0600% | PROFITABLE | hi: Orca (14128685.453236) 5zpyutJu9ee6jFymDGoK7F6S5Kczqtc9FomP3ueKuyA9 | lo: Raydium CLMM (14125586.414236) GtKKKs3yaPdHbQd2aZS4SfWhy8zQ988BJGnKNndLxYsN
[2026-04-10 20:19:46] [WARN] [LocalExec] ⚠️  computeSwap BYPASSED — pipeline test mode | gross local: -234.4607 USD
[2026-04-10 20:19:46] [INFO] 🎯 LOCAL EXEC — SOL/BONK | spread: 0.022% | loan: 40.0 SOL | profit: ~$-234.4607 | buy: Orca@5zpyutJu → sell: Raydium CLMM@GtKKKs3y
[2026-04-10 20:19:46] [INFO] [LocalExec] Jito tip: 50000 lamports (~$0.0043)
[2026-04-10 20:19:46] [INFO] [LocalExec] borrowIxIndex dynamically set to 2
[2026-04-10 20:19:46] [INFO] [DBG] innerIxs.length=10
[2026-04-10 20:19:46] [INFO] [DBG] ix[0] prog=11111111 keys=2 dataLen=12 hex=0200000050c3000000000000
[2026-04-10 20:19:46] [INFO] [DBG]   k[0] s=1 w=1 len=32 b58=ESzi3jyKV4EWi1TC36nRwLiHHDVTmzn9iCFTotToyhC3
[2026-04-10 20:19:46] [INFO] [DBG]   k[1] s=0 w=1 len=32 b58=ADuUkR4vqLUMWXxW9gh6D6L8pMSawimctcNZ5pGwDcEt
[2026-04-10 20:19:46] [INFO] [DBG] ix[1] prog=ATokenGP keys=6 dataLen=1 hex=01
[2026-04-10 20:19:46] [INFO] [DBG]   k[0] s=1 w=1 len=32 b58=ESzi3jyKV4EWi1TC36nRwLiHHDVTmzn9iCFTotToyhC3
[2026-04-10 20:19:46] [INFO] [DBG]   k[1] s=0 w=1 len=32 b58=DQwQCSZL4Wm98FKdbVVw1Vq5txLcKNfxRBQrsy2MtcSa
[2026-04-10 20:19:46] [INFO] [DBG]   k[2] s=0 w=0 len=32 b58=ESzi3jyKV4EWi1TC36nRwLiHHDVTmzn9iCFTotToyhC3
[2026-04-10 20:19:46] [INFO] [DBG]   k[3] s=0 w=0 len=32 b58=So11111111111111111111111111111111111111112
[2026-04-10 20:19:46] [INFO] [DBG]   k[4] s=0 w=0 len=32 b58=11111111111111111111111111111111
[2026-04-10 20:19:46] [INFO] [DBG]   k[5] s=0 w=0 len=32 b58=TokenkegQfeZyiNwAJbNbGKPFXCWuBvf9Ss623VQ5DA
[2026-04-10 20:19:46] [INFO] [DBG] ix[2] prog=KLend2g3 keys=12 dataLen=16 hex=87e734a70734d4c100902f5009000000
[2026-04-10 20:19:46] [INFO] [DBG]   k[0] s=1 w=0 len=32 b58=ESzi3jyKV4EWi1TC36nRwLiHHDVTmzn9iCFTotToyhC3
[2026-04-10 20:19:46] [INFO] [DBG]   k[1] s=0 w=0 len=32 b58=9DrvZvyWh1HuAoZxvYWMvkf2XCzryCpGgHqrMjyDWpmo
[2026-04-10 20:19:46] [INFO] [DBG]   k[2] s=0 w=0 len=32 b58=7u3HeHxYDLhnCoErrtycNokbQYbWGzLs6JSDqGAv5PfF
[2026-04-10 20:19:46] [INFO] [DBG]   k[3] s=0 w=1 len=32 b58=d4A2prbA2whesmvHaL88BH6Ewn5N4bTSU2Ze8P6Bc4Q
[2026-04-10 20:19:46] [INFO] [DBG]   k[4] s=0 w=0 len=32 b58=So11111111111111111111111111111111111111112
[2026-04-10 20:19:46] [INFO] [DBG]   k[5] s=0 w=1 len=32 b58=GafNuUXj9rxGLn4y79dPu6MHSuPWeJR6UtTWuexpGh3U
[2026-04-10 20:19:46] [INFO] [DBG]   k[6] s=0 w=1 len=32 b58=DQwQCSZL4Wm98FKdbVVw1Vq5txLcKNfxRBQrsy2MtcSa
[2026-04-10 20:19:46] [INFO] [DBG]   k[7] s=0 w=1 len=32 b58=3JNof8s453bwG5UqiXBLJc77NRQXezYYEBbk3fqnoKph
[2026-04-10 20:19:46] [INFO] [DBG]   k[8] s=0 w=0 len=32 b58=KLend2g3cP87fffoy8q1mQqGKjrxjC8boSyAYavgmjD
[2026-04-10 20:19:46] [INFO] [DBG]   k[9] s=0 w=0 len=32 b58=KLend2g3cP87fffoy8q1mQqGKjrxjC8boSyAYavgmjD
[2026-04-10 20:19:46] [INFO] [DBG]   k[10] s=0 w=0 len=32 b58=Sysvar1nstructions1111111111111111111111111
[2026-04-10 20:19:46] [INFO] [DBG]   k[11] s=0 w=0 len=32 b58=TokenkegQfeZyiNwAJbNbGKPFXCWuBvf9Ss623VQ5DA
[2026-04-10 20:19:46] [INFO] [DBG] ix[3] prog=ComputeB keys=0 dataLen=5 hex=02c0270900
[2026-04-10 20:19:46] [INFO] [DBG] ix[4] prog=ComputeB keys=0 dataLen=9 hex=030100000000000000
[2026-04-10 20:19:46] [INFO] [DBG] ix[5] prog=ATokenGP keys=6 dataLen=1 hex=01
[2026-04-10 20:19:46] [INFO] [DBG]   k[0] s=1 w=1 len=32 b58=ESzi3jyKV4EWi1TC36nRwLiHHDVTmzn9iCFTotToyhC3
[2026-04-10 20:19:46] [INFO] [DBG]   k[1] s=0 w=1 len=32 b58=8ChvMvALunCZrZnbr3Jwf4S8kEKYAqcMGL2C53MFgK87
[2026-04-10 20:19:46] [INFO] [DBG]   k[2] s=0 w=0 len=32 b58=ESzi3jyKV4EWi1TC36nRwLiHHDVTmzn9iCFTotToyhC3
[2026-04-10 20:19:46] [INFO] [DBG]   k[3] s=0 w=0 len=32 b58=DezXAZ8z7PnrnRJjz3wXBoRgixCa6xjnB7YaB1pPB263
[2026-04-10 20:19:46] [INFO] [DBG]   k[4] s=0 w=0 len=32 b58=11111111111111111111111111111111
[2026-04-10 20:19:46] [INFO] [DBG]   k[5] s=0 w=0 len=32 b58=TokenkegQfeZyiNwAJbNbGKPFXCWuBvf9Ss623VQ5DA
[2026-04-10 20:19:46] [INFO] [DBG] ix[6] prog=whirLbMi keys=11 dataLen=42 hex=f8c69e91e17587c800902f5009000000f54e3da69f2d0000513b01000100000000000000000000000101
[2026-04-10 20:19:46] [INFO] [DBG]   k[0] s=0 w=0 len=32 b58=TokenkegQfeZyiNwAJbNbGKPFXCWuBvf9Ss623VQ5DA
[2026-04-10 20:19:46] [INFO] [DBG]   k[1] s=1 w=0 len=32 b58=ESzi3jyKV4EWi1TC36nRwLiHHDVTmzn9iCFTotToyhC3
[2026-04-10 20:19:46] [INFO] [DBG]   k[2] s=0 w=1 len=32 b58=5zpyutJu9ee6jFymDGoK7F6S5Kczqtc9FomP3ueKuyA9
[2026-04-10 20:19:46] [INFO] [DBG]   k[3] s=0 w=1 len=32 b58=DQwQCSZL4Wm98FKdbVVw1Vq5txLcKNfxRBQrsy2MtcSa
[2026-04-10 20:19:46] [INFO] [DBG]   k[4] s=0 w=1 len=32 b58=ES7yhSrYeFo4U1PfJHNRkbfCWxCwPLk2DjrEbmN8bg58
[2026-04-10 20:19:46] [INFO] [DBG]   k[5] s=0 w=1 len=32 b58=8ChvMvALunCZrZnbr3Jwf4S8kEKYAqcMGL2C53MFgK87
[2026-04-10 20:19:46] [INFO] [DBG]   k[6] s=0 w=1 len=32 b58=4dmvFGeQH2eqa3ktNHMgm4wZ8vuTukBiK9M7gxW5oR9F
[2026-04-10 20:19:46] [INFO] [DBG]   k[7] s=0 w=1 len=32 b58=EJRTQoUhFocFL4fRwrhERF6wBL4RTZQrKe6dDuwrnRei
[2026-04-10 20:19:46] [INFO] [DBG]   k[8] s=0 w=1 len=32 b58=DTjFaPV7fLHGUQ7XoS2HqW9kUL2F41hAdTu89Hhsonni
[2026-04-10 20:19:46] [INFO] [DBG]   k[9] s=0 w=1 len=32 b58=A7xxBQk2BAEX3ewQrtDA28Mbf722nDmPVtb2UNu9gwCU
[2026-04-10 20:19:46] [INFO] [DBG]   k[10] s=0 w=0 len=32 b58=EXpqcVuTTPEmyeVu2LHM75ha7FwmjJ88MnhSMRRdy5Sh
[2026-04-10 20:19:46] [INFO] [DBG] ix[7] prog=CAMMCzo5 keys=12 dataLen=41 hex=f8c69e91e17587c89f906063b132000000902f5009000000af331ba8327fbb35b1c4feff0000000001
[2026-04-10 20:19:46] [INFO] [DBG]   k[0] s=1 w=1 len=32 b58=ESzi3jyKV4EWi1TC36nRwLiHHDVTmzn9iCFTotToyhC3
[2026-04-10 20:19:46] [INFO] [DBG]   k[1] s=0 w=0 len=32 b58=E64NGkDLLCdQ2yFNPcavaKptrEgmiQaNykUuLC1Qgwyp
[2026-04-10 20:19:46] [INFO] [DBG]   k[2] s=0 w=1 len=32 b58=GtKKKs3yaPdHbQd2aZS4SfWhy8zQ988BJGnKNndLxYsN
[2026-04-10 20:19:46] [INFO] [DBG]   k[3] s=0 w=1 len=32 b58=8ChvMvALunCZrZnbr3Jwf4S8kEKYAqcMGL2C53MFgK87
[2026-04-10 20:19:46] [INFO] [DBG]   k[4] s=0 w=1 len=32 b58=DQwQCSZL4Wm98FKdbVVw1Vq5txLcKNfxRBQrsy2MtcSa
[2026-04-10 20:19:46] [INFO] [DBG]   k[5] s=0 w=1 len=32 b58=2wzaFLYb4JcDrVs8TfU3TfkVwq1Pdp3rRgWdNJzFGXud
[2026-04-10 20:19:46] [INFO] [DBG]   k[6] s=0 w=1 len=32 b58=GDnBvA76ZAJ2K3en2F1iExPZ6qz83Xjj5srXMmSKTYDW
[2026-04-10 20:19:46] [INFO] [DBG]   k[7] s=0 w=1 len=32 b58=Gj8gzDNKmf5y3p1LorKHTvMZ8eCLhbCDnhGiN5xVW8Jq
[2026-04-10 20:19:46] [INFO] [DBG]   k[8] s=0 w=0 len=32 b58=TokenkegQfeZyiNwAJbNbGKPFXCWuBvf9Ss623VQ5DA
[2026-04-10 20:19:46] [INFO] [DBG]   k[9] s=0 w=1 len=32 b58=FohQpHgvyJQHbYvrkyVXGuZpA2aaBXVBeHtEoxe5gzir
[2026-04-10 20:19:46] [INFO] [DBG]   k[10] s=0 w=1 len=32 b58=CiigF62vU9rt9jf4YRvEWsoZxd3SCxVLXM13SC5C6832
[2026-04-10 20:19:46] [INFO] [DBG]   k[11] s=0 w=1 len=32 b58=AUMHvL8Gx6vBRsiSVxXqz76jriK7xzwX31PzuX4bgep
[2026-04-10 20:19:46] [INFO] [DBG] ix[8] prog=KLend2g3 keys=12 dataLen=17 hex=b97500cb60f5b4ba00902f500900000002
[2026-04-10 20:19:46] [INFO] [DBG]   k[0] s=1 w=0 len=32 b58=ESzi3jyKV4EWi1TC36nRwLiHHDVTmzn9iCFTotToyhC3
[2026-04-10 20:19:46] [INFO] [DBG]   k[1] s=0 w=0 len=32 b58=9DrvZvyWh1HuAoZxvYWMvkf2XCzryCpGgHqrMjyDWpmo
[2026-04-10 20:19:46] [INFO] [DBG]   k[2] s=0 w=0 len=32 b58=7u3HeHxYDLhnCoErrtycNokbQYbWGzLs6JSDqGAv5PfF
[2026-04-10 20:19:46] [INFO] [DBG]   k[3] s=0 w=1 len=32 b58=d4A2prbA2whesmvHaL88BH6Ewn5N4bTSU2Ze8P6Bc4Q
[2026-04-10 20:19:46] [INFO] [DBG]   k[4] s=0 w=0 len=32 b58=So11111111111111111111111111111111111111112
[2026-04-10 20:19:46] [INFO] [DBG]   k[5] s=0 w=1 len=32 b58=GafNuUXj9rxGLn4y79dPu6MHSuPWeJR6UtTWuexpGh3U
[2026-04-10 20:19:46] [INFO] [DBG]   k[6] s=0 w=1 len=32 b58=DQwQCSZL4Wm98FKdbVVw1Vq5txLcKNfxRBQrsy2MtcSa
[2026-04-10 20:19:46] [INFO] [DBG]   k[7] s=0 w=1 len=32 b58=3JNof8s453bwG5UqiXBLJc77NRQXezYYEBbk3fqnoKph
[2026-04-10 20:19:46] [INFO] [DBG]   k[8] s=0 w=0 len=32 b58=KLend2g3cP87fffoy8q1mQqGKjrxjC8boSyAYavgmjD
[2026-04-10 20:19:46] [INFO] [DBG]   k[9] s=0 w=0 len=32 b58=KLend2g3cP87fffoy8q1mQqGKjrxjC8boSyAYavgmjD
[2026-04-10 20:19:46] [INFO] [DBG]   k[10] s=0 w=0 len=32 b58=Sysvar1nstructions1111111111111111111111111
[2026-04-10 20:19:46] [INFO] [DBG]   k[11] s=0 w=0 len=32 b58=TokenkegQfeZyiNwAJbNbGKPFXCWuBvf9Ss623VQ5DA
[2026-04-10 20:19:46] [INFO] [DBG] ix[9] prog=Tokenkeg keys=3 dataLen=1 hex=09
[2026-04-10 20:19:46] [INFO] [DBG]   k[0] s=0 w=1 len=32 b58=DQwQCSZL4Wm98FKdbVVw1Vq5txLcKNfxRBQrsy2MtcSa
[2026-04-10 20:19:46] [INFO] [DBG]   k[1] s=0 w=1 len=32 b58=ESzi3jyKV4EWi1TC36nRwLiHHDVTmzn9iCFTotToyhC3
[2026-04-10 20:19:46] [INFO] [DBG]   k[2] s=1 w=0 len=32 b58=ESzi3jyKV4EWi1TC36nRwLiHHDVTmzn9iCFTotToyhC3
[2026-04-10 20:19:46] [INFO] [LocalExec] Tx size: 907 bytes | 10 instructions
[2026-04-10 20:19:46] [INFO] [LocalExec] Jito accepted via frankfurt
[2026-04-10 20:19:46] [INFO] [LAT] gate=0ms build=162ms sign=15ms submit=22ms TOTAL=199ms
[2026-04-10 20:19:46] [INFO] [LocalExec] ✅ Tx submitted: 5tyfk2kAXZVZkNoHJ9N23H4dNe5Cu1QNDH4Ft8Da4g84MVAqT2T6NwyHzAPVkMtUW4LaCvhRjKLcdPE62ZHaYVCp
[2026-04-10 20:19:46] [INFO] [LocalExec] Jito accepted via amsterdam
[2026-04-10 20:19:46] [INFO] [LocalExec] Jito accepted via mainnet
[2026-04-10 20:19:52] [INFO] [XDEX] SOL/BONK | spread: 0.0219% | fees: 0.0600% | PROFITABLE | hi: Orca (14128685.453236) 5zpyutJu9ee6jFymDGoK7F6S5Kczqtc9FomP3ueKuyA9 | lo: Raydium CLMM (14125586.414236) GtKKKs3yaPdHbQd2aZS4SfWhy8zQ988BJGnKNndLxYsN
[2026-04-10 20:19:52] [WARN] [LocalExec] ⚠️  computeSwap BYPASSED — pipeline test mode | gross local: -234.4881 USD
[2026-04-10 20:19:52] [INFO] 🎯 LOCAL EXEC — SOL/BONK | spread: 0.022% | loan: 40.0 SOL | profit: ~$-234.4881 | buy: Orca@5zpyutJu → sell: Raydium CLMM@GtKKKs3y
[2026-04-10 20:19:52] [INFO] [LocalExec] Jito tip: 50000 lamports (~$0.0043)
[2026-04-10 20:19:52] [INFO] [LocalExec] borrowIxIndex dynamically set to 2
[2026-04-10 20:19:52] [INFO] [DBG] innerIxs.length=10
[2026-04-10 20:19:52] [INFO] [DBG] ix[0] prog=11111111 keys=2 dataLen=12 hex=0200000050c3000000000000
[2026-04-10 20:19:52] [INFO] [DBG]   k[0] s=1 w=1 len=32 b58=ESzi3jyKV4EWi1TC36nRwLiHHDVTmzn9iCFTotToyhC3
[2026-04-10 20:19:52] [INFO] [DBG]   k[1] s=0 w=1 len=32 b58=ADaUMid9yfUytqMBgopwjb2DTLSokTSzL1zcaozNr7RD
[2026-04-10 20:19:52] [INFO] [DBG] ix[1] prog=ATokenGP keys=6 dataLen=1 hex=01
[2026-04-10 20:19:52] [INFO] [DBG]   k[0] s=1 w=1 len=32 b58=ESzi3jyKV4EWi1TC36nRwLiHHDVTmzn9iCFTotToyhC3
[2026-04-10 20:19:52] [INFO] [DBG]   k[1] s=0 w=1 len=32 b58=DQwQCSZL4Wm98FKdbVVw1Vq5txLcKNfxRBQrsy2MtcSa
[2026-04-10 20:19:52] [INFO] [DBG]   k[2] s=0 w=0 len=32 b58=ESzi3jyKV4EWi1TC36nRwLiHHDVTmzn9iCFTotToyhC3
[2026-04-10 20:19:52] [INFO] [DBG]   k[3] s=0 w=0 len=32 b58=So11111111111111111111111111111111111111112
[2026-04-10 20:19:52] [INFO] [DBG]   k[4] s=0 w=0 len=32 b58=11111111111111111111111111111111
[2026-04-10 20:19:52] [INFO] [DBG]   k[5] s=0 w=0 len=32 b58=TokenkegQfeZyiNwAJbNbGKPFXCWuBvf9Ss623VQ5DA
[2026-04-10 20:19:52] [INFO] [DBG] ix[2] prog=KLend2g3 keys=12 dataLen=16 hex=87e734a70734d4c100902f5009000000
[2026-04-10 20:19:52] [INFO] [DBG]   k[0] s=1 w=0 len=32 b58=ESzi3jyKV4EWi1TC36nRwLiHHDVTmzn9iCFTotToyhC3
[2026-04-10 20:19:52] [INFO] [DBG]   k[1] s=0 w=0 len=32 b58=9DrvZvyWh1HuAoZxvYWMvkf2XCzryCpGgHqrMjyDWpmo
[2026-04-10 20:19:52] [INFO] [DBG]   k[2] s=0 w=0 len=32 b58=7u3HeHxYDLhnCoErrtycNokbQYbWGzLs6JSDqGAv5PfF
[2026-04-10 20:19:52] [INFO] [DBG]   k[3] s=0 w=1 len=32 b58=d4A2prbA2whesmvHaL88BH6Ewn5N4bTSU2Ze8P6Bc4Q
[2026-04-10 20:19:52] [INFO] [DBG]   k[4] s=0 w=0 len=32 b58=So11111111111111111111111111111111111111112
[2026-04-10 20:19:52] [INFO] [DBG]   k[5] s=0 w=1 len=32 b58=GafNuUXj9rxGLn4y79dPu6MHSuPWeJR6UtTWuexpGh3U
[2026-04-10 20:19:52] [INFO] [DBG]   k[6] s=0 w=1 len=32 b58=DQwQCSZL4Wm98FKdbVVw1Vq5txLcKNfxRBQrsy2MtcSa
[2026-04-10 20:19:52] [INFO] [DBG]   k[7] s=0 w=1 len=32 b58=3JNof8s453bwG5UqiXBLJc77NRQXezYYEBbk3fqnoKph
[2026-04-10 20:19:52] [INFO] [DBG]   k[8] s=0 w=0 len=32 b58=KLend2g3cP87fffoy8q1mQqGKjrxjC8boSyAYavgmjD
[2026-04-10 20:19:52] [INFO] [DBG]   k[9] s=0 w=0 len=32 b58=KLend2g3cP87fffoy8q1mQqGKjrxjC8boSyAYavgmjD
[2026-04-10 20:19:52] [INFO] [DBG]   k[10] s=0 w=0 len=32 b58=Sysvar1nstructions1111111111111111111111111
[2026-04-10 20:19:52] [INFO] [DBG]   k[11] s=0 w=0 len=32 b58=TokenkegQfeZyiNwAJbNbGKPFXCWuBvf9Ss623VQ5DA
[2026-04-10 20:19:52] [INFO] [DBG] ix[3] prog=ComputeB keys=0 dataLen=5 hex=02c0270900
[2026-04-10 20:19:52] [INFO] [DBG] ix[4] prog=ComputeB keys=0 dataLen=9 hex=030100000000000000
[2026-04-10 20:19:52] [INFO] [DBG] ix[5] prog=ATokenGP keys=6 dataLen=1 hex=01
[2026-04-10 20:19:52] [INFO] [DBG]   k[0] s=1 w=1 len=32 b58=ESzi3jyKV4EWi1TC36nRwLiHHDVTmzn9iCFTotToyhC3
[2026-04-10 20:19:52] [INFO] [DBG]   k[1] s=0 w=1 len=32 b58=8ChvMvALunCZrZnbr3Jwf4S8kEKYAqcMGL2C53MFgK87
[2026-04-10 20:19:52] [INFO] [DBG]   k[2] s=0 w=0 len=32 b58=ESzi3jyKV4EWi1TC36nRwLiHHDVTmzn9iCFTotToyhC3
[2026-04-10 20:19:52] [INFO] [DBG]   k[3] s=0 w=0 len=32 b58=DezXAZ8z7PnrnRJjz3wXBoRgixCa6xjnB7YaB1pPB263
[2026-04-10 20:19:52] [INFO] [DBG]   k[4] s=0 w=0 len=32 b58=11111111111111111111111111111111
[2026-04-10 20:19:52] [INFO] [DBG]   k[5] s=0 w=0 len=32 b58=TokenkegQfeZyiNwAJbNbGKPFXCWuBvf9Ss623VQ5DA
[2026-04-10 20:19:52] [INFO] [DBG] ix[6] prog=whirLbMi keys=11 dataLen=42 hex=f8c69e91e17587c800902f5009000000f54e3da69f2d0000513b01000100000000000000000000000101
[2026-04-10 20:19:52] [INFO] [DBG]   k[0] s=0 w=0 len=32 b58=TokenkegQfeZyiNwAJbNbGKPFXCWuBvf9Ss623VQ5DA
[2026-04-10 20:19:52] [INFO] [DBG]   k[1] s=1 w=0 len=32 b58=ESzi3jyKV4EWi1TC36nRwLiHHDVTmzn9iCFTotToyhC3
[2026-04-10 20:19:52] [INFO] [DBG]   k[2] s=0 w=1 len=32 b58=5zpyutJu9ee6jFymDGoK7F6S5Kczqtc9FomP3ueKuyA9
[2026-04-10 20:19:52] [INFO] [DBG]   k[3] s=0 w=1 len=32 b58=DQwQCSZL4Wm98FKdbVVw1Vq5txLcKNfxRBQrsy2MtcSa
[2026-04-10 20:19:52] [INFO] [DBG]   k[4] s=0 w=1 len=32 b58=ES7yhSrYeFo4U1PfJHNRkbfCWxCwPLk2DjrEbmN8bg58
[2026-04-10 20:19:52] [INFO] [DBG]   k[5] s=0 w=1 len=32 b58=8ChvMvALunCZrZnbr3Jwf4S8kEKYAqcMGL2C53MFgK87
[2026-04-10 20:19:52] [INFO] [DBG]   k[6] s=0 w=1 len=32 b58=4dmvFGeQH2eqa3ktNHMgm4wZ8vuTukBiK9M7gxW5oR9F
[2026-04-10 20:19:52] [INFO] [DBG]   k[7] s=0 w=1 len=32 b58=EJRTQoUhFocFL4fRwrhERF6wBL4RTZQrKe6dDuwrnRei
[2026-04-10 20:19:52] [INFO] [DBG]   k[8] s=0 w=1 len=32 b58=DTjFaPV7fLHGUQ7XoS2HqW9kUL2F41hAdTu89Hhsonni
[2026-04-10 20:19:52] [INFO] [DBG]   k[9] s=0 w=1 len=32 b58=A7xxBQk2BAEX3ewQrtDA28Mbf722nDmPVtb2UNu9gwCU
[2026-04-10 20:19:52] [INFO] [DBG]   k[10] s=0 w=0 len=32 b58=EXpqcVuTTPEmyeVu2LHM75ha7FwmjJ88MnhSMRRdy5Sh
[2026-04-10 20:19:52] [INFO] [DBG] ix[7] prog=CAMMCzo5 keys=12 dataLen=41 hex=f8c69e91e17587c89f906063b132000000902f5009000000af331ba8327fbb35b1c4feff0000000001
[2026-04-10 20:19:52] [INFO] [DBG]   k[0] s=1 w=1 len=32 b58=ESzi3jyKV4EWi1TC36nRwLiHHDVTmzn9iCFTotToyhC3
[2026-04-10 20:19:52] [INFO] [DBG]   k[1] s=0 w=0 len=32 b58=E64NGkDLLCdQ2yFNPcavaKptrEgmiQaNykUuLC1Qgwyp
[2026-04-10 20:19:52] [INFO] [DBG]   k[2] s=0 w=1 len=32 b58=GtKKKs3yaPdHbQd2aZS4SfWhy8zQ988BJGnKNndLxYsN
[2026-04-10 20:19:52] [INFO] [DBG]   k[3] s=0 w=1 len=32 b58=8ChvMvALunCZrZnbr3Jwf4S8kEKYAqcMGL2C53MFgK87
[2026-04-10 20:19:52] [INFO] [DBG]   k[4] s=0 w=1 len=32 b58=DQwQCSZL4Wm98FKdbVVw1Vq5txLcKNfxRBQrsy2MtcSa
[2026-04-10 20:19:52] [INFO] [DBG]   k[5] s=0 w=1 len=32 b58=2wzaFLYb4JcDrVs8TfU3TfkVwq1Pdp3rRgWdNJzFGXud
[2026-04-10 20:19:52] [INFO] [DBG]   k[6] s=0 w=1 len=32 b58=GDnBvA76ZAJ2K3en2F1iExPZ6qz83Xjj5srXMmSKTYDW
[2026-04-10 20:19:52] [INFO] [DBG]   k[7] s=0 w=1 len=32 b58=Gj8gzDNKmf5y3p1LorKHTvMZ8eCLhbCDnhGiN5xVW8Jq
[2026-04-10 20:19:52] [INFO] [DBG]   k[8] s=0 w=0 len=32 b58=TokenkegQfeZyiNwAJbNbGKPFXCWuBvf9Ss623VQ5DA
[2026-04-10 20:19:52] [INFO] [DBG]   k[9] s=0 w=1 len=32 b58=FohQpHgvyJQHbYvrkyVXGuZpA2aaBXVBeHtEoxe5gzir
[2026-04-10 20:19:52] [INFO] [DBG]   k[10] s=0 w=1 len=32 b58=CiigF62vU9rt9jf4YRvEWsoZxd3SCxVLXM13SC5C6832
[2026-04-10 20:19:52] [INFO] [DBG]   k[11] s=0 w=1 len=32 b58=AUMHvL8Gx6vBRsiSVxXqz76jriK7xzwX31PzuX4bgep
[2026-04-10 20:19:52] [INFO] [DBG] ix[8] prog=KLend2g3 keys=12 dataLen=17 hex=b97500cb60f5b4ba00902f500900000002
[2026-04-10 20:19:52] [INFO] [DBG]   k[0] s=1 w=0 len=32 b58=ESzi3jyKV4EWi1TC36nRwLiHHDVTmzn9iCFTotToyhC3
[2026-04-10 20:19:52] [INFO] [DBG]   k[1] s=0 w=0 len=32 b58=9DrvZvyWh1HuAoZxvYWMvkf2XCzryCpGgHqrMjyDWpmo
[2026-04-10 20:19:52] [INFO] [DBG]   k[2] s=0 w=0 len=32 b58=7u3HeHxYDLhnCoErrtycNokbQYbWGzLs6JSDqGAv5PfF
[2026-04-10 20:19:52] [INFO] [DBG]   k[3] s=0 w=1 len=32 b58=d4A2prbA2whesmvHaL88BH6Ewn5N4bTSU2Ze8P6Bc4Q
[2026-04-10 20:19:52] [INFO] [DBG]   k[4] s=0 w=0 len=32 b58=So11111111111111111111111111111111111111112
[2026-04-10 20:19:52] [INFO] [DBG]   k[5] s=0 w=1 len=32 b58=GafNuUXj9rxGLn4y79dPu6MHSuPWeJR6UtTWuexpGh3U
[2026-04-10 20:19:52] [INFO] [DBG]   k[6] s=0 w=1 len=32 b58=DQwQCSZL4Wm98FKdbVVw1Vq5txLcKNfxRBQrsy2MtcSa
[2026-04-10 20:19:52] [INFO] [DBG]   k[7] s=0 w=1 len=32 b58=3JNof8s453bwG5UqiXBLJc77NRQXezYYEBbk3fqnoKph
[2026-04-10 20:19:52] [INFO] [DBG]   k[8] s=0 w=0 len=32 b58=KLend2g3cP87fffoy8q1mQqGKjrxjC8boSyAYavgmjD
[2026-04-10 20:19:52] [INFO] [DBG]   k[9] s=0 w=0 len=32 b58=KLend2g3cP87fffoy8q1mQqGKjrxjC8boSyAYavgmjD
[2026-04-10 20:19:52] [INFO] [DBG]   k[10] s=0 w=0 len=32 b58=Sysvar1nstructions1111111111111111111111111
[2026-04-10 20:19:52] [INFO] [DBG]   k[11] s=0 w=0 len=32 b58=TokenkegQfeZyiNwAJbNbGKPFXCWuBvf9Ss623VQ5DA
[2026-04-10 20:19:52] [INFO] [DBG] ix[9] prog=Tokenkeg keys=3 dataLen=1 hex=09
[2026-04-10 20:19:52] [INFO] [DBG]   k[0] s=0 w=1 len=32 b58=DQwQCSZL4Wm98FKdbVVw1Vq5txLcKNfxRBQrsy2MtcSa
[2026-04-10 20:19:52] [INFO] [DBG]   k[1] s=0 w=1 len=32 b58=ESzi3jyKV4EWi1TC36nRwLiHHDVTmzn9iCFTotToyhC3
[2026-04-10 20:19:52] [INFO] [DBG]   k[2] s=1 w=0 len=32 b58=ESzi3jyKV4EWi1TC36nRwLiHHDVTmzn9iCFTotToyhC3
[2026-04-10 20:19:52] [INFO] [LocalExec] Tx size: 907 bytes | 10 instructions
[2026-04-10 20:19:52] [INFO] [LocalExec] Jito accepted via frankfurt
[2026-04-10 20:19:52] [INFO] [LAT] gate=8ms build=155ms sign=33ms submit=81ms TOTAL=277ms
[2026-04-10 20:19:52] [INFO] [LocalExec] ✅ Tx submitted: 3v2aZMNkt421D1fUmwuigGBwYQ4jYoECZ6nHxGYX9TSfMQyLjXSiwJqpFPD5fEtJ1udu7Q3zVRuYFBcHThmVMztH
[2026-04-10 20:19:52] [INFO] [LocalExec] Jito accepted via amsterdam
[2026-04-10 20:19:52] [INFO] [LocalExec] Jito accepted via mainnet
[2026-04-10 20:19:53] [INFO] [XDEX] SOL/BONK | spread: 0.0219% | fees: 0.0600% | PROFITABLE | hi: Orca (14128685.453236) 5zpyutJu9ee6jFymDGoK7F6S5Kczqtc9FomP3ueKuyA9 | lo: Raydium CLMM (14125586.414236) GtKKKs3yaPdHbQd2aZS4SfWhy8zQ988BJGnKNndLxYsN
[2026-04-10 20:19:53] [WARN] [LocalExec] ⚠️  computeSwap BYPASSED — pipeline test mode | gross local: -234.4607 USD
[2026-04-10 20:19:53] [INFO] 🎯 LOCAL EXEC — SOL/BONK | spread: 0.022% | loan: 40.0 SOL | profit: ~$-234.4607 | buy: Orca@5zpyutJu → sell: Raydium CLMM@GtKKKs3y
[2026-04-10 20:19:53] [INFO] [LocalExec] Jito tip: 50000 lamports (~$0.0043)
[2026-04-10 20:19:53] [INFO] [LocalExec] borrowIxIndex dynamically set to 2
[2026-04-10 20:19:53] [INFO] [DBG] innerIxs.length=10
[2026-04-10 20:19:53] [INFO] [DBG] ix[0] prog=11111111 keys=2 dataLen=12 hex=0200000050c3000000000000
[2026-04-10 20:19:53] [INFO] [DBG]   k[0] s=1 w=1 len=32 b58=ESzi3jyKV4EWi1TC36nRwLiHHDVTmzn9iCFTotToyhC3
[2026-04-10 20:19:53] [INFO] [DBG]   k[1] s=0 w=1 len=32 b58=96gYZGLnJYVFmbjzopPSU6QiEV5fGqZNyN9nmNhvrZU5
[2026-04-10 20:19:53] [INFO] [DBG] ix[1] prog=ATokenGP keys=6 dataLen=1 hex=01
[2026-04-10 20:19:53] [INFO] [DBG]   k[0] s=1 w=1 len=32 b58=ESzi3jyKV4EWi1TC36nRwLiHHDVTmzn9iCFTotToyhC3
[2026-04-10 20:19:53] [INFO] [DBG]   k[1] s=0 w=1 len=32 b58=DQwQCSZL4Wm98FKdbVVw1Vq5txLcKNfxRBQrsy2MtcSa
[2026-04-10 20:19:53] [INFO] [DBG]   k[2] s=0 w=0 len=32 b58=ESzi3jyKV4EWi1TC36nRwLiHHDVTmzn9iCFTotToyhC3
[2026-04-10 20:19:53] [INFO] [DBG]   k[3] s=0 w=0 len=32 b58=So11111111111111111111111111111111111111112
[2026-04-10 20:19:53] [INFO] [DBG]   k[4] s=0 w=0 len=32 b58=11111111111111111111111111111111
[2026-04-10 20:19:53] [INFO] [DBG]   k[5] s=0 w=0 len=32 b58=TokenkegQfeZyiNwAJbNbGKPFXCWuBvf9Ss623VQ5DA
[2026-04-10 20:19:53] [INFO] [DBG] ix[2] prog=KLend2g3 keys=12 dataLen=16 hex=87e734a70734d4c100902f5009000000
[2026-04-10 20:19:53] [INFO] [DBG]   k[0] s=1 w=0 len=32 b58=ESzi3jyKV4EWi1TC36nRwLiHHDVTmzn9iCFTotToyhC3
[2026-04-10 20:19:53] [INFO] [DBG]   k[1] s=0 w=0 len=32 b58=9DrvZvyWh1HuAoZxvYWMvkf2XCzryCpGgHqrMjyDWpmo
[2026-04-10 20:19:53] [INFO] [DBG]   k[2] s=0 w=0 len=32 b58=7u3HeHxYDLhnCoErrtycNokbQYbWGzLs6JSDqGAv5PfF
[2026-04-10 20:19:53] [INFO] [DBG]   k[3] s=0 w=1 len=32 b58=d4A2prbA2whesmvHaL88BH6Ewn5N4bTSU2Ze8P6Bc4Q
[2026-04-10 20:19:53] [INFO] [DBG]   k[4] s=0 w=0 len=32 b58=So11111111111111111111111111111111111111112
[2026-04-10 20:19:53] [INFO] [DBG]   k[5] s=0 w=1 len=32 b58=GafNuUXj9rxGLn4y79dPu6MHSuPWeJR6UtTWuexpGh3U
[2026-04-10 20:19:53] [INFO] [DBG]   k[6] s=0 w=1 len=32 b58=DQwQCSZL4Wm98FKdbVVw1Vq5txLcKNfxRBQrsy2MtcSa
[2026-04-10 20:19:53] [INFO] [DBG]   k[7] s=0 w=1 len=32 b58=3JNof8s453bwG5UqiXBLJc77NRQXezYYEBbk3fqnoKph
[2026-04-10 20:19:53] [INFO] [DBG]   k[8] s=0 w=0 len=32 b58=KLend2g3cP87fffoy8q1mQqGKjrxjC8boSyAYavgmjD
[2026-04-10 20:19:53] [INFO] [DBG]   k[9] s=0 w=0 len=32 b58=KLend2g3cP87fffoy8q1mQqGKjrxjC8boSyAYavgmjD
[2026-04-10 20:19:53] [INFO] [DBG]   k[10] s=0 w=0 len=32 b58=Sysvar1nstructions1111111111111111111111111
[2026-04-10 20:19:53] [INFO] [DBG]   k[11] s=0 w=0 len=32 b58=TokenkegQfeZyiNwAJbNbGKPFXCWuBvf9Ss623VQ5DA
[2026-04-10 20:19:53] [INFO] [DBG] ix[3] prog=ComputeB keys=0 dataLen=5 hex=02c0270900
[2026-04-10 20:19:53] [INFO] [DBG] ix[4] prog=ComputeB keys=0 dataLen=9 hex=030100000000000000
[2026-04-10 20:19:53] [INFO] [DBG] ix[5] prog=ATokenGP keys=6 dataLen=1 hex=01
[2026-04-10 20:19:53] [INFO] [DBG]   k[0] s=1 w=1 len=32 b58=ESzi3jyKV4EWi1TC36nRwLiHHDVTmzn9iCFTotToyhC3
[2026-04-10 20:19:53] [INFO] [DBG]   k[1] s=0 w=1 len=32 b58=8ChvMvALunCZrZnbr3Jwf4S8kEKYAqcMGL2C53MFgK87
[2026-04-10 20:19:53] [INFO] [DBG]   k[2] s=0 w=0 len=32 b58=ESzi3jyKV4EWi1TC36nRwLiHHDVTmzn9iCFTotToyhC3
[2026-04-10 20:19:53] [INFO] [DBG]   k[3] s=0 w=0 len=32 b58=DezXAZ8z7PnrnRJjz3wXBoRgixCa6xjnB7YaB1pPB263
[2026-04-10 20:19:53] [INFO] [DBG]   k[4] s=0 w=0 len=32 b58=11111111111111111111111111111111
[2026-04-10 20:19:53] [INFO] [DBG]   k[5] s=0 w=0 len=32 b58=TokenkegQfeZyiNwAJbNbGKPFXCWuBvf9Ss623VQ5DA
[2026-04-10 20:19:53] [INFO] [DBG] ix[6] prog=whirLbMi keys=11 dataLen=42 hex=f8c69e91e17587c800902f5009000000f54e3da69f2d0000513b01000100000000000000000000000101
[2026-04-10 20:19:53] [INFO] [DBG]   k[0] s=0 w=0 len=32 b58=TokenkegQfeZyiNwAJbNbGKPFXCWuBvf9Ss623VQ5DA
[2026-04-10 20:19:53] [INFO] [DBG]   k[1] s=1 w=0 len=32 b58=ESzi3jyKV4EWi1TC36nRwLiHHDVTmzn9iCFTotToyhC3
[2026-04-10 20:19:53] [INFO] [DBG]   k[2] s=0 w=1 len=32 b58=5zpyutJu9ee6jFymDGoK7F6S5Kczqtc9FomP3ueKuyA9
[2026-04-10 20:19:53] [INFO] [DBG]   k[3] s=0 w=1 len=32 b58=DQwQCSZL4Wm98FKdbVVw1Vq5txLcKNfxRBQrsy2MtcSa
[2026-04-10 20:19:53] [INFO] [DBG]   k[4] s=0 w=1 len=32 b58=ES7yhSrYeFo4U1PfJHNRkbfCWxCwPLk2DjrEbmN8bg58
[2026-04-10 20:19:53] [INFO] [DBG]   k[5] s=0 w=1 len=32 b58=8ChvMvALunCZrZnbr3Jwf4S8kEKYAqcMGL2C53MFgK87
[2026-04-10 20:19:53] [INFO] [DBG]   k[6] s=0 w=1 len=32 b58=4dmvFGeQH2eqa3ktNHMgm4wZ8vuTukBiK9M7gxW5oR9F
[2026-04-10 20:19:53] [INFO] [DBG]   k[7] s=0 w=1 len=32 b58=EJRTQoUhFocFL4fRwrhERF6wBL4RTZQrKe6dDuwrnRei
[2026-04-10 20:19:53] [INFO] [DBG]   k[8] s=0 w=1 len=32 b58=DTjFaPV7fLHGUQ7XoS2HqW9kUL2F41hAdTu89Hhsonni
[2026-04-10 20:19:53] [INFO] [DBG]   k[9] s=0 w=1 len=32 b58=A7xxBQk2BAEX3ewQrtDA28Mbf722nDmPVtb2UNu9gwCU
[2026-04-10 20:19:53] [INFO] [DBG]   k[10] s=0 w=0 len=32 b58=EXpqcVuTTPEmyeVu2LHM75ha7FwmjJ88MnhSMRRdy5Sh
[2026-04-10 20:19:53] [INFO] [DBG] ix[7] prog=CAMMCzo5 keys=12 dataLen=41 hex=f8c69e91e17587c89f906063b132000000902f5009000000af331ba8327fbb35b1c4feff0000000001
[2026-04-10 20:19:53] [INFO] [DBG]   k[0] s=1 w=1 len=32 b58=ESzi3jyKV4EWi1TC36nRwLiHHDVTmzn9iCFTotToyhC3
[2026-04-10 20:19:53] [INFO] [DBG]   k[1] s=0 w=0 len=32 b58=E64NGkDLLCdQ2yFNPcavaKptrEgmiQaNykUuLC1Qgwyp
[2026-04-10 20:19:53] [INFO] [DBG]   k[2] s=0 w=1 len=32 b58=GtKKKs3yaPdHbQd2aZS4SfWhy8zQ988BJGnKNndLxYsN
[2026-04-10 20:19:53] [INFO] [DBG]   k[3] s=0 w=1 len=32 b58=8ChvMvALunCZrZnbr3Jwf4S8kEKYAqcMGL2C53MFgK87
[2026-04-10 20:19:53] [INFO] [DBG]   k[4] s=0 w=1 len=32 b58=DQwQCSZL4Wm98FKdbVVw1Vq5txLcKNfxRBQrsy2MtcSa
[2026-04-10 20:19:53] [INFO] [DBG]   k[5] s=0 w=1 len=32 b58=2wzaFLYb4JcDrVs8TfU3TfkVwq1Pdp3rRgWdNJzFGXud
[2026-04-10 20:19:53] [INFO] [DBG]   k[6] s=0 w=1 len=32 b58=GDnBvA76ZAJ2K3en2F1iExPZ6qz83Xjj5srXMmSKTYDW
[2026-04-10 20:19:53] [INFO] [DBG]   k[7] s=0 w=1 len=32 b58=Gj8gzDNKmf5y3p1LorKHTvMZ8eCLhbCDnhGiN5xVW8Jq
[2026-04-10 20:19:53] [INFO] [DBG]   k[8] s=0 w=0 len=32 b58=TokenkegQfeZyiNwAJbNbGKPFXCWuBvf9Ss623VQ5DA
[2026-04-10 20:19:53] [INFO] [DBG]   k[9] s=0 w=1 len=32 b58=FohQpHgvyJQHbYvrkyVXGuZpA2aaBXVBeHtEoxe5gzir
[2026-04-10 20:19:53] [INFO] [DBG]   k[10] s=0 w=1 len=32 b58=CiigF62vU9rt9jf4YRvEWsoZxd3SCxVLXM13SC5C6832
[2026-04-10 20:19:53] [INFO] [DBG]   k[11] s=0 w=1 len=32 b58=AUMHvL8Gx6vBRsiSVxXqz76jriK7xzwX31PzuX4bgep
[2026-04-10 20:19:53] [INFO] [DBG] ix[8] prog=KLend2g3 keys=12 dataLen=17 hex=b97500cb60f5b4ba00902f500900000002
[2026-04-10 20:19:53] [INFO] [DBG]   k[0] s=1 w=0 len=32 b58=ESzi3jyKV4EWi1TC36nRwLiHHDVTmzn9iCFTotToyhC3
[2026-04-10 20:19:53] [INFO] [DBG]   k[1] s=0 w=0 len=32 b58=9DrvZvyWh1HuAoZxvYWMvkf2XCzryCpGgHqrMjyDWpmo
[2026-04-10 20:19:53] [INFO] [DBG]   k[2] s=0 w=0 len=32 b58=7u3HeHxYDLhnCoErrtycNokbQYbWGzLs6JSDqGAv5PfF
[2026-04-10 20:19:53] [INFO] [DBG]   k[3] s=0 w=1 len=32 b58=d4A2prbA2whesmvHaL88BH6Ewn5N4bTSU2Ze8P6Bc4Q
[2026-04-10 20:19:53] [INFO] [DBG]   k[4] s=0 w=0 len=32 b58=So11111111111111111111111111111111111111112
[2026-04-10 20:19:53] [INFO] [DBG]   k[5] s=0 w=1 len=32 b58=GafNuUXj9rxGLn4y79dPu6MHSuPWeJR6UtTWuexpGh3U
[2026-04-10 20:19:53] [INFO] [DBG]   k[6] s=0 w=1 len=32 b58=DQwQCSZL4Wm98FKdbVVw1Vq5txLcKNfxRBQrsy2MtcSa
[2026-04-10 20:19:53] [INFO] [DBG]   k[7] s=0 w=1 len=32 b58=3JNof8s453bwG5UqiXBLJc77NRQXezYYEBbk3fqnoKph
[2026-04-10 20:19:53] [INFO] [DBG]   k[8] s=0 w=0 len=32 b58=KLend2g3cP87fffoy8q1mQqGKjrxjC8boSyAYavgmjD
[2026-04-10 20:19:53] [INFO] [DBG]   k[9] s=0 w=0 len=32 b58=KLend2g3cP87fffoy8q1mQqGKjrxjC8boSyAYavgmjD
[2026-04-10 20:19:53] [INFO] [DBG]   k[10] s=0 w=0 len=32 b58=Sysvar1nstructions1111111111111111111111111
[2026-04-10 20:19:53] [INFO] [DBG]   k[11] s=0 w=0 len=32 b58=TokenkegQfeZyiNwAJbNbGKPFXCWuBvf9Ss623VQ5DA
[2026-04-10 20:19:53] [INFO] [DBG] ix[9] prog=Tokenkeg keys=3 dataLen=1 hex=09
[2026-04-10 20:19:53] [INFO] [DBG]   k[0] s=0 w=1 len=32 b58=DQwQCSZL4Wm98FKdbVVw1Vq5txLcKNfxRBQrsy2MtcSa
[2026-04-10 20:19:53] [INFO] [DBG]   k[1] s=0 w=1 len=32 b58=ESzi3jyKV4EWi1TC36nRwLiHHDVTmzn9iCFTotToyhC3
[2026-04-10 20:19:53] [INFO] [DBG]   k[2] s=1 w=0 len=32 b58=ESzi3jyKV4EWi1TC36nRwLiHHDVTmzn9iCFTotToyhC3
[2026-04-10 20:19:53] [INFO] [LocalExec] Tx size: 907 bytes | 10 instructions
[2026-04-10 20:19:53] [INFO] [LocalExec] Jito accepted via frankfurt
[2026-04-10 20:19:53] [INFO] [LAT] gate=3ms build=141ms sign=14ms submit=28ms TOTAL=186ms
[2026-04-10 20:19:53] [INFO] [LocalExec] ✅ Tx submitted: t392tGpRgjvCdcEwdd3ChvqSbsFiyF8UVVJgEJrQt6ncehzTrSpZspixBQ6c8KhTVRca2VhYggTxQS8GL8npBXK
[2026-04-10 20:19:53] [INFO] [LocalExec] Jito accepted via amsterdam
[2026-04-10 20:19:53] [INFO] [LocalExec] Jito accepted via mainnet
[2026-04-10 20:19:53] [INFO] [XDEX] SOL/BONK | spread: 0.0219% | fees: 0.0600% | PROFITABLE | hi: Orca (14128685.453236) 5zpyutJu9ee6jFymDGoK7F6S5Kczqtc9FomP3ueKuyA9 | lo: Raydium CLMM (14125586.414236) GtKKKs3yaPdHbQd2aZS4SfWhy8zQ988BJGnKNndLxYsN
[2026-04-10 20:19:53] [WARN] [LocalExec] ⚠️  computeSwap BYPASSED — pipeline test mode | gross local: -234.4607 USD
[2026-04-10 20:19:53] [INFO] 🎯 LOCAL EXEC — SOL/BONK | spread: 0.022% | loan: 40.0 SOL | profit: ~$-234.4607 | buy: Orca@5zpyutJu → sell: Raydium CLMM@GtKKKs3y
[2026-04-10 20:19:53] [INFO] [LocalExec] Jito tip: 50000 lamports (~$0.0043)
[2026-04-10 20:19:53] [INFO] [LocalExec] borrowIxIndex dynamically set to 2
[2026-04-10 20:19:53] [INFO] [DBG] innerIxs.length=10
[2026-04-10 20:19:53] [INFO] [DBG] ix[0] prog=11111111 keys=2 dataLen=12 hex=0200000050c3000000000000
[2026-04-10 20:19:53] [INFO] [DBG]   k[0] s=1 w=1 len=32 b58=ESzi3jyKV4EWi1TC36nRwLiHHDVTmzn9iCFTotToyhC3
[2026-04-10 20:19:53] [INFO] [DBG]   k[1] s=0 w=1 len=32 b58=DfXygSm4jCyNCybVYYK6DwvWqjKee8pbDmJGcLWNDXjh
[2026-04-10 20:19:53] [INFO] [DBG] ix[1] prog=ATokenGP keys=6 dataLen=1 hex=01
[2026-04-10 20:19:53] [INFO] [DBG]   k[0] s=1 w=1 len=32 b58=ESzi3jyKV4EWi1TC36nRwLiHHDVTmzn9iCFTotToyhC3
[2026-04-10 20:19:53] [INFO] [DBG]   k[1] s=0 w=1 len=32 b58=DQwQCSZL4Wm98FKdbVVw1Vq5txLcKNfxRBQrsy2MtcSa
[2026-04-10 20:19:53] [INFO] [DBG]   k[2] s=0 w=0 len=32 b58=ESzi3jyKV4EWi1TC36nRwLiHHDVTmzn9iCFTotToyhC3
[2026-04-10 20:19:53] [INFO] [DBG]   k[3] s=0 w=0 len=32 b58=So11111111111111111111111111111111111111112
[2026-04-10 20:19:53] [INFO] [DBG]   k[4] s=0 w=0 len=32 b58=11111111111111111111111111111111
[2026-04-10 20:19:53] [INFO] [DBG]   k[5] s=0 w=0 len=32 b58=TokenkegQfeZyiNwAJbNbGKPFXCWuBvf9Ss623VQ5DA
[2026-04-10 20:19:53] [INFO] [DBG] ix[2] prog=KLend2g3 keys=12 dataLen=16 hex=87e734a70734d4c100902f5009000000
[2026-04-10 20:19:53] [INFO] [DBG]   k[0] s=1 w=0 len=32 b58=ESzi3jyKV4EWi1TC36nRwLiHHDVTmzn9iCFTotToyhC3
[2026-04-10 20:19:53] [INFO] [DBG]   k[1] s=0 w=0 len=32 b58=9DrvZvyWh1HuAoZxvYWMvkf2XCzryCpGgHqrMjyDWpmo
[2026-04-10 20:19:53] [INFO] [DBG]   k[2] s=0 w=0 len=32 b58=7u3HeHxYDLhnCoErrtycNokbQYbWGzLs6JSDqGAv5PfF
[2026-04-10 20:19:53] [INFO] [DBG]   k[3] s=0 w=1 len=32 b58=d4A2prbA2whesmvHaL88BH6Ewn5N4bTSU2Ze8P6Bc4Q
[2026-04-10 20:19:53] [INFO] [DBG]   k[4] s=0 w=0 len=32 b58=So11111111111111111111111111111111111111112
[2026-04-10 20:19:53] [INFO] [DBG]   k[5] s=0 w=1 len=32 b58=GafNuUXj9rxGLn4y79dPu6MHSuPWeJR6UtTWuexpGh3U
[2026-04-10 20:19:53] [INFO] [DBG]   k[6] s=0 w=1 len=32 b58=DQwQCSZL4Wm98FKdbVVw1Vq5txLcKNfxRBQrsy2MtcSa
[2026-04-10 20:19:53] [INFO] [DBG]   k[7] s=0 w=1 len=32 b58=3JNof8s453bwG5UqiXBLJc77NRQXezYYEBbk3fqnoKph
[2026-04-10 20:19:53] [INFO] [DBG]   k[8] s=0 w=0 len=32 b58=KLend2g3cP87fffoy8q1mQqGKjrxjC8boSyAYavgmjD
[2026-04-10 20:19:53] [INFO] [DBG]   k[9] s=0 w=0 len=32 b58=KLend2g3cP87fffoy8q1mQqGKjrxjC8boSyAYavgmjD
[2026-04-10 20:19:53] [INFO] [DBG]   k[10] s=0 w=0 len=32 b58=Sysvar1nstructions1111111111111111111111111
[2026-04-10 20:19:53] [INFO] [DBG]   k[11] s=0 w=0 len=32 b58=TokenkegQfeZyiNwAJbNbGKPFXCWuBvf9Ss623VQ5DA
[2026-04-10 20:19:53] [INFO] [DBG] ix[3] prog=ComputeB keys=0 dataLen=5 hex=02c0270900
[2026-04-10 20:19:53] [INFO] [DBG] ix[4] prog=ComputeB keys=0 dataLen=9 hex=030100000000000000
[2026-04-10 20:19:53] [INFO] [DBG] ix[5] prog=ATokenGP keys=6 dataLen=1 hex=01
[2026-04-10 20:19:53] [INFO] [DBG]   k[0] s=1 w=1 len=32 b58=ESzi3jyKV4EWi1TC36nRwLiHHDVTmzn9iCFTotToyhC3
[2026-04-10 20:19:53] [INFO] [DBG]   k[1] s=0 w=1 len=32 b58=8ChvMvALunCZrZnbr3Jwf4S8kEKYAqcMGL2C53MFgK87
[2026-04-10 20:19:53] [INFO] [DBG]   k[2] s=0 w=0 len=32 b58=ESzi3jyKV4EWi1TC36nRwLiHHDVTmzn9iCFTotToyhC3
[2026-04-10 20:19:53] [INFO] [DBG]   k[3] s=0 w=0 len=32 b58=DezXAZ8z7PnrnRJjz3wXBoRgixCa6xjnB7YaB1pPB263
[2026-04-10 20:19:53] [INFO] [DBG]   k[4] s=0 w=0 len=32 b58=11111111111111111111111111111111
[2026-04-10 20:19:53] [INFO] [DBG]   k[5] s=0 w=0 len=32 b58=TokenkegQfeZyiNwAJbNbGKPFXCWuBvf9Ss623VQ5DA
[2026-04-10 20:19:53] [INFO] [DBG] ix[6] prog=whirLbMi keys=11 dataLen=42 hex=f8c69e91e17587c800902f5009000000f54e3da69f2d0000513b01000100000000000000000000000101
[2026-04-10 20:19:53] [INFO] [DBG]   k[0] s=0 w=0 len=32 b58=TokenkegQfeZyiNwAJbNbGKPFXCWuBvf9Ss623VQ5DA
[2026-04-10 20:19:53] [INFO] [DBG]   k[1] s=1 w=0 len=32 b58=ESzi3jyKV4EWi1TC36nRwLiHHDVTmzn9iCFTotToyhC3
[2026-04-10 20:19:53] [INFO] [DBG]   k[2] s=0 w=1 len=32 b58=5zpyutJu9ee6jFymDGoK7F6S5Kczqtc9FomP3ueKuyA9
[2026-04-10 20:19:53] [INFO] [DBG]   k[3] s=0 w=1 len=32 b58=DQwQCSZL4Wm98FKdbVVw1Vq5txLcKNfxRBQrsy2MtcSa
[2026-04-10 20:19:53] [INFO] [DBG]   k[4] s=0 w=1 len=32 b58=ES7yhSrYeFo4U1PfJHNRkbfCWxCwPLk2DjrEbmN8bg58
[2026-04-10 20:19:53] [INFO] [DBG]   k[5] s=0 w=1 len=32 b58=8ChvMvALunCZrZnbr3Jwf4S8kEKYAqcMGL2C53MFgK87
[2026-04-10 20:19:53] [INFO] [DBG]   k[6] s=0 w=1 len=32 b58=4dmvFGeQH2eqa3ktNHMgm4wZ8vuTukBiK9M7gxW5oR9F
[2026-04-10 20:19:53] [INFO] [DBG]   k[7] s=0 w=1 len=32 b58=EJRTQoUhFocFL4fRwrhERF6wBL4RTZQrKe6dDuwrnRei
[2026-04-10 20:19:53] [INFO] [DBG]   k[8] s=0 w=1 len=32 b58=DTjFaPV7fLHGUQ7XoS2HqW9kUL2F41hAdTu89Hhsonni
[2026-04-10 20:19:53] [INFO] [DBG]   k[9] s=0 w=1 len=32 b58=A7xxBQk2BAEX3ewQrtDA28Mbf722nDmPVtb2UNu9gwCU
[2026-04-10 20:19:53] [INFO] [DBG]   k[10] s=0 w=0 len=32 b58=EXpqcVuTTPEmyeVu2LHM75ha7FwmjJ88MnhSMRRdy5Sh
[2026-04-10 20:19:53] [INFO] [DBG] ix[7] prog=CAMMCzo5 keys=12 dataLen=41 hex=f8c69e91e17587c89f906063b132000000902f5009000000af331ba8327fbb35b1c4feff0000000001
[2026-04-10 20:19:53] [INFO] [DBG]   k[0] s=1 w=1 len=32 b58=ESzi3jyKV4EWi1TC36nRwLiHHDVTmzn9iCFTotToyhC3
[2026-04-10 20:19:53] [INFO] [DBG]   k[1] s=0 w=0 len=32 b58=E64NGkDLLCdQ2yFNPcavaKptrEgmiQaNykUuLC1Qgwyp
[2026-04-10 20:19:53] [INFO] [DBG]   k[2] s=0 w=1 len=32 b58=GtKKKs3yaPdHbQd2aZS4SfWhy8zQ988BJGnKNndLxYsN
[2026-04-10 20:19:53] [INFO] [DBG]   k[3] s=0 w=1 len=32 b58=8ChvMvALunCZrZnbr3Jwf4S8kEKYAqcMGL2C53MFgK87
[2026-04-10 20:19:53] [INFO] [DBG]   k[4] s=0 w=1 len=32 b58=DQwQCSZL4Wm98FKdbVVw1Vq5txLcKNfxRBQrsy2MtcSa
[2026-04-10 20:19:53] [INFO] [DBG]   k[5] s=0 w=1 len=32 b58=2wzaFLYb4JcDrVs8TfU3TfkVwq1Pdp3rRgWdNJzFGXud
[2026-04-10 20:19:53] [INFO] [DBG]   k[6] s=0 w=1 len=32 b58=GDnBvA76ZAJ2K3en2F1iExPZ6qz83Xjj5srXMmSKTYDW
[2026-04-10 20:19:53] [INFO] [DBG]   k[7] s=0 w=1 len=32 b58=Gj8gzDNKmf5y3p1LorKHTvMZ8eCLhbCDnhGiN5xVW8Jq
[2026-04-10 20:19:53] [INFO] [DBG]   k[8] s=0 w=0 len=32 b58=TokenkegQfeZyiNwAJbNbGKPFXCWuBvf9Ss623VQ5DA
[2026-04-10 20:19:53] [INFO] [DBG]   k[9] s=0 w=1 len=32 b58=FohQpHgvyJQHbYvrkyVXGuZpA2aaBXVBeHtEoxe5gzir
[2026-04-10 20:19:53] [INFO] [DBG]   k[10] s=0 w=1 len=32 b58=CiigF62vU9rt9jf4YRvEWsoZxd3SCxVLXM13SC5C6832
[2026-04-10 20:19:53] [INFO] [DBG]   k[11] s=0 w=1 len=32 b58=AUMHvL8Gx6vBRsiSVxXqz76jriK7xzwX31PzuX4bgep
[2026-04-10 20:19:53] [INFO] [DBG] ix[8] prog=KLend2g3 keys=12 dataLen=17 hex=b97500cb60f5b4ba00902f500900000002
[2026-04-10 20:19:53] [INFO] [DBG]   k[0] s=1 w=0 len=32 b58=ESzi3jyKV4EWi1TC36nRwLiHHDVTmzn9iCFTotToyhC3
[2026-04-10 20:19:53] [INFO] [DBG]   k[1] s=0 w=0 len=32 b58=9DrvZvyWh1HuAoZxvYWMvkf2XCzryCpGgHqrMjyDWpmo
[2026-04-10 20:19:53] [INFO] [DBG]   k[2] s=0 w=0 len=32 b58=7u3HeHxYDLhnCoErrtycNokbQYbWGzLs6JSDqGAv5PfF
[2026-04-10 20:19:53] [INFO] [DBG]   k[3] s=0 w=1 len=32 b58=d4A2prbA2whesmvHaL88BH6Ewn5N4bTSU2Ze8P6Bc4Q
[2026-04-10 20:19:53] [INFO] [DBG]   k[4] s=0 w=0 len=32 b58=So11111111111111111111111111111111111111112
[2026-04-10 20:19:53] [INFO] [DBG]   k[5] s=0 w=1 len=32 b58=GafNuUXj9rxGLn4y79dPu6MHSuPWeJR6UtTWuexpGh3U
[2026-04-10 20:19:53] [INFO] [DBG]   k[6] s=0 w=1 len=32 b58=DQwQCSZL4Wm98FKdbVVw1Vq5txLcKNfxRBQrsy2MtcSa
[2026-04-10 20:19:53] [INFO] [DBG]   k[7] s=0 w=1 len=32 b58=3JNof8s453bwG5UqiXBLJc77NRQXezYYEBbk3fqnoKph
[2026-04-10 20:19:53] [INFO] [DBG]   k[8] s=0 w=0 len=32 b58=KLend2g3cP87fffoy8q1mQqGKjrxjC8boSyAYavgmjD
[2026-04-10 20:19:53] [INFO] [DBG]   k[9] s=0 w=0 len=32 b58=KLend2g3cP87fffoy8q1mQqGKjrxjC8boSyAYavgmjD
[2026-04-10 20:19:53] [INFO] [DBG]   k[10] s=0 w=0 len=32 b58=Sysvar1nstructions1111111111111111111111111
[2026-04-10 20:19:53] [INFO] [DBG]   k[11] s=0 w=0 len=32 b58=TokenkegQfeZyiNwAJbNbGKPFXCWuBvf9Ss623VQ5DA
[2026-04-10 20:19:53] [INFO] [DBG] ix[9] prog=Tokenkeg keys=3 dataLen=1 hex=09
[2026-04-10 20:19:53] [INFO] [DBG]   k[0] s=0 w=1 len=32 b58=DQwQCSZL4Wm98FKdbVVw1Vq5txLcKNfxRBQrsy2MtcSa
[2026-04-10 20:19:53] [INFO] [DBG]   k[1] s=0 w=1 len=32 b58=ESzi3jyKV4EWi1TC36nRwLiHHDVTmzn9iCFTotToyhC3
[2026-04-10 20:19:53] [INFO] [DBG]   k[2] s=1 w=0 len=32 b58=ESzi3jyKV4EWi1TC36nRwLiHHDVTmzn9iCFTotToyhC3
[2026-04-10 20:19:53] [INFO] [LocalExec] Tx size: 907 bytes | 10 instructions
[2026-04-10 20:19:53] [INFO] [LocalExec] Jito accepted via frankfurt
[2026-04-10 20:19:53] [INFO] [LAT] gate=3ms build=163ms sign=13ms submit=28ms TOTAL=207ms
[2026-04-10 20:19:53] [INFO] [LocalExec] ✅ Tx submitted: tX9qn1gGS9EXCUCmRG4BTbJXtHQpkrchfRkwwyYeofBuqsDR23LHPqV4j1brsRS1HLehTRc4RUf3ZM3Jb4sCPFH
[2026-04-10 20:19:53] [INFO] [LocalExec] Jito accepted via amsterdam
[2026-04-10 20:19:53] [INFO] [LocalExec] Jito accepted via mainnet
[2026-04-10 20:20:04] [ERROR] [Executor] Tx failed on-chain: {"InstructionError":[7,{"Custom":1}]}
[2026-04-10 20:20:06] [ERROR] [Executor] Tx failed on-chain: {"InstructionError":[7,{"Custom":1}]}
[2026-04-10 20:20:07] [ERROR] [Executor] Tx failed on-chain: {"InstructionError":[7,{"Custom":1}]}
[2026-04-10 20:20:07] [ERROR] [Executor] Tx failed on-chain: {"InstructionError":[7,{"Custom":1}]}
[2026-04-10 20:20:07] [ERROR] [Executor] Tx failed on-chain: {"InstructionError":[7,{"Custom":1}]}
[2026-04-10 20:20:09] [INFO] [XDEX] SOL/BONK | spread: 0.0229% | fees: 0.0600% | PROFITABLE | hi: Orca (14128819.734623) 5zpyutJu9ee6jFymDGoK7F6S5Kczqtc9FomP3ueKuyA9 | lo: Raydium CLMM (14125586.414236) GtKKKs3yaPdHbQd2aZS4SfWhy8zQ988BJGnKNndLxYsN
[2026-04-10 20:20:09] [WARN] [LocalExec] ⚠️  computeSwap BYPASSED — pipeline test mode | gross local: -234.5421 USD
[2026-04-10 20:20:09] [INFO] 🎯 LOCAL EXEC — SOL/BONK | spread: 0.023% | loan: 40.0 SOL | profit: ~$-234.5421 | buy: Orca@5zpyutJu → sell: Raydium CLMM@GtKKKs3y
[2026-04-10 20:20:09] [INFO] [LocalExec] Jito tip: 50000 lamports (~$0.0043)
[2026-04-10 20:20:09] [INFO] [LocalExec] borrowIxIndex dynamically set to 2
[2026-04-10 20:20:09] [INFO] [DBG] innerIxs.length=10
[2026-04-10 20:20:09] [INFO] [DBG] ix[0] prog=11111111 keys=2 dataLen=12 hex=0200000050c3000000000000
[2026-04-10 20:20:09] [INFO] [DBG]   k[0] s=1 w=1 len=32 b58=ESzi3jyKV4EWi1TC36nRwLiHHDVTmzn9iCFTotToyhC3
[2026-04-10 20:20:09] [INFO] [DBG]   k[1] s=0 w=1 len=32 b58=3AVi9Tg9Uo68tJfuvoKvqKNWKkC5wPdSSdeBnizKZ6jT
[2026-04-10 20:20:09] [INFO] [DBG] ix[1] prog=ATokenGP keys=6 dataLen=1 hex=01
[2026-04-10 20:20:09] [INFO] [DBG]   k[0] s=1 w=1 len=32 b58=ESzi3jyKV4EWi1TC36nRwLiHHDVTmzn9iCFTotToyhC3
[2026-04-10 20:20:09] [INFO] [DBG]   k[1] s=0 w=1 len=32 b58=DQwQCSZL4Wm98FKdbVVw1Vq5txLcKNfxRBQrsy2MtcSa
[2026-04-10 20:20:09] [INFO] [DBG]   k[2] s=0 w=0 len=32 b58=ESzi3jyKV4EWi1TC36nRwLiHHDVTmzn9iCFTotToyhC3
[2026-04-10 20:20:09] [INFO] [DBG]   k[3] s=0 w=0 len=32 b58=So11111111111111111111111111111111111111112
[2026-04-10 20:20:09] [INFO] [DBG]   k[4] s=0 w=0 len=32 b58=11111111111111111111111111111111
[2026-04-10 20:20:09] [INFO] [DBG]   k[5] s=0 w=0 len=32 b58=TokenkegQfeZyiNwAJbNbGKPFXCWuBvf9Ss623VQ5DA
[2026-04-10 20:20:09] [INFO] [DBG] ix[2] prog=KLend2g3 keys=12 dataLen=16 hex=87e734a70734d4c100902f5009000000
[2026-04-10 20:20:09] [INFO] [DBG]   k[0] s=1 w=0 len=32 b58=ESzi3jyKV4EWi1TC36nRwLiHHDVTmzn9iCFTotToyhC3
[2026-04-10 20:20:09] [INFO] [DBG]   k[1] s=0 w=0 len=32 b58=9DrvZvyWh1HuAoZxvYWMvkf2XCzryCpGgHqrMjyDWpmo
[2026-04-10 20:20:09] [INFO] [DBG]   k[2] s=0 w=0 len=32 b58=7u3HeHxYDLhnCoErrtycNokbQYbWGzLs6JSDqGAv5PfF
[2026-04-10 20:20:09] [INFO] [DBG]   k[3] s=0 w=1 len=32 b58=d4A2prbA2whesmvHaL88BH6Ewn5N4bTSU2Ze8P6Bc4Q
[2026-04-10 20:20:09] [INFO] [DBG]   k[4] s=0 w=0 len=32 b58=So11111111111111111111111111111111111111112
[2026-04-10 20:20:09] [INFO] [DBG]   k[5] s=0 w=1 len=32 b58=GafNuUXj9rxGLn4y79dPu6MHSuPWeJR6UtTWuexpGh3U
[2026-04-10 20:20:09] [INFO] [DBG]   k[6] s=0 w=1 len=32 b58=DQwQCSZL4Wm98FKdbVVw1Vq5txLcKNfxRBQrsy2MtcSa
[2026-04-10 20:20:09] [INFO] [DBG]   k[7] s=0 w=1 len=32 b58=3JNof8s453bwG5UqiXBLJc77NRQXezYYEBbk3fqnoKph
[2026-04-10 20:20:09] [INFO] [DBG]   k[8] s=0 w=0 len=32 b58=KLend2g3cP87fffoy8q1mQqGKjrxjC8boSyAYavgmjD
[2026-04-10 20:20:09] [INFO] [DBG]   k[9] s=0 w=0 len=32 b58=KLend2g3cP87fffoy8q1mQqGKjrxjC8boSyAYavgmjD
[2026-04-10 20:20:09] [INFO] [DBG]   k[10] s=0 w=0 len=32 b58=Sysvar1nstructions1111111111111111111111111
[2026-04-10 20:20:09] [INFO] [DBG]   k[11] s=0 w=0 len=32 b58=TokenkegQfeZyiNwAJbNbGKPFXCWuBvf9Ss623VQ5DA
[2026-04-10 20:20:09] [INFO] [DBG] ix[3] prog=ComputeB keys=0 dataLen=5 hex=02c0270900
[2026-04-10 20:20:09] [INFO] [DBG] ix[4] prog=ComputeB keys=0 dataLen=9 hex=030100000000000000
[2026-04-10 20:20:09] [INFO] [DBG] ix[5] prog=ATokenGP keys=6 dataLen=1 hex=01
[2026-04-10 20:20:09] [INFO] [DBG]   k[0] s=1 w=1 len=32 b58=ESzi3jyKV4EWi1TC36nRwLiHHDVTmzn9iCFTotToyhC3
[2026-04-10 20:20:09] [INFO] [DBG]   k[1] s=0 w=1 len=32 b58=8ChvMvALunCZrZnbr3Jwf4S8kEKYAqcMGL2C53MFgK87
[2026-04-10 20:20:09] [INFO] [DBG]   k[2] s=0 w=0 len=32 b58=ESzi3jyKV4EWi1TC36nRwLiHHDVTmzn9iCFTotToyhC3
[2026-04-10 20:20:09] [INFO] [DBG]   k[3] s=0 w=0 len=32 b58=DezXAZ8z7PnrnRJjz3wXBoRgixCa6xjnB7YaB1pPB263
[2026-04-10 20:20:09] [INFO] [DBG]   k[4] s=0 w=0 len=32 b58=11111111111111111111111111111111
[2026-04-10 20:20:09] [INFO] [DBG]   k[5] s=0 w=0 len=32 b58=TokenkegQfeZyiNwAJbNbGKPFXCWuBvf9Ss623VQ5DA
[2026-04-10 20:20:09] [INFO] [DBG] ix[6] prog=whirLbMi keys=11 dataLen=42 hex=f8c69e91e17587c800902f5009000000c3eb77c29f2d0000513b01000100000000000000000000000101
[2026-04-10 20:20:09] [INFO] [DBG]   k[0] s=0 w=0 len=32 b58=TokenkegQfeZyiNwAJbNbGKPFXCWuBvf9Ss623VQ5DA
[2026-04-10 20:20:09] [INFO] [DBG]   k[1] s=1 w=0 len=32 b58=ESzi3jyKV4EWi1TC36nRwLiHHDVTmzn9iCFTotToyhC3
[2026-04-10 20:20:09] [INFO] [DBG]   k[2] s=0 w=1 len=32 b58=5zpyutJu9ee6jFymDGoK7F6S5Kczqtc9FomP3ueKuyA9
[2026-04-10 20:20:09] [INFO] [DBG]   k[3] s=0 w=1 len=32 b58=DQwQCSZL4Wm98FKdbVVw1Vq5txLcKNfxRBQrsy2MtcSa
[2026-04-10 20:20:09] [INFO] [DBG]   k[4] s=0 w=1 len=32 b58=ES7yhSrYeFo4U1PfJHNRkbfCWxCwPLk2DjrEbmN8bg58
[2026-04-10 20:20:09] [INFO] [DBG]   k[5] s=0 w=1 len=32 b58=8ChvMvALunCZrZnbr3Jwf4S8kEKYAqcMGL2C53MFgK87
[2026-04-10 20:20:09] [INFO] [DBG]   k[6] s=0 w=1 len=32 b58=4dmvFGeQH2eqa3ktNHMgm4wZ8vuTukBiK9M7gxW5oR9F
[2026-04-10 20:20:09] [INFO] [DBG]   k[7] s=0 w=1 len=32 b58=EJRTQoUhFocFL4fRwrhERF6wBL4RTZQrKe6dDuwrnRei
[2026-04-10 20:20:09] [INFO] [DBG]   k[8] s=0 w=1 len=32 b58=DTjFaPV7fLHGUQ7XoS2HqW9kUL2F41hAdTu89Hhsonni
[2026-04-10 20:20:09] [INFO] [DBG]   k[9] s=0 w=1 len=32 b58=A7xxBQk2BAEX3ewQrtDA28Mbf722nDmPVtb2UNu9gwCU
[2026-04-10 20:20:09] [INFO] [DBG]   k[10] s=0 w=0 len=32 b58=EXpqcVuTTPEmyeVu2LHM75ha7FwmjJ88MnhSMRRdy5Sh
[2026-04-10 20:20:09] [INFO] [DBG] ix[7] prog=CAMMCzo5 keys=12 dataLen=41 hex=f8c69e91e17587c86722be82b132000000902f5009000000af331ba8327fbb35b1c4feff0000000001
[2026-04-10 20:20:09] [INFO] [DBG]   k[0] s=1 w=1 len=32 b58=ESzi3jyKV4EWi1TC36nRwLiHHDVTmzn9iCFTotToyhC3
[2026-04-10 20:20:09] [INFO] [DBG]   k[1] s=0 w=0 len=32 b58=E64NGkDLLCdQ2yFNPcavaKptrEgmiQaNykUuLC1Qgwyp
[2026-04-10 20:20:09] [INFO] [DBG]   k[2] s=0 w=1 len=32 b58=GtKKKs3yaPdHbQd2aZS4SfWhy8zQ988BJGnKNndLxYsN
[2026-04-10 20:20:09] [INFO] [DBG]   k[3] s=0 w=1 len=32 b58=8ChvMvALunCZrZnbr3Jwf4S8kEKYAqcMGL2C53MFgK87
[2026-04-10 20:20:09] [INFO] [DBG]   k[4] s=0 w=1 len=32 b58=DQwQCSZL4Wm98FKdbVVw1Vq5txLcKNfxRBQrsy2MtcSa
[2026-04-10 20:20:09] [INFO] [DBG]   k[5] s=0 w=1 len=32 b58=2wzaFLYb4JcDrVs8TfU3TfkVwq1Pdp3rRgWdNJzFGXud
[2026-04-10 20:20:09] [INFO] [DBG]   k[6] s=0 w=1 len=32 b58=GDnBvA76ZAJ2K3en2F1iExPZ6qz83Xjj5srXMmSKTYDW
[2026-04-10 20:20:09] [INFO] [DBG]   k[7] s=0 w=1 len=32 b58=Gj8gzDNKmf5y3p1LorKHTvMZ8eCLhbCDnhGiN5xVW8Jq
[2026-04-10 20:20:09] [INFO] [DBG]   k[8] s=0 w=0 len=32 b58=TokenkegQfeZyiNwAJbNbGKPFXCWuBvf9Ss623VQ5DA
[2026-04-10 20:20:09] [INFO] [DBG]   k[9] s=0 w=1 len=32 b58=FohQpHgvyJQHbYvrkyVXGuZpA2aaBXVBeHtEoxe5gzir
[2026-04-10 20:20:09] [INFO] [DBG]   k[10] s=0 w=1 len=32 b58=CiigF62vU9rt9jf4YRvEWsoZxd3SCxVLXM13SC5C6832
[2026-04-10 20:20:09] [INFO] [DBG]   k[11] s=0 w=1 len=32 b58=AUMHvL8Gx6vBRsiSVxXqz76jriK7xzwX31PzuX4bgep
[2026-04-10 20:20:09] [INFO] [DBG] ix[8] prog=KLend2g3 keys=12 dataLen=17 hex=b97500cb60f5b4ba00902f500900000002
[2026-04-10 20:20:09] [INFO] [DBG]   k[0] s=1 w=0 len=32 b58=ESzi3jyKV4EWi1TC36nRwLiHHDVTmzn9iCFTotToyhC3
[2026-04-10 20:20:09] [INFO] [DBG]   k[1] s=0 w=0 len=32 b58=9DrvZvyWh1HuAoZxvYWMvkf2XCzryCpGgHqrMjyDWpmo
[2026-04-10 20:20:09] [INFO] [DBG]   k[2] s=0 w=0 len=32 b58=7u3HeHxYDLhnCoErrtycNokbQYbWGzLs6JSDqGAv5PfF
[2026-04-10 20:20:09] [INFO] [DBG]   k[3] s=0 w=1 len=32 b58=d4A2prbA2whesmvHaL88BH6Ewn5N4bTSU2Ze8P6Bc4Q
[2026-04-10 20:20:09] [INFO] [DBG]   k[4] s=0 w=0 len=32 b58=So11111111111111111111111111111111111111112
[2026-04-10 20:20:09] [INFO] [DBG]   k[5] s=0 w=1 len=32 b58=GafNuUXj9rxGLn4y79dPu6MHSuPWeJR6UtTWuexpGh3U
[2026-04-10 20:20:09] [INFO] [DBG]   k[6] s=0 w=1 len=32 b58=DQwQCSZL4Wm98FKdbVVw1Vq5txLcKNfxRBQrsy2MtcSa
[2026-04-10 20:20:09] [INFO] [DBG]   k[7] s=0 w=1 len=32 b58=3JNof8s453bwG5UqiXBLJc77NRQXezYYEBbk3fqnoKph
[2026-04-10 20:20:09] [INFO] [DBG]   k[8] s=0 w=0 len=32 b58=KLend2g3cP87fffoy8q1mQqGKjrxjC8boSyAYavgmjD
[2026-04-10 20:20:09] [INFO] [DBG]   k[9] s=0 w=0 len=32 b58=KLend2g3cP87fffoy8q1mQqGKjrxjC8boSyAYavgmjD
[2026-04-10 20:20:09] [INFO] [DBG]   k[10] s=0 w=0 len=32 b58=Sysvar1nstructions1111111111111111111111111
[2026-04-10 20:20:09] [INFO] [DBG]   k[11] s=0 w=0 len=32 b58=TokenkegQfeZyiNwAJbNbGKPFXCWuBvf9Ss623VQ5DA
[2026-04-10 20:20:09] [INFO] [DBG] ix[9] prog=Tokenkeg keys=3 dataLen=1 hex=09
[2026-04-10 20:20:10] [INFO] [DBG]   k[0] s=0 w=1 len=32 b58=DQwQCSZL4Wm98FKdbVVw1Vq5txLcKNfxRBQrsy2MtcSa
[2026-04-10 20:20:10] [INFO] [DBG]   k[1] s=0 w=1 len=32 b58=ESzi3jyKV4EWi1TC36nRwLiHHDVTmzn9iCFTotToyhC3
[2026-04-10 20:20:10] [INFO] [DBG]   k[2] s=1 w=0 len=32 b58=ESzi3jyKV4EWi1TC36nRwLiHHDVTmzn9iCFTotToyhC3
[2026-04-10 20:20:10] [INFO] [LocalExec] Tx size: 907 bytes | 10 instructions
[2026-04-10 20:20:10] [INFO] [LocalExec] Jito accepted via frankfurt
[2026-04-10 20:20:10] [INFO] [LAT] gate=4ms build=201ms sign=26ms submit=51ms TOTAL=282ms
[2026-04-10 20:20:10] [INFO] [LocalExec] ✅ Tx submitted: 3c1UsXmUFSHhiQNM5JumhLWL1fPmrTq8zrBowoxjshQiNZxqypv5JYRoeSfswpFXaCAxjk6zAMfViAAHNgV6nHfN
[2026-04-10 20:20:10] [INFO] [LocalExec] Jito accepted via amsterdam
[2026-04-10 20:20:10] [INFO] [LocalExec] Jito accepted via mainnet
[2026-04-10 20:20:11] [INFO] 
SIGINT received — shutting down...
[2026-04-10 20:20:11] [INFO] 📊 STATS | Slots: 89 | Detected: 6 | Attempted: 6 | Sent: 6 | Success: 0 | Profit: ~$0.00
[2026-04-10 20:20:11] [INFO] [PoolWatcher] All subscriptions removed
[2026-04-10 20:25:19] [INFO] ════════════════════════════════════════════════════════════
[2026-04-10 20:25:19] [INFO]   🤖 SOLANA FLASHLOAN ARB BOT — STARTING
[2026-04-10 20:25:19] [INFO] ════════════════════════════════════════════════════════════
[2026-04-10 20:25:19] [INFO] ✅ Discord alerts enabled
[2026-04-10 20:25:19] [INFO] ✅ Discord tx-log channel enabled
[2026-04-10 20:25:20] [INFO] ✅ Connected to primary RPC (mainnet.helius-rpc.com)
[2026-04-10 20:25:20] [INFO] [Price] Seeded SOL/USD = $85.35
[2026-04-10 20:25:20] [INFO] Wallet:          ESzi3jyKV4EWi1TC36nRwLiHHDVTmzn9iCFTotToyhC3
[2026-04-10 20:25:20] [INFO] SOL Balance:     0.1823 SOL
[2026-04-10 20:25:20] [INFO] [Scanner] Loaded 5 pairs from pairs.json
[2026-04-10 20:25:20] [INFO] [Executor] Initializing MarginFi flashloan client...
[2026-04-10 20:25:20] [INFO] [Executor] 429 circuit breaker installed on MarginFi connection
[2026-04-10 20:25:21] [INFO] [Executor] MarginFi loaded. Banks: 1
[2026-04-10 20:25:21] [INFO] [Executor] Loaded saved MarginFi account: 9H89EXD35fcEHV5Sj3c1662GWZzLrPZ89zm2EMFyP9n8
[2026-04-10 20:25:21] [INFO] [Executor] MarginFi account: 9H89EXD35fcEHV5Sj3c1662GWZzLrPZ89zm2EMFyP9n8
[2026-04-10 20:25:21] [INFO] [Executor] ✅ Flash loan ready (all MarginFi accounts support flashloans)
[2026-04-10 20:25:21] [INFO] [Executor] MFI account overrides cached (group: 4qp6Fx6t...)
[2026-04-10 20:25:21] [INFO] [Executor] MFI instruction templates cached ✅
[2026-04-10 20:25:21] [INFO] [Executor] Initializing Kamino flashloan templates...
[2026-04-10 20:25:21] [INFO] [Executor] Kamino flashloan templates cached ✅ (wsolAta: DQwQCSZL...)
[2026-04-10 20:25:21] [INFO] [Executor] Blockhash cache started (refresh every 200ms) ✅
[2026-04-10 20:25:21] [INFO] 
[2026-04-10 20:25:21] [INFO] Active pairs (5):
[2026-04-10 20:25:21] [INFO]   1. SOL/USDT [anchor]
[2026-04-10 20:25:21] [INFO]   2. SOL/USDC
[2026-04-10 20:25:21] [INFO]   3. SOL/BONK
[2026-04-10 20:25:21] [INFO]   4. SOL/WIF
[2026-04-10 20:25:21] [INFO]   5. SOL/FARTCOIN
[2026-04-10 20:25:21] [INFO] 
[2026-04-10 20:25:21] [INFO] [Scheduler] Next update in 16 day(s) on 26/4/2026
[2026-04-10 20:25:21] [INFO] 
[2026-04-10 20:25:21] [INFO] Trigger:         WebSocket pool subscriptions (~50-100ms) + slot fallback every 62 slots
[2026-04-10 20:25:21] [INFO] Flashloan size:  1–100 SOL (dynamic)
[2026-04-10 20:25:21] [INFO] Min profit:      $0.05
[2026-04-10 20:25:21] [INFO] 
[2026-04-10 20:25:22] [INFO] [PoolWatcher] Fetching pool addresses (Orca + Raydium + Meteora)...
[2026-04-10 20:25:23] [INFO] [Price] ✅ Binance WS connected — SOL/USD updating in real-time
[2026-04-10 20:25:33] [INFO] [PoolWatcher] ✅ 43 subscriptions — Orca:30 | Raydium CLMM:5 | Raydium AMM:5 | Meteora:3
[2026-04-10 20:25:33] [INFO] [PoolWatcher]   SOL/USDT → 8 subs (Orca:6 Raydium CLMM:1 Raydium AMM:1)
[2026-04-10 20:25:33] [INFO] [PoolWatcher]   SOL/USDC → 8 subs (Orca:6 Raydium CLMM:1 Raydium AMM:1)
[2026-04-10 20:25:33] [INFO] [PoolWatcher]   SOL/BONK → 9 subs (Orca:6 Raydium CLMM:1 Raydium AMM:1 Meteora:1)
[2026-04-10 20:25:33] [INFO] [PoolWatcher]   SOL/WIF → 9 subs (Orca:6 Raydium CLMM:1 Raydium AMM:1 Meteora:1)
[2026-04-10 20:25:33] [INFO] [PoolWatcher]   SOL/FARTCOIN → 9 subs (Orca:6 Raydium CLMM:1 Raydium AMM:1 Meteora:1)
[2026-04-10 20:25:33] [INFO] [LocalPools] Registered 38 pools (Orca + Raydium CLMM + Meteora) for local math
[2026-04-10 20:25:33] [INFO] [LocalPools] Seeding pool cache with initial RPC data...
[2026-04-10 20:25:33] [INFO] [LocalPools] Seeded 33 pools in cache
[2026-04-10 20:25:33] [INFO] [Scheduler] Monthly pair updater scheduled ✅
[2026-04-10 20:25:33] [INFO] ✅ Bot is live. Press Ctrl+C to stop.

[2026-04-10 20:25:35] [INFO] [XDEX] SOL/BONK | spread: 0.0261% | fees: 0.0600% | PROFITABLE | hi: Orca (14129276.880518) 5zpyutJu9ee6jFymDGoK7F6S5Kczqtc9FomP3ueKuyA9 | lo: Raydium CLMM (14125586.414236) GtKKKs3yaPdHbQd2aZS4SfWhy8zQ988BJGnKNndLxYsN
[2026-04-10 20:25:35] [WARN] [LocalExec] ⚠️  computeSwap BYPASSED — pipeline test mode | gross local: -234.1163 USD
[2026-04-10 20:25:35] [INFO] 🎯 LOCAL EXEC — SOL/BONK | spread: 0.026% | loan: 40.0 SOL | profit: ~$-234.1163 | buy: Orca@5zpyutJu → sell: Raydium CLMM@GtKKKs3y
[2026-04-10 20:25:35] [INFO] [LocalExec] Jito tip: 50000 lamports (~$0.0043)
[2026-04-10 20:25:35] [INFO] [LocalExec] borrowIxIndex dynamically set to 2
[2026-04-10 20:25:35] [INFO] [DBG] innerIxs.length=10
[2026-04-10 20:25:35] [INFO] [DBG] ix[0] prog=11111111 keys=2 dataLen=12 hex=0200000050c3000000000000
[2026-04-10 20:25:35] [INFO] [DBG]   k[0] s=1 w=1 len=32 b58=ESzi3jyKV4EWi1TC36nRwLiHHDVTmzn9iCFTotToyhC3
[2026-04-10 20:25:35] [INFO] [DBG]   k[1] s=0 w=1 len=32 b58=ADaUMid9yfUytqMBgopwjb2DTLSokTSzL1zcaozNr7RD
[2026-04-10 20:25:35] [INFO] [DBG] ix[1] prog=ATokenGP keys=6 dataLen=1 hex=01
[2026-04-10 20:25:35] [INFO] [DBG]   k[0] s=1 w=1 len=32 b58=ESzi3jyKV4EWi1TC36nRwLiHHDVTmzn9iCFTotToyhC3
[2026-04-10 20:25:35] [INFO] [DBG]   k[1] s=0 w=1 len=32 b58=DQwQCSZL4Wm98FKdbVVw1Vq5txLcKNfxRBQrsy2MtcSa
[2026-04-10 20:25:35] [INFO] [DBG]   k[2] s=0 w=0 len=32 b58=ESzi3jyKV4EWi1TC36nRwLiHHDVTmzn9iCFTotToyhC3
[2026-04-10 20:25:35] [INFO] [DBG]   k[3] s=0 w=0 len=32 b58=So11111111111111111111111111111111111111112
[2026-04-10 20:25:35] [INFO] [DBG]   k[4] s=0 w=0 len=32 b58=11111111111111111111111111111111
[2026-04-10 20:25:35] [INFO] [DBG]   k[5] s=0 w=0 len=32 b58=TokenkegQfeZyiNwAJbNbGKPFXCWuBvf9Ss623VQ5DA
[2026-04-10 20:25:35] [INFO] [DBG] ix[2] prog=KLend2g3 keys=12 dataLen=16 hex=87e734a70734d4c100902f5009000000
[2026-04-10 20:25:35] [INFO] [DBG]   k[0] s=1 w=0 len=32 b58=ESzi3jyKV4EWi1TC36nRwLiHHDVTmzn9iCFTotToyhC3
[2026-04-10 20:25:35] [INFO] [DBG]   k[1] s=0 w=0 len=32 b58=9DrvZvyWh1HuAoZxvYWMvkf2XCzryCpGgHqrMjyDWpmo
[2026-04-10 20:25:35] [INFO] [DBG]   k[2] s=0 w=0 len=32 b58=7u3HeHxYDLhnCoErrtycNokbQYbWGzLs6JSDqGAv5PfF
[2026-04-10 20:25:35] [INFO] [DBG]   k[3] s=0 w=1 len=32 b58=d4A2prbA2whesmvHaL88BH6Ewn5N4bTSU2Ze8P6Bc4Q
[2026-04-10 20:25:35] [INFO] [DBG]   k[4] s=0 w=0 len=32 b58=So11111111111111111111111111111111111111112
[2026-04-10 20:25:35] [INFO] [DBG]   k[5] s=0 w=1 len=32 b58=GafNuUXj9rxGLn4y79dPu6MHSuPWeJR6UtTWuexpGh3U
[2026-04-10 20:25:35] [INFO] [DBG]   k[6] s=0 w=1 len=32 b58=DQwQCSZL4Wm98FKdbVVw1Vq5txLcKNfxRBQrsy2MtcSa
[2026-04-10 20:25:35] [INFO] [DBG]   k[7] s=0 w=1 len=32 b58=3JNof8s453bwG5UqiXBLJc77NRQXezYYEBbk3fqnoKph
[2026-04-10 20:25:35] [INFO] [DBG]   k[8] s=0 w=0 len=32 b58=KLend2g3cP87fffoy8q1mQqGKjrxjC8boSyAYavgmjD
[2026-04-10 20:25:35] [INFO] [DBG]   k[9] s=0 w=0 len=32 b58=KLend2g3cP87fffoy8q1mQqGKjrxjC8boSyAYavgmjD
[2026-04-10 20:25:35] [INFO] [DBG]   k[10] s=0 w=0 len=32 b58=Sysvar1nstructions1111111111111111111111111
[2026-04-10 20:25:35] [INFO] [DBG]   k[11] s=0 w=0 len=32 b58=TokenkegQfeZyiNwAJbNbGKPFXCWuBvf9Ss623VQ5DA
[2026-04-10 20:25:35] [INFO] [DBG] ix[3] prog=ComputeB keys=0 dataLen=5 hex=02c0270900
[2026-04-10 20:25:35] [INFO] [DBG] ix[4] prog=ComputeB keys=0 dataLen=9 hex=030100000000000000
[2026-04-10 20:25:35] [INFO] [DBG] ix[5] prog=ATokenGP keys=6 dataLen=1 hex=01
[2026-04-10 20:25:36] [INFO] [DBG]   k[0] s=1 w=1 len=32 b58=ESzi3jyKV4EWi1TC36nRwLiHHDVTmzn9iCFTotToyhC3
[2026-04-10 20:25:36] [INFO] [DBG]   k[1] s=0 w=1 len=32 b58=8ChvMvALunCZrZnbr3Jwf4S8kEKYAqcMGL2C53MFgK87
[2026-04-10 20:25:36] [INFO] [DBG]   k[2] s=0 w=0 len=32 b58=ESzi3jyKV4EWi1TC36nRwLiHHDVTmzn9iCFTotToyhC3
[2026-04-10 20:25:36] [INFO] [DBG]   k[3] s=0 w=0 len=32 b58=DezXAZ8z7PnrnRJjz3wXBoRgixCa6xjnB7YaB1pPB263
[2026-04-10 20:25:36] [INFO] [DBG]   k[4] s=0 w=0 len=32 b58=11111111111111111111111111111111
[2026-04-10 20:25:36] [INFO] [DBG]   k[5] s=0 w=0 len=32 b58=TokenkegQfeZyiNwAJbNbGKPFXCWuBvf9Ss623VQ5DA
[2026-04-10 20:25:36] [INFO] [DBG] ix[6] prog=whirLbMi keys=11 dataLen=42 hex=f8c69e91e17587c800902f5009000000e51a9222a02d0000513b01000100000000000000000000000101
[2026-04-10 20:25:36] [INFO] [DBG]   k[0] s=0 w=0 len=32 b58=TokenkegQfeZyiNwAJbNbGKPFXCWuBvf9Ss623VQ5DA
[2026-04-10 20:25:36] [INFO] [DBG]   k[1] s=1 w=0 len=32 b58=ESzi3jyKV4EWi1TC36nRwLiHHDVTmzn9iCFTotToyhC3
[2026-04-10 20:25:36] [INFO] [DBG]   k[2] s=0 w=1 len=32 b58=5zpyutJu9ee6jFymDGoK7F6S5Kczqtc9FomP3ueKuyA9
[2026-04-10 20:25:36] [INFO] [DBG]   k[3] s=0 w=1 len=32 b58=DQwQCSZL4Wm98FKdbVVw1Vq5txLcKNfxRBQrsy2MtcSa
[2026-04-10 20:25:36] [INFO] [DBG]   k[4] s=0 w=1 len=32 b58=ES7yhSrYeFo4U1PfJHNRkbfCWxCwPLk2DjrEbmN8bg58
[2026-04-10 20:25:36] [INFO] [DBG]   k[5] s=0 w=1 len=32 b58=8ChvMvALunCZrZnbr3Jwf4S8kEKYAqcMGL2C53MFgK87
[2026-04-10 20:25:36] [INFO] [DBG]   k[6] s=0 w=1 len=32 b58=4dmvFGeQH2eqa3ktNHMgm4wZ8vuTukBiK9M7gxW5oR9F
[2026-04-10 20:25:36] [INFO] [DBG]   k[7] s=0 w=1 len=32 b58=EJRTQoUhFocFL4fRwrhERF6wBL4RTZQrKe6dDuwrnRei
[2026-04-10 20:25:36] [INFO] [DBG]   k[8] s=0 w=1 len=32 b58=DTjFaPV7fLHGUQ7XoS2HqW9kUL2F41hAdTu89Hhsonni
[2026-04-10 20:25:36] [INFO] [DBG]   k[9] s=0 w=1 len=32 b58=A7xxBQk2BAEX3ewQrtDA28Mbf722nDmPVtb2UNu9gwCU
[2026-04-10 20:25:36] [INFO] [DBG]   k[10] s=0 w=0 len=32 b58=EXpqcVuTTPEmyeVu2LHM75ha7FwmjJ88MnhSMRRdy5Sh
[2026-04-10 20:25:36] [INFO] [DBG] ix[7] prog=CAMMCzo5 keys=12 dataLen=41 hex=f8c69e91e17587c8ffe485edb13200000100000000000000af331ba8327fbb35b1c4feff0000000001
[2026-04-10 20:25:36] [INFO] [DBG]   k[0] s=1 w=1 len=32 b58=ESzi3jyKV4EWi1TC36nRwLiHHDVTmzn9iCFTotToyhC3
[2026-04-10 20:25:36] [INFO] [DBG]   k[1] s=0 w=0 len=32 b58=E64NGkDLLCdQ2yFNPcavaKptrEgmiQaNykUuLC1Qgwyp
[2026-04-10 20:25:36] [INFO] [DBG]   k[2] s=0 w=1 len=32 b58=GtKKKs3yaPdHbQd2aZS4SfWhy8zQ988BJGnKNndLxYsN
[2026-04-10 20:25:36] [INFO] [DBG]   k[3] s=0 w=1 len=32 b58=8ChvMvALunCZrZnbr3Jwf4S8kEKYAqcMGL2C53MFgK87
[2026-04-10 20:25:36] [INFO] [DBG]   k[4] s=0 w=1 len=32 b58=DQwQCSZL4Wm98FKdbVVw1Vq5txLcKNfxRBQrsy2MtcSa
[2026-04-10 20:25:36] [INFO] [DBG]   k[5] s=0 w=1 len=32 b58=2wzaFLYb4JcDrVs8TfU3TfkVwq1Pdp3rRgWdNJzFGXud
[2026-04-10 20:25:36] [INFO] [DBG]   k[6] s=0 w=1 len=32 b58=GDnBvA76ZAJ2K3en2F1iExPZ6qz83Xjj5srXMmSKTYDW
[2026-04-10 20:25:36] [INFO] [DBG]   k[7] s=0 w=1 len=32 b58=Gj8gzDNKmf5y3p1LorKHTvMZ8eCLhbCDnhGiN5xVW8Jq
[2026-04-10 20:25:36] [INFO] [DBG]   k[8] s=0 w=0 len=32 b58=TokenkegQfeZyiNwAJbNbGKPFXCWuBvf9Ss623VQ5DA
[2026-04-10 20:25:36] [INFO] [DBG]   k[9] s=0 w=1 len=32 b58=FohQpHgvyJQHbYvrkyVXGuZpA2aaBXVBeHtEoxe5gzir
[2026-04-10 20:25:36] [INFO] [DBG]   k[10] s=0 w=1 len=32 b58=CiigF62vU9rt9jf4YRvEWsoZxd3SCxVLXM13SC5C6832
[2026-04-10 20:25:36] [INFO] [DBG]   k[11] s=0 w=1 len=32 b58=AUMHvL8Gx6vBRsiSVxXqz76jriK7xzwX31PzuX4bgep
[2026-04-10 20:25:36] [INFO] [DBG] ix[8] prog=KLend2g3 keys=12 dataLen=17 hex=b97500cb60f5b4ba00902f500900000002
[2026-04-10 20:25:36] [INFO] [DBG]   k[0] s=1 w=0 len=32 b58=ESzi3jyKV4EWi1TC36nRwLiHHDVTmzn9iCFTotToyhC3
[2026-04-10 20:25:36] [INFO] [DBG]   k[1] s=0 w=0 len=32 b58=9DrvZvyWh1HuAoZxvYWMvkf2XCzryCpGgHqrMjyDWpmo
[2026-04-10 20:25:36] [INFO] [DBG]   k[2] s=0 w=0 len=32 b58=7u3HeHxYDLhnCoErrtycNokbQYbWGzLs6JSDqGAv5PfF
[2026-04-10 20:25:36] [INFO] [DBG]   k[3] s=0 w=1 len=32 b58=d4A2prbA2whesmvHaL88BH6Ewn5N4bTSU2Ze8P6Bc4Q
[2026-04-10 20:25:36] [INFO] [DBG]   k[4] s=0 w=0 len=32 b58=So11111111111111111111111111111111111111112
[2026-04-10 20:25:36] [INFO] [DBG]   k[5] s=0 w=1 len=32 b58=GafNuUXj9rxGLn4y79dPu6MHSuPWeJR6UtTWuexpGh3U
[2026-04-10 20:25:36] [INFO] [DBG]   k[6] s=0 w=1 len=32 b58=DQwQCSZL4Wm98FKdbVVw1Vq5txLcKNfxRBQrsy2MtcSa
[2026-04-10 20:25:36] [INFO] [DBG]   k[7] s=0 w=1 len=32 b58=3JNof8s453bwG5UqiXBLJc77NRQXezYYEBbk3fqnoKph
[2026-04-10 20:25:36] [INFO] [DBG]   k[8] s=0 w=0 len=32 b58=KLend2g3cP87fffoy8q1mQqGKjrxjC8boSyAYavgmjD
[2026-04-10 20:25:36] [INFO] [DBG]   k[9] s=0 w=0 len=32 b58=KLend2g3cP87fffoy8q1mQqGKjrxjC8boSyAYavgmjD
[2026-04-10 20:25:36] [INFO] [DBG]   k[10] s=0 w=0 len=32 b58=Sysvar1nstructions1111111111111111111111111
[2026-04-10 20:25:36] [INFO] [DBG]   k[11] s=0 w=0 len=32 b58=TokenkegQfeZyiNwAJbNbGKPFXCWuBvf9Ss623VQ5DA
[2026-04-10 20:25:36] [INFO] [DBG] ix[9] prog=Tokenkeg keys=3 dataLen=1 hex=09
[2026-04-10 20:25:36] [INFO] [DBG]   k[0] s=0 w=1 len=32 b58=DQwQCSZL4Wm98FKdbVVw1Vq5txLcKNfxRBQrsy2MtcSa
[2026-04-10 20:25:36] [INFO] [DBG]   k[1] s=0 w=1 len=32 b58=ESzi3jyKV4EWi1TC36nRwLiHHDVTmzn9iCFTotToyhC3
[2026-04-10 20:25:36] [INFO] [DBG]   k[2] s=1 w=0 len=32 b58=ESzi3jyKV4EWi1TC36nRwLiHHDVTmzn9iCFTotToyhC3
[2026-04-10 20:25:36] [INFO] [LocalExec] Tx size: 907 bytes | 10 instructions
[2026-04-10 20:25:36] [INFO] [LocalExec] Jito accepted via frankfurt
[2026-04-10 20:25:36] [INFO] [LAT] gate=5ms build=279ms sign=71ms submit=107ms TOTAL=462ms
[2026-04-10 20:25:36] [INFO] [LocalExec] ✅ Tx submitted: 36mp9MZvf8hjtFt9s4grpUj2gGTFHnSK6esyjF4NTVfn6X9FbwfT2HR42udXJ3Q8VzzgcfZJG57irrvxE36Z5XJy
[2026-04-10 20:25:36] [INFO] [LocalExec] Jito accepted via amsterdam
[2026-04-10 20:25:36] [INFO] [LocalExec] Jito accepted via mainnet
[2026-04-10 20:25:43] [INFO] [XDEX] SOL/BONK | spread: 0.0261% | fees: 0.0600% | PROFITABLE | hi: Orca (14129276.880518) 5zpyutJu9ee6jFymDGoK7F6S5Kczqtc9FomP3ueKuyA9 | lo: Raydium CLMM (14125586.414236) GtKKKs3yaPdHbQd2aZS4SfWhy8zQ988BJGnKNndLxYsN
[2026-04-10 20:25:43] [WARN] [LocalExec] ⚠️  computeSwap BYPASSED — pipeline test mode | gross local: -234.0888 USD
[2026-04-10 20:25:43] [INFO] 🎯 LOCAL EXEC — SOL/BONK | spread: 0.026% | loan: 40.0 SOL | profit: ~$-234.0888 | buy: Orca@5zpyutJu → sell: Raydium CLMM@GtKKKs3y
[2026-04-10 20:25:43] [INFO] [LocalExec] Jito tip: 50000 lamports (~$0.0043)
[2026-04-10 20:25:43] [INFO] [LocalExec] borrowIxIndex dynamically set to 2
[2026-04-10 20:25:43] [INFO] [DBG] innerIxs.length=10
[2026-04-10 20:25:43] [INFO] [DBG] ix[0] prog=11111111 keys=2 dataLen=12 hex=0200000050c3000000000000
[2026-04-10 20:25:43] [INFO] [DBG]   k[0] s=1 w=1 len=32 b58=ESzi3jyKV4EWi1TC36nRwLiHHDVTmzn9iCFTotToyhC3
[2026-04-10 20:25:43] [INFO] [DBG]   k[1] s=0 w=1 len=32 b58=HFqU5x63VTqvQss8hp11i4wVV8bD44PvwucfZ2bU7gRe
[2026-04-10 20:25:43] [INFO] [DBG] ix[1] prog=ATokenGP keys=6 dataLen=1 hex=01
[2026-04-10 20:25:43] [INFO] [DBG]   k[0] s=1 w=1 len=32 b58=ESzi3jyKV4EWi1TC36nRwLiHHDVTmzn9iCFTotToyhC3
[2026-04-10 20:25:43] [INFO] [DBG]   k[1] s=0 w=1 len=32 b58=DQwQCSZL4Wm98FKdbVVw1Vq5txLcKNfxRBQrsy2MtcSa
[2026-04-10 20:25:43] [INFO] [DBG]   k[2] s=0 w=0 len=32 b58=ESzi3jyKV4EWi1TC36nRwLiHHDVTmzn9iCFTotToyhC3
[2026-04-10 20:25:43] [INFO] [DBG]   k[3] s=0 w=0 len=32 b58=So11111111111111111111111111111111111111112
[2026-04-10 20:25:43] [INFO] [DBG]   k[4] s=0 w=0 len=32 b58=11111111111111111111111111111111
[2026-04-10 20:25:43] [INFO] [DBG]   k[5] s=0 w=0 len=32 b58=TokenkegQfeZyiNwAJbNbGKPFXCWuBvf9Ss623VQ5DA
[2026-04-10 20:25:43] [INFO] [DBG] ix[2] prog=KLend2g3 keys=12 dataLen=16 hex=87e734a70734d4c100902f5009000000
[2026-04-10 20:25:43] [INFO] [DBG]   k[0] s=1 w=0 len=32 b58=ESzi3jyKV4EWi1TC36nRwLiHHDVTmzn9iCFTotToyhC3
[2026-04-10 20:25:43] [INFO] [DBG]   k[1] s=0 w=0 len=32 b58=9DrvZvyWh1HuAoZxvYWMvkf2XCzryCpGgHqrMjyDWpmo
[2026-04-10 20:25:43] [INFO] [DBG]   k[2] s=0 w=0 len=32 b58=7u3HeHxYDLhnCoErrtycNokbQYbWGzLs6JSDqGAv5PfF
[2026-04-10 20:25:43] [INFO] [DBG]   k[3] s=0 w=1 len=32 b58=d4A2prbA2whesmvHaL88BH6Ewn5N4bTSU2Ze8P6Bc4Q
[2026-04-10 20:25:43] [INFO] [DBG]   k[4] s=0 w=0 len=32 b58=So11111111111111111111111111111111111111112
[2026-04-10 20:25:43] [INFO] [DBG]   k[5] s=0 w=1 len=32 b58=GafNuUXj9rxGLn4y79dPu6MHSuPWeJR6UtTWuexpGh3U
[2026-04-10 20:25:43] [INFO] [DBG]   k[6] s=0 w=1 len=32 b58=DQwQCSZL4Wm98FKdbVVw1Vq5txLcKNfxRBQrsy2MtcSa
[2026-04-10 20:25:43] [INFO] [DBG]   k[7] s=0 w=1 len=32 b58=3JNof8s453bwG5UqiXBLJc77NRQXezYYEBbk3fqnoKph
[2026-04-10 20:25:43] [INFO] [DBG]   k[8] s=0 w=0 len=32 b58=KLend2g3cP87fffoy8q1mQqGKjrxjC8boSyAYavgmjD
[2026-04-10 20:25:43] [INFO] [DBG]   k[9] s=0 w=0 len=32 b58=KLend2g3cP87fffoy8q1mQqGKjrxjC8boSyAYavgmjD
[2026-04-10 20:25:43] [INFO] [DBG]   k[10] s=0 w=0 len=32 b58=Sysvar1nstructions1111111111111111111111111
[2026-04-10 20:25:43] [INFO] [DBG]   k[11] s=0 w=0 len=32 b58=TokenkegQfeZyiNwAJbNbGKPFXCWuBvf9Ss623VQ5DA
[2026-04-10 20:25:43] [INFO] [DBG] ix[3] prog=ComputeB keys=0 dataLen=5 hex=02c0270900
[2026-04-10 20:25:43] [INFO] [DBG] ix[4] prog=ComputeB keys=0 dataLen=9 hex=030100000000000000
[2026-04-10 20:25:43] [INFO] [DBG] ix[5] prog=ATokenGP keys=6 dataLen=1 hex=01
[2026-04-10 20:25:43] [INFO] [DBG]   k[0] s=1 w=1 len=32 b58=ESzi3jyKV4EWi1TC36nRwLiHHDVTmzn9iCFTotToyhC3
[2026-04-10 20:25:43] [INFO] [DBG]   k[1] s=0 w=1 len=32 b58=8ChvMvALunCZrZnbr3Jwf4S8kEKYAqcMGL2C53MFgK87
[2026-04-10 20:25:43] [INFO] [DBG]   k[2] s=0 w=0 len=32 b58=ESzi3jyKV4EWi1TC36nRwLiHHDVTmzn9iCFTotToyhC3
[2026-04-10 20:25:43] [INFO] [DBG]   k[3] s=0 w=0 len=32 b58=DezXAZ8z7PnrnRJjz3wXBoRgixCa6xjnB7YaB1pPB263
[2026-04-10 20:25:43] [INFO] [DBG]   k[4] s=0 w=0 len=32 b58=11111111111111111111111111111111
[2026-04-10 20:25:43] [INFO] [DBG]   k[5] s=0 w=0 len=32 b58=TokenkegQfeZyiNwAJbNbGKPFXCWuBvf9Ss623VQ5DA
[2026-04-10 20:25:43] [INFO] [DBG] ix[6] prog=whirLbMi keys=11 dataLen=42 hex=f8c69e91e17587c800902f5009000000e51a9222a02d0000513b01000100000000000000000000000101
[2026-04-10 20:25:43] [INFO] [DBG]   k[0] s=0 w=0 len=32 b58=TokenkegQfeZyiNwAJbNbGKPFXCWuBvf9Ss623VQ5DA
[2026-04-10 20:25:43] [INFO] [DBG]   k[1] s=1 w=0 len=32 b58=ESzi3jyKV4EWi1TC36nRwLiHHDVTmzn9iCFTotToyhC3
[2026-04-10 20:25:43] [INFO] [DBG]   k[2] s=0 w=1 len=32 b58=5zpyutJu9ee6jFymDGoK7F6S5Kczqtc9FomP3ueKuyA9
[2026-04-10 20:25:43] [INFO] [DBG]   k[3] s=0 w=1 len=32 b58=DQwQCSZL4Wm98FKdbVVw1Vq5txLcKNfxRBQrsy2MtcSa
[2026-04-10 20:25:43] [INFO] [DBG]   k[4] s=0 w=1 len=32 b58=ES7yhSrYeFo4U1PfJHNRkbfCWxCwPLk2DjrEbmN8bg58
[2026-04-10 20:25:43] [INFO] [DBG]   k[5] s=0 w=1 len=32 b58=8ChvMvALunCZrZnbr3Jwf4S8kEKYAqcMGL2C53MFgK87
[2026-04-10 20:25:43] [INFO] [DBG]   k[6] s=0 w=1 len=32 b58=4dmvFGeQH2eqa3ktNHMgm4wZ8vuTukBiK9M7gxW5oR9F
[2026-04-10 20:25:43] [INFO] [DBG]   k[7] s=0 w=1 len=32 b58=EJRTQoUhFocFL4fRwrhERF6wBL4RTZQrKe6dDuwrnRei
[2026-04-10 20:25:43] [INFO] [DBG]   k[8] s=0 w=1 len=32 b58=DTjFaPV7fLHGUQ7XoS2HqW9kUL2F41hAdTu89Hhsonni
[2026-04-10 20:25:43] [INFO] [DBG]   k[9] s=0 w=1 len=32 b58=A7xxBQk2BAEX3ewQrtDA28Mbf722nDmPVtb2UNu9gwCU
[2026-04-10 20:25:43] [INFO] [DBG]   k[10] s=0 w=0 len=32 b58=EXpqcVuTTPEmyeVu2LHM75ha7FwmjJ88MnhSMRRdy5Sh
[2026-04-10 20:25:43] [INFO] [DBG] ix[7] prog=CAMMCzo5 keys=12 dataLen=41 hex=f8c69e91e17587c8ffe485edb13200000100000000000000af331ba8327fbb35b1c4feff0000000001
[2026-04-10 20:25:43] [INFO] [DBG]   k[0] s=1 w=1 len=32 b58=ESzi3jyKV4EWi1TC36nRwLiHHDVTmzn9iCFTotToyhC3
[2026-04-10 20:25:43] [INFO] [DBG]   k[1] s=0 w=0 len=32 b58=E64NGkDLLCdQ2yFNPcavaKptrEgmiQaNykUuLC1Qgwyp
[2026-04-10 20:25:43] [INFO] [DBG]   k[2] s=0 w=1 len=32 b58=GtKKKs3yaPdHbQd2aZS4SfWhy8zQ988BJGnKNndLxYsN
[2026-04-10 20:25:43] [INFO] [DBG]   k[3] s=0 w=1 len=32 b58=8ChvMvALunCZrZnbr3Jwf4S8kEKYAqcMGL2C53MFgK87
[2026-04-10 20:25:43] [INFO] [DBG]   k[4] s=0 w=1 len=32 b58=DQwQCSZL4Wm98FKdbVVw1Vq5txLcKNfxRBQrsy2MtcSa
[2026-04-10 20:25:43] [INFO] [DBG]   k[5] s=0 w=1 len=32 b58=2wzaFLYb4JcDrVs8TfU3TfkVwq1Pdp3rRgWdNJzFGXud
[2026-04-10 20:25:43] [INFO] [DBG]   k[6] s=0 w=1 len=32 b58=GDnBvA76ZAJ2K3en2F1iExPZ6qz83Xjj5srXMmSKTYDW
[2026-04-10 20:25:43] [INFO] [DBG]   k[7] s=0 w=1 len=32 b58=Gj8gzDNKmf5y3p1LorKHTvMZ8eCLhbCDnhGiN5xVW8Jq
[2026-04-10 20:25:43] [INFO] [DBG]   k[8] s=0 w=0 len=32 b58=TokenkegQfeZyiNwAJbNbGKPFXCWuBvf9Ss623VQ5DA
[2026-04-10 20:25:43] [INFO] [DBG]   k[9] s=0 w=1 len=32 b58=FohQpHgvyJQHbYvrkyVXGuZpA2aaBXVBeHtEoxe5gzir
[2026-04-10 20:25:43] [INFO] [DBG]   k[10] s=0 w=1 len=32 b58=CiigF62vU9rt9jf4YRvEWsoZxd3SCxVLXM13SC5C6832
[2026-04-10 20:25:43] [INFO] [DBG]   k[11] s=0 w=1 len=32 b58=AUMHvL8Gx6vBRsiSVxXqz76jriK7xzwX31PzuX4bgep
[2026-04-10 20:25:43] [INFO] [DBG] ix[8] prog=KLend2g3 keys=12 dataLen=17 hex=b97500cb60f5b4ba00902f500900000002
[2026-04-10 20:25:43] [INFO] [DBG]   k[0] s=1 w=0 len=32 b58=ESzi3jyKV4EWi1TC36nRwLiHHDVTmzn9iCFTotToyhC3
[2026-04-10 20:25:43] [INFO] [DBG]   k[1] s=0 w=0 len=32 b58=9DrvZvyWh1HuAoZxvYWMvkf2XCzryCpGgHqrMjyDWpmo
[2026-04-10 20:25:43] [INFO] [DBG]   k[2] s=0 w=0 len=32 b58=7u3HeHxYDLhnCoErrtycNokbQYbWGzLs6JSDqGAv5PfF
[2026-04-10 20:25:43] [INFO] [DBG]   k[3] s=0 w=1 len=32 b58=d4A2prbA2whesmvHaL88BH6Ewn5N4bTSU2Ze8P6Bc4Q
[2026-04-10 20:25:43] [INFO] [DBG]   k[4] s=0 w=0 len=32 b58=So11111111111111111111111111111111111111112
[2026-04-10 20:25:43] [INFO] [DBG]   k[5] s=0 w=1 len=32 b58=GafNuUXj9rxGLn4y79dPu6MHSuPWeJR6UtTWuexpGh3U
[2026-04-10 20:25:43] [INFO] [DBG]   k[6] s=0 w=1 len=32 b58=DQwQCSZL4Wm98FKdbVVw1Vq5txLcKNfxRBQrsy2MtcSa
[2026-04-10 20:25:43] [INFO] [DBG]   k[7] s=0 w=1 len=32 b58=3JNof8s453bwG5UqiXBLJc77NRQXezYYEBbk3fqnoKph
[2026-04-10 20:25:43] [INFO] [DBG]   k[8] s=0 w=0 len=32 b58=KLend2g3cP87fffoy8q1mQqGKjrxjC8boSyAYavgmjD
[2026-04-10 20:25:43] [INFO] [DBG]   k[9] s=0 w=0 len=32 b58=KLend2g3cP87fffoy8q1mQqGKjrxjC8boSyAYavgmjD
[2026-04-10 20:25:43] [INFO] [DBG]   k[10] s=0 w=0 len=32 b58=Sysvar1nstructions1111111111111111111111111
[2026-04-10 20:25:43] [INFO] [DBG]   k[11] s=0 w=0 len=32 b58=TokenkegQfeZyiNwAJbNbGKPFXCWuBvf9Ss623VQ5DA
[2026-04-10 20:25:43] [INFO] [DBG] ix[9] prog=Tokenkeg keys=3 dataLen=1 hex=09
[2026-04-10 20:25:43] [INFO] [DBG]   k[0] s=0 w=1 len=32 b58=DQwQCSZL4Wm98FKdbVVw1Vq5txLcKNfxRBQrsy2MtcSa
[2026-04-10 20:25:43] [INFO] [DBG]   k[1] s=0 w=1 len=32 b58=ESzi3jyKV4EWi1TC36nRwLiHHDVTmzn9iCFTotToyhC3
[2026-04-10 20:25:43] [INFO] [DBG]   k[2] s=1 w=0 len=32 b58=ESzi3jyKV4EWi1TC36nRwLiHHDVTmzn9iCFTotToyhC3
[2026-04-10 20:25:43] [INFO] [LocalExec] Tx size: 907 bytes | 10 instructions
[2026-04-10 20:25:43] [INFO] [LocalExec] Jito accepted via frankfurt
[2026-04-10 20:25:43] [INFO] [LAT] gate=1ms build=151ms sign=12ms submit=41ms TOTAL=205ms
[2026-04-10 20:25:43] [INFO] [LocalExec] ✅ Tx submitted: 2GzQ6XDDRyqYdNN5SMzJewDno5MvUNpp9i5u65v1CeTmLJEMRiwUWsUFmGMyWj4Ju8EC6Yrj29sAzcdoRY3bVxk8
[2026-04-10 20:25:43] [INFO] [LocalExec] Jito accepted via amsterdam
[2026-04-10 20:25:43] [INFO] [LocalExec] Jito accepted via mainnet
[2026-04-10 20:25:43] [INFO] [XDEX] SOL/BONK | spread: 0.0250% | fees: 0.0600% | PROFITABLE | hi: Orca (14129117.830765) 5zpyutJu9ee6jFymDGoK7F6S5Kczqtc9FomP3ueKuyA9 | lo: Raydium CLMM (14125586.414236) GtKKKs3yaPdHbQd2aZS4SfWhy8zQ988BJGnKNndLxYsN
[2026-04-10 20:25:43] [WARN] [LocalExec] ⚠️  computeSwap BYPASSED — pipeline test mode | gross local: -234.1224 USD
[2026-04-10 20:25:43] [INFO] 🎯 LOCAL EXEC — SOL/BONK | spread: 0.025% | loan: 40.0 SOL | profit: ~$-234.1224 | buy: Orca@5zpyutJu → sell: Raydium CLMM@GtKKKs3y
[2026-04-10 20:25:43] [INFO] [LocalExec] Jito tip: 50000 lamports (~$0.0043)
[2026-04-10 20:25:43] [INFO] [LocalExec] borrowIxIndex dynamically set to 2
[2026-04-10 20:25:43] [INFO] [DBG] innerIxs.length=10
[2026-04-10 20:25:43] [INFO] [DBG] ix[0] prog=11111111 keys=2 dataLen=12 hex=0200000050c3000000000000
[2026-04-10 20:25:43] [INFO] [DBG]   k[0] s=1 w=1 len=32 b58=ESzi3jyKV4EWi1TC36nRwLiHHDVTmzn9iCFTotToyhC3
[2026-04-10 20:25:43] [INFO] [DBG]   k[1] s=0 w=1 len=32 b58=Cw8CFyM9FkoMi7K7Crf6HNQqf4uEMzpKw6QNghXLvLkY
[2026-04-10 20:25:43] [INFO] [DBG] ix[1] prog=ATokenGP keys=6 dataLen=1 hex=01
[2026-04-10 20:25:43] [INFO] [DBG]   k[0] s=1 w=1 len=32 b58=ESzi3jyKV4EWi1TC36nRwLiHHDVTmzn9iCFTotToyhC3
[2026-04-10 20:25:43] [INFO] [DBG]   k[1] s=0 w=1 len=32 b58=DQwQCSZL4Wm98FKdbVVw1Vq5txLcKNfxRBQrsy2MtcSa
[2026-04-10 20:25:43] [INFO] [DBG]   k[2] s=0 w=0 len=32 b58=ESzi3jyKV4EWi1TC36nRwLiHHDVTmzn9iCFTotToyhC3
[2026-04-10 20:25:43] [INFO] [DBG]   k[3] s=0 w=0 len=32 b58=So11111111111111111111111111111111111111112
[2026-04-10 20:25:43] [INFO] [DBG]   k[4] s=0 w=0 len=32 b58=11111111111111111111111111111111
[2026-04-10 20:25:43] [INFO] [DBG]   k[5] s=0 w=0 len=32 b58=TokenkegQfeZyiNwAJbNbGKPFXCWuBvf9Ss623VQ5DA
[2026-04-10 20:25:43] [INFO] [DBG] ix[2] prog=KLend2g3 keys=12 dataLen=16 hex=87e734a70734d4c100902f5009000000
[2026-04-10 20:25:43] [INFO] [DBG]   k[0] s=1 w=0 len=32 b58=ESzi3jyKV4EWi1TC36nRwLiHHDVTmzn9iCFTotToyhC3
[2026-04-10 20:25:43] [INFO] [DBG]   k[1] s=0 w=0 len=32 b58=9DrvZvyWh1HuAoZxvYWMvkf2XCzryCpGgHqrMjyDWpmo
[2026-04-10 20:25:43] [INFO] [DBG]   k[2] s=0 w=0 len=32 b58=7u3HeHxYDLhnCoErrtycNokbQYbWGzLs6JSDqGAv5PfF
[2026-04-10 20:25:43] [INFO] [DBG]   k[3] s=0 w=1 len=32 b58=d4A2prbA2whesmvHaL88BH6Ewn5N4bTSU2Ze8P6Bc4Q
[2026-04-10 20:25:43] [INFO] [DBG]   k[4] s=0 w=0 len=32 b58=So11111111111111111111111111111111111111112
[2026-04-10 20:25:43] [INFO] [DBG]   k[5] s=0 w=1 len=32 b58=GafNuUXj9rxGLn4y79dPu6MHSuPWeJR6UtTWuexpGh3U
[2026-04-10 20:25:43] [INFO] [DBG]   k[6] s=0 w=1 len=32 b58=DQwQCSZL4Wm98FKdbVVw1Vq5txLcKNfxRBQrsy2MtcSa
[2026-04-10 20:25:43] [INFO] [DBG]   k[7] s=0 w=1 len=32 b58=3JNof8s453bwG5UqiXBLJc77NRQXezYYEBbk3fqnoKph
[2026-04-10 20:25:43] [INFO] [DBG]   k[8] s=0 w=0 len=32 b58=KLend2g3cP87fffoy8q1mQqGKjrxjC8boSyAYavgmjD
[2026-04-10 20:25:43] [INFO] [DBG]   k[9] s=0 w=0 len=32 b58=KLend2g3cP87fffoy8q1mQqGKjrxjC8boSyAYavgmjD
[2026-04-10 20:25:43] [INFO] [DBG]   k[10] s=0 w=0 len=32 b58=Sysvar1nstructions1111111111111111111111111
[2026-04-10 20:25:43] [INFO] [DBG]   k[11] s=0 w=0 len=32 b58=TokenkegQfeZyiNwAJbNbGKPFXCWuBvf9Ss623VQ5DA
[2026-04-10 20:25:43] [INFO] [DBG] ix[3] prog=ComputeB keys=0 dataLen=5 hex=02c0270900
[2026-04-10 20:25:43] [INFO] [DBG] ix[4] prog=ComputeB keys=0 dataLen=9 hex=030100000000000000
[2026-04-10 20:25:43] [INFO] [DBG] ix[5] prog=ATokenGP keys=6 dataLen=1 hex=01
[2026-04-10 20:25:43] [INFO] [DBG]   k[0] s=1 w=1 len=32 b58=ESzi3jyKV4EWi1TC36nRwLiHHDVTmzn9iCFTotToyhC3
[2026-04-10 20:25:43] [INFO] [DBG]   k[1] s=0 w=1 len=32 b58=8ChvMvALunCZrZnbr3Jwf4S8kEKYAqcMGL2C53MFgK87
[2026-04-10 20:25:43] [INFO] [DBG]   k[2] s=0 w=0 len=32 b58=ESzi3jyKV4EWi1TC36nRwLiHHDVTmzn9iCFTotToyhC3
[2026-04-10 20:25:43] [INFO] [DBG]   k[3] s=0 w=0 len=32 b58=DezXAZ8z7PnrnRJjz3wXBoRgixCa6xjnB7YaB1pPB263
[2026-04-10 20:25:43] [INFO] [DBG]   k[4] s=0 w=0 len=32 b58=11111111111111111111111111111111
[2026-04-10 20:25:43] [INFO] [DBG]   k[5] s=0 w=0 len=32 b58=TokenkegQfeZyiNwAJbNbGKPFXCWuBvf9Ss623VQ5DA
[2026-04-10 20:25:43] [INFO] [DBG] ix[6] prog=whirLbMi keys=11 dataLen=42 hex=f8c69e91e17587c800902f5009000000bd892201a02d0000513b01000100000000000000000000000101
[2026-04-10 20:25:43] [INFO] [DBG]   k[0] s=0 w=0 len=32 b58=TokenkegQfeZyiNwAJbNbGKPFXCWuBvf9Ss623VQ5DA
[2026-04-10 20:25:43] [INFO] [DBG]   k[1] s=1 w=0 len=32 b58=ESzi3jyKV4EWi1TC36nRwLiHHDVTmzn9iCFTotToyhC3
[2026-04-10 20:25:43] [INFO] [DBG]   k[2] s=0 w=1 len=32 b58=5zpyutJu9ee6jFymDGoK7F6S5Kczqtc9FomP3ueKuyA9
[2026-04-10 20:25:43] [INFO] [DBG]   k[3] s=0 w=1 len=32 b58=DQwQCSZL4Wm98FKdbVVw1Vq5txLcKNfxRBQrsy2MtcSa
[2026-04-10 20:25:43] [INFO] [DBG]   k[4] s=0 w=1 len=32 b58=ES7yhSrYeFo4U1PfJHNRkbfCWxCwPLk2DjrEbmN8bg58
[2026-04-10 20:25:43] [INFO] [DBG]   k[5] s=0 w=1 len=32 b58=8ChvMvALunCZrZnbr3Jwf4S8kEKYAqcMGL2C53MFgK87
[2026-04-10 20:25:43] [INFO] [DBG]   k[6] s=0 w=1 len=32 b58=4dmvFGeQH2eqa3ktNHMgm4wZ8vuTukBiK9M7gxW5oR9F
[2026-04-10 20:25:43] [INFO] [DBG]   k[7] s=0 w=1 len=32 b58=EJRTQoUhFocFL4fRwrhERF6wBL4RTZQrKe6dDuwrnRei
[2026-04-10 20:25:43] [INFO] [DBG]   k[8] s=0 w=1 len=32 b58=DTjFaPV7fLHGUQ7XoS2HqW9kUL2F41hAdTu89Hhsonni
[2026-04-10 20:25:43] [INFO] [DBG]   k[9] s=0 w=1 len=32 b58=A7xxBQk2BAEX3ewQrtDA28Mbf722nDmPVtb2UNu9gwCU
[2026-04-10 20:25:43] [INFO] [DBG]   k[10] s=0 w=0 len=32 b58=EXpqcVuTTPEmyeVu2LHM75ha7FwmjJ88MnhSMRRdy5Sh
[2026-04-10 20:25:43] [INFO] [DBG] ix[7] prog=CAMMCzo5 keys=12 dataLen=41 hex=f8c69e91e17587c8b6435fc8b13200000100000000000000af331ba8327fbb35b1c4feff0000000001
[2026-04-10 20:25:43] [INFO] [DBG]   k[0] s=1 w=1 len=32 b58=ESzi3jyKV4EWi1TC36nRwLiHHDVTmzn9iCFTotToyhC3
[2026-04-10 20:25:43] [INFO] [DBG]   k[1] s=0 w=0 len=32 b58=E64NGkDLLCdQ2yFNPcavaKptrEgmiQaNykUuLC1Qgwyp
[2026-04-10 20:25:43] [INFO] [DBG]   k[2] s=0 w=1 len=32 b58=GtKKKs3yaPdHbQd2aZS4SfWhy8zQ988BJGnKNndLxYsN
[2026-04-10 20:25:43] [INFO] [DBG]   k[3] s=0 w=1 len=32 b58=8ChvMvALunCZrZnbr3Jwf4S8kEKYAqcMGL2C53MFgK87
[2026-04-10 20:25:43] [INFO] [DBG]   k[4] s=0 w=1 len=32 b58=DQwQCSZL4Wm98FKdbVVw1Vq5txLcKNfxRBQrsy2MtcSa
[2026-04-10 20:25:43] [INFO] [DBG]   k[5] s=0 w=1 len=32 b58=2wzaFLYb4JcDrVs8TfU3TfkVwq1Pdp3rRgWdNJzFGXud
[2026-04-10 20:25:43] [INFO] [DBG]   k[6] s=0 w=1 len=32 b58=GDnBvA76ZAJ2K3en2F1iExPZ6qz83Xjj5srXMmSKTYDW
[2026-04-10 20:25:43] [INFO] [DBG]   k[7] s=0 w=1 len=32 b58=Gj8gzDNKmf5y3p1LorKHTvMZ8eCLhbCDnhGiN5xVW8Jq
[2026-04-10 20:25:43] [INFO] [DBG]   k[8] s=0 w=0 len=32 b58=TokenkegQfeZyiNwAJbNbGKPFXCWuBvf9Ss623VQ5DA
[2026-04-10 20:25:43] [INFO] [DBG]   k[9] s=0 w=1 len=32 b58=FohQpHgvyJQHbYvrkyVXGuZpA2aaBXVBeHtEoxe5gzir
[2026-04-10 20:25:43] [INFO] [DBG]   k[10] s=0 w=1 len=32 b58=CiigF62vU9rt9jf4YRvEWsoZxd3SCxVLXM13SC5C6832
[2026-04-10 20:25:43] [INFO] [DBG]   k[11] s=0 w=1 len=32 b58=AUMHvL8Gx6vBRsiSVxXqz76jriK7xzwX31PzuX4bgep
[2026-04-10 20:25:43] [INFO] [DBG] ix[8] prog=KLend2g3 keys=12 dataLen=17 hex=b97500cb60f5b4ba00902f500900000002
[2026-04-10 20:25:43] [INFO] [DBG]   k[0] s=1 w=0 len=32 b58=ESzi3jyKV4EWi1TC36nRwLiHHDVTmzn9iCFTotToyhC3
[2026-04-10 20:25:43] [INFO] [DBG]   k[1] s=0 w=0 len=32 b58=9DrvZvyWh1HuAoZxvYWMvkf2XCzryCpGgHqrMjyDWpmo
[2026-04-10 20:25:43] [INFO] [DBG]   k[2] s=0 w=0 len=32 b58=7u3HeHxYDLhnCoErrtycNokbQYbWGzLs6JSDqGAv5PfF
[2026-04-10 20:25:43] [INFO] [DBG]   k[3] s=0 w=1 len=32 b58=d4A2prbA2whesmvHaL88BH6Ewn5N4bTSU2Ze8P6Bc4Q
[2026-04-10 20:25:43] [INFO] [DBG]   k[4] s=0 w=0 len=32 b58=So11111111111111111111111111111111111111112
[2026-04-10 20:25:43] [INFO] [DBG]   k[5] s=0 w=1 len=32 b58=GafNuUXj9rxGLn4y79dPu6MHSuPWeJR6UtTWuexpGh3U
[2026-04-10 20:25:43] [INFO] [DBG]   k[6] s=0 w=1 len=32 b58=DQwQCSZL4Wm98FKdbVVw1Vq5txLcKNfxRBQrsy2MtcSa
[2026-04-10 20:25:43] [INFO] [DBG]   k[7] s=0 w=1 len=32 b58=3JNof8s453bwG5UqiXBLJc77NRQXezYYEBbk3fqnoKph
[2026-04-10 20:25:43] [INFO] [DBG]   k[8] s=0 w=0 len=32 b58=KLend2g3cP87fffoy8q1mQqGKjrxjC8boSyAYavgmjD
[2026-04-10 20:25:43] [INFO] [DBG]   k[9] s=0 w=0 len=32 b58=KLend2g3cP87fffoy8q1mQqGKjrxjC8boSyAYavgmjD
[2026-04-10 20:25:43] [INFO] [DBG]   k[10] s=0 w=0 len=32 b58=Sysvar1nstructions1111111111111111111111111
[2026-04-10 20:25:43] [INFO] [DBG]   k[11] s=0 w=0 len=32 b58=TokenkegQfeZyiNwAJbNbGKPFXCWuBvf9Ss623VQ5DA
[2026-04-10 20:25:43] [INFO] [DBG] ix[9] prog=Tokenkeg keys=3 dataLen=1 hex=09
[2026-04-10 20:25:43] [INFO] [DBG]   k[0] s=0 w=1 len=32 b58=DQwQCSZL4Wm98FKdbVVw1Vq5txLcKNfxRBQrsy2MtcSa
[2026-04-10 20:25:43] [INFO] [DBG]   k[1] s=0 w=1 len=32 b58=ESzi3jyKV4EWi1TC36nRwLiHHDVTmzn9iCFTotToyhC3
[2026-04-10 20:25:43] [INFO] [DBG]   k[2] s=1 w=0 len=32 b58=ESzi3jyKV4EWi1TC36nRwLiHHDVTmzn9iCFTotToyhC3
[2026-04-10 20:25:43] [INFO] [LocalExec] Tx size: 907 bytes | 10 instructions
[2026-04-10 20:25:44] [INFO] [LocalExec] Jito accepted via frankfurt
[2026-04-10 20:25:44] [INFO] [LAT] gate=3ms build=186ms sign=29ms submit=37ms TOTAL=255ms
[2026-04-10 20:25:44] [INFO] [LocalExec] ✅ Tx submitted: 5VGTWX7stTKjdMsyuMKDHakKxLK8CNtErMmVBwUerd6JUE8fi3ZVgjm2rQFLcABEXmZNKtYZshpcteQVGUfcJS8K
[2026-04-10 20:25:44] [INFO] [LocalExec] Jito accepted via amsterdam
[2026-04-10 20:25:44] [INFO] [LocalExec] Jito accepted via mainnet
[2026-04-10 20:25:44] [INFO] [XDEX] SOL/BONK | spread: 0.0236% | fees: 0.0600% | PROFITABLE | hi: Orca (14128924.031862) 5zpyutJu9ee6jFymDGoK7F6S5Kczqtc9FomP3ueKuyA9 | lo: Raydium CLMM (14125586.414236) GtKKKs3yaPdHbQd2aZS4SfWhy8zQ988BJGnKNndLxYsN
[2026-04-10 20:25:44] [WARN] [LocalExec] ⚠️  computeSwap BYPASSED — pipeline test mode | gross local: -234.1633 USD
[2026-04-10 20:25:44] [INFO] 🎯 LOCAL EXEC — SOL/BONK | spread: 0.024% | loan: 40.0 SOL | profit: ~$-234.1633 | buy: Orca@5zpyutJu → sell: Raydium CLMM@GtKKKs3y
[2026-04-10 20:25:44] [INFO] [LocalExec] Jito tip: 50000 lamports (~$0.0043)
[2026-04-10 20:25:44] [INFO] [LocalExec] borrowIxIndex dynamically set to 2
[2026-04-10 20:25:44] [INFO] [DBG] innerIxs.length=10
[2026-04-10 20:25:44] [INFO] [DBG] ix[0] prog=11111111 keys=2 dataLen=12 hex=0200000050c3000000000000
[2026-04-10 20:25:44] [INFO] [DBG]   k[0] s=1 w=1 len=32 b58=ESzi3jyKV4EWi1TC36nRwLiHHDVTmzn9iCFTotToyhC3
[2026-04-10 20:25:44] [INFO] [DBG]   k[1] s=0 w=1 len=32 b58=DfXygSm4jCyNCybVYYK6DwvWqjKee8pbDmJGcLWNDXjh
[2026-04-10 20:25:44] [INFO] [DBG] ix[1] prog=ATokenGP keys=6 dataLen=1 hex=01
[2026-04-10 20:25:44] [INFO] [DBG]   k[0] s=1 w=1 len=32 b58=ESzi3jyKV4EWi1TC36nRwLiHHDVTmzn9iCFTotToyhC3
[2026-04-10 20:25:44] [INFO] [DBG]   k[1] s=0 w=1 len=32 b58=DQwQCSZL4Wm98FKdbVVw1Vq5txLcKNfxRBQrsy2MtcSa
[2026-04-10 20:25:44] [INFO] [DBG]   k[2] s=0 w=0 len=32 b58=ESzi3jyKV4EWi1TC36nRwLiHHDVTmzn9iCFTotToyhC3
[2026-04-10 20:25:44] [INFO] [DBG]   k[3] s=0 w=0 len=32 b58=So11111111111111111111111111111111111111112
[2026-04-10 20:25:44] [INFO] [DBG]   k[4] s=0 w=0 len=32 b58=11111111111111111111111111111111
[2026-04-10 20:25:44] [INFO] [DBG]   k[5] s=0 w=0 len=32 b58=TokenkegQfeZyiNwAJbNbGKPFXCWuBvf9Ss623VQ5DA
[2026-04-10 20:25:44] [INFO] [DBG] ix[2] prog=KLend2g3 keys=12 dataLen=16 hex=87e734a70734d4c100902f5009000000
[2026-04-10 20:25:44] [INFO] [DBG]   k[0] s=1 w=0 len=32 b58=ESzi3jyKV4EWi1TC36nRwLiHHDVTmzn9iCFTotToyhC3
[2026-04-10 20:25:44] [INFO] [DBG]   k[1] s=0 w=0 len=32 b58=9DrvZvyWh1HuAoZxvYWMvkf2XCzryCpGgHqrMjyDWpmo
[2026-04-10 20:25:44] [INFO] [DBG]   k[2] s=0 w=0 len=32 b58=7u3HeHxYDLhnCoErrtycNokbQYbWGzLs6JSDqGAv5PfF
[2026-04-10 20:25:44] [INFO] [DBG]   k[3] s=0 w=1 len=32 b58=d4A2prbA2whesmvHaL88BH6Ewn5N4bTSU2Ze8P6Bc4Q
[2026-04-10 20:25:44] [INFO] [DBG]   k[4] s=0 w=0 len=32 b58=So11111111111111111111111111111111111111112
[2026-04-10 20:25:44] [INFO] [DBG]   k[5] s=0 w=1 len=32 b58=GafNuUXj9rxGLn4y79dPu6MHSuPWeJR6UtTWuexpGh3U
[2026-04-10 20:25:44] [INFO] [DBG]   k[6] s=0 w=1 len=32 b58=DQwQCSZL4Wm98FKdbVVw1Vq5txLcKNfxRBQrsy2MtcSa
[2026-04-10 20:25:44] [INFO] [DBG]   k[7] s=0 w=1 len=32 b58=3JNof8s453bwG5UqiXBLJc77NRQXezYYEBbk3fqnoKph
[2026-04-10 20:25:44] [INFO] [DBG]   k[8] s=0 w=0 len=32 b58=KLend2g3cP87fffoy8q1mQqGKjrxjC8boSyAYavgmjD
[2026-04-10 20:25:44] [INFO] [DBG]   k[9] s=0 w=0 len=32 b58=KLend2g3cP87fffoy8q1mQqGKjrxjC8boSyAYavgmjD
[2026-04-10 20:25:44] [INFO] [DBG]   k[10] s=0 w=0 len=32 b58=Sysvar1nstructions1111111111111111111111111
[2026-04-10 20:25:44] [INFO] [DBG]   k[11] s=0 w=0 len=32 b58=TokenkegQfeZyiNwAJbNbGKPFXCWuBvf9Ss623VQ5DA
[2026-04-10 20:25:44] [INFO] [DBG] ix[3] prog=ComputeB keys=0 dataLen=5 hex=02c0270900
[2026-04-10 20:25:44] [INFO] [DBG] ix[4] prog=ComputeB keys=0 dataLen=9 hex=030100000000000000
[2026-04-10 20:25:44] [INFO] [DBG] ix[5] prog=ATokenGP keys=6 dataLen=1 hex=01
[2026-04-10 20:25:44] [INFO] [DBG]   k[0] s=1 w=1 len=32 b58=ESzi3jyKV4EWi1TC36nRwLiHHDVTmzn9iCFTotToyhC3
[2026-04-10 20:25:44] [INFO] [DBG]   k[1] s=0 w=1 len=32 b58=8ChvMvALunCZrZnbr3Jwf4S8kEKYAqcMGL2C53MFgK87
[2026-04-10 20:25:44] [INFO] [DBG]   k[2] s=0 w=0 len=32 b58=ESzi3jyKV4EWi1TC36nRwLiHHDVTmzn9iCFTotToyhC3
[2026-04-10 20:25:44] [INFO] [DBG]   k[3] s=0 w=0 len=32 b58=DezXAZ8z7PnrnRJjz3wXBoRgixCa6xjnB7YaB1pPB263
[2026-04-10 20:25:44] [INFO] [DBG]   k[4] s=0 w=0 len=32 b58=11111111111111111111111111111111
[2026-04-10 20:25:44] [INFO] [DBG]   k[5] s=0 w=0 len=32 b58=TokenkegQfeZyiNwAJbNbGKPFXCWuBvf9Ss623VQ5DA
[2026-04-10 20:25:44] [INFO] [DBG] ix[6] prog=whirLbMi keys=11 dataLen=42 hex=f8c69e91e17587c800902f5009000000bde064d89f2d0000513b01000100000000000000000000000101
[2026-04-10 20:25:44] [INFO] [DBG]   k[0] s=0 w=0 len=32 b58=TokenkegQfeZyiNwAJbNbGKPFXCWuBvf9Ss623VQ5DA
[2026-04-10 20:25:44] [INFO] [DBG]   k[1] s=1 w=0 len=32 b58=ESzi3jyKV4EWi1TC36nRwLiHHDVTmzn9iCFTotToyhC3
[2026-04-10 20:25:44] [INFO] [DBG]   k[2] s=0 w=1 len=32 b58=5zpyutJu9ee6jFymDGoK7F6S5Kczqtc9FomP3ueKuyA9
[2026-04-10 20:25:44] [INFO] [DBG]   k[3] s=0 w=1 len=32 b58=DQwQCSZL4Wm98FKdbVVw1Vq5txLcKNfxRBQrsy2MtcSa
[2026-04-10 20:25:44] [INFO] [DBG]   k[4] s=0 w=1 len=32 b58=ES7yhSrYeFo4U1PfJHNRkbfCWxCwPLk2DjrEbmN8bg58
[2026-04-10 20:25:44] [INFO] [DBG]   k[5] s=0 w=1 len=32 b58=8ChvMvALunCZrZnbr3Jwf4S8kEKYAqcMGL2C53MFgK87
[2026-04-10 20:25:44] [INFO] [DBG]   k[6] s=0 w=1 len=32 b58=4dmvFGeQH2eqa3ktNHMgm4wZ8vuTukBiK9M7gxW5oR9F
[2026-04-10 20:25:44] [INFO] [DBG]   k[7] s=0 w=1 len=32 b58=EJRTQoUhFocFL4fRwrhERF6wBL4RTZQrKe6dDuwrnRei
[2026-04-10 20:25:44] [INFO] [DBG]   k[8] s=0 w=1 len=32 b58=DTjFaPV7fLHGUQ7XoS2HqW9kUL2F41hAdTu89Hhsonni
[2026-04-10 20:25:44] [INFO] [DBG]   k[9] s=0 w=1 len=32 b58=A7xxBQk2BAEX3ewQrtDA28Mbf722nDmPVtb2UNu9gwCU
[2026-04-10 20:25:44] [INFO] [DBG]   k[10] s=0 w=0 len=32 b58=EXpqcVuTTPEmyeVu2LHM75ha7FwmjJ88MnhSMRRdy5Sh
[2026-04-10 20:25:44] [INFO] [DBG] ix[7] prog=CAMMCzo5 keys=12 dataLen=41 hex=f8c69e91e17587c8d3c01a9bb13200000100000000000000af331ba8327fbb35b1c4feff0000000001
[2026-04-10 20:25:44] [INFO] [DBG]   k[0] s=1 w=1 len=32 b58=ESzi3jyKV4EWi1TC36nRwLiHHDVTmzn9iCFTotToyhC3
[2026-04-10 20:25:44] [INFO] [DBG]   k[1] s=0 w=0 len=32 b58=E64NGkDLLCdQ2yFNPcavaKptrEgmiQaNykUuLC1Qgwyp
[2026-04-10 20:25:44] [INFO] [DBG]   k[2] s=0 w=1 len=32 b58=GtKKKs3yaPdHbQd2aZS4SfWhy8zQ988BJGnKNndLxYsN
[2026-04-10 20:25:44] [INFO] [DBG]   k[3] s=0 w=1 len=32 b58=8ChvMvALunCZrZnbr3Jwf4S8kEKYAqcMGL2C53MFgK87
[2026-04-10 20:25:44] [INFO] [DBG]   k[4] s=0 w=1 len=32 b58=DQwQCSZL4Wm98FKdbVVw1Vq5txLcKNfxRBQrsy2MtcSa
[2026-04-10 20:25:44] [INFO] [DBG]   k[5] s=0 w=1 len=32 b58=2wzaFLYb4JcDrVs8TfU3TfkVwq1Pdp3rRgWdNJzFGXud
[2026-04-10 20:25:44] [INFO] [DBG]   k[6] s=0 w=1 len=32 b58=GDnBvA76ZAJ2K3en2F1iExPZ6qz83Xjj5srXMmSKTYDW
[2026-04-10 20:25:44] [INFO] [DBG]   k[7] s=0 w=1 len=32 b58=Gj8gzDNKmf5y3p1LorKHTvMZ8eCLhbCDnhGiN5xVW8Jq
[2026-04-10 20:25:44] [INFO] [DBG]   k[8] s=0 w=0 len=32 b58=TokenkegQfeZyiNwAJbNbGKPFXCWuBvf9Ss623VQ5DA
[2026-04-10 20:25:44] [INFO] [DBG]   k[9] s=0 w=1 len=32 b58=FohQpHgvyJQHbYvrkyVXGuZpA2aaBXVBeHtEoxe5gzir
[2026-04-10 20:25:44] [INFO] [DBG]   k[10] s=0 w=1 len=32 b58=CiigF62vU9rt9jf4YRvEWsoZxd3SCxVLXM13SC5C6832
[2026-04-10 20:25:44] [INFO] [DBG]   k[11] s=0 w=1 len=32 b58=AUMHvL8Gx6vBRsiSVxXqz76jriK7xzwX31PzuX4bgep
[2026-04-10 20:25:44] [INFO] [DBG] ix[8] prog=KLend2g3 keys=12 dataLen=17 hex=b97500cb60f5b4ba00902f500900000002
[2026-04-10 20:25:44] [INFO] [DBG]   k[0] s=1 w=0 len=32 b58=ESzi3jyKV4EWi1TC36nRwLiHHDVTmzn9iCFTotToyhC3
[2026-04-10 20:25:44] [INFO] [DBG]   k[1] s=0 w=0 len=32 b58=9DrvZvyWh1HuAoZxvYWMvkf2XCzryCpGgHqrMjyDWpmo
[2026-04-10 20:25:44] [INFO] [DBG]   k[2] s=0 w=0 len=32 b58=7u3HeHxYDLhnCoErrtycNokbQYbWGzLs6JSDqGAv5PfF
[2026-04-10 20:25:44] [INFO] [DBG]   k[3] s=0 w=1 len=32 b58=d4A2prbA2whesmvHaL88BH6Ewn5N4bTSU2Ze8P6Bc4Q
[2026-04-10 20:25:44] [INFO] [DBG]   k[4] s=0 w=0 len=32 b58=So11111111111111111111111111111111111111112
[2026-04-10 20:25:44] [INFO] [DBG]   k[5] s=0 w=1 len=32 b58=GafNuUXj9rxGLn4y79dPu6MHSuPWeJR6UtTWuexpGh3U
[2026-04-10 20:25:44] [INFO] [DBG]   k[6] s=0 w=1 len=32 b58=DQwQCSZL4Wm98FKdbVVw1Vq5txLcKNfxRBQrsy2MtcSa
[2026-04-10 20:25:44] [INFO] [DBG]   k[7] s=0 w=1 len=32 b58=3JNof8s453bwG5UqiXBLJc77NRQXezYYEBbk3fqnoKph
[2026-04-10 20:25:44] [INFO] [DBG]   k[8] s=0 w=0 len=32 b58=KLend2g3cP87fffoy8q1mQqGKjrxjC8boSyAYavgmjD
[2026-04-10 20:25:44] [INFO] [DBG]   k[9] s=0 w=0 len=32 b58=KLend2g3cP87fffoy8q1mQqGKjrxjC8boSyAYavgmjD
[2026-04-10 20:25:44] [INFO] [DBG]   k[10] s=0 w=0 len=32 b58=Sysvar1nstructions1111111111111111111111111
[2026-04-10 20:25:44] [INFO] [DBG]   k[11] s=0 w=0 len=32 b58=TokenkegQfeZyiNwAJbNbGKPFXCWuBvf9Ss623VQ5DA
[2026-04-10 20:25:44] [INFO] [DBG] ix[9] prog=Tokenkeg keys=3 dataLen=1 hex=09
[2026-04-10 20:25:44] [INFO] [DBG]   k[0] s=0 w=1 len=32 b58=DQwQCSZL4Wm98FKdbVVw1Vq5txLcKNfxRBQrsy2MtcSa
[2026-04-10 20:25:44] [INFO] [DBG]   k[1] s=0 w=1 len=32 b58=ESzi3jyKV4EWi1TC36nRwLiHHDVTmzn9iCFTotToyhC3
[2026-04-10 20:25:44] [INFO] [DBG]   k[2] s=1 w=0 len=32 b58=ESzi3jyKV4EWi1TC36nRwLiHHDVTmzn9iCFTotToyhC3
[2026-04-10 20:25:44] [INFO] [LocalExec] Tx size: 907 bytes | 10 instructions
[2026-04-10 20:25:44] [INFO] [LocalExec] Jito accepted via frankfurt
[2026-04-10 20:25:44] [INFO] [LAT] gate=3ms build=113ms sign=17ms submit=26ms TOTAL=159ms
[2026-04-10 20:25:44] [INFO] [LocalExec] ✅ Tx submitted: 5GnQJDbJk9tQtkYRZmt3JqGqeFbiV5KNbaVSLcaau7wwt4gWsGjeUKjYXsjzgZA1fuxs7FDBxXwaWFhvS8ENJzfN
[2026-04-10 20:25:44] [INFO] [LocalExec] Jito accepted via amsterdam
[2026-04-10 20:25:44] [INFO] [LocalExec] Jito accepted via mainnet
[2026-04-10 20:25:49] [INFO] [XDEX] SOL/BONK | spread: 0.0103% | fees: 0.0600% | PROFITABLE | hi: Orca (14127044.766206) 5zpyutJu9ee6jFymDGoK7F6S5Kczqtc9FomP3ueKuyA9 | lo: Raydium CLMM (14125586.414236) GtKKKs3yaPdHbQd2aZS4SfWhy8zQ988BJGnKNndLxYsN
[2026-04-10 20:25:49] [WARN] [LocalExec] ⚠️  computeSwap BYPASSED — pipeline test mode | gross local: -234.5049 USD
[2026-04-10 20:25:49] [INFO] 🎯 LOCAL EXEC — SOL/BONK | spread: 0.010% | loan: 40.0 SOL | profit: ~$-234.5049 | buy: Orca@5zpyutJu → sell: Raydium CLMM@GtKKKs3y
[2026-04-10 20:25:49] [INFO] [LocalExec] Jito tip: 50000 lamports (~$0.0043)
[2026-04-10 20:25:49] [INFO] [LocalExec] borrowIxIndex dynamically set to 2
[2026-04-10 20:25:49] [INFO] [DBG] innerIxs.length=10
[2026-04-10 20:25:49] [INFO] [DBG] ix[0] prog=11111111 keys=2 dataLen=12 hex=0200000050c3000000000000
[2026-04-10 20:25:49] [INFO] [DBG]   k[0] s=1 w=1 len=32 b58=ESzi3jyKV4EWi1TC36nRwLiHHDVTmzn9iCFTotToyhC3
[2026-04-10 20:25:49] [INFO] [DBG]   k[1] s=0 w=1 len=32 b58=96gYZGLnJYVFmbjzopPSU6QiEV5fGqZNyN9nmNhvrZU5
[2026-04-10 20:25:49] [INFO] [DBG] ix[1] prog=ATokenGP keys=6 dataLen=1 hex=01
[2026-04-10 20:25:49] [INFO] [DBG]   k[0] s=1 w=1 len=32 b58=ESzi3jyKV4EWi1TC36nRwLiHHDVTmzn9iCFTotToyhC3
[2026-04-10 20:25:49] [INFO] [DBG]   k[1] s=0 w=1 len=32 b58=DQwQCSZL4Wm98FKdbVVw1Vq5txLcKNfxRBQrsy2MtcSa
[2026-04-10 20:25:49] [INFO] [DBG]   k[2] s=0 w=0 len=32 b58=ESzi3jyKV4EWi1TC36nRwLiHHDVTmzn9iCFTotToyhC3
[2026-04-10 20:25:49] [INFO] [DBG]   k[3] s=0 w=0 len=32 b58=So11111111111111111111111111111111111111112
[2026-04-10 20:25:49] [INFO] [DBG]   k[4] s=0 w=0 len=32 b58=11111111111111111111111111111111
[2026-04-10 20:25:49] [INFO] [DBG]   k[5] s=0 w=0 len=32 b58=TokenkegQfeZyiNwAJbNbGKPFXCWuBvf9Ss623VQ5DA
[2026-04-10 20:25:49] [INFO] [DBG] ix[2] prog=KLend2g3 keys=12 dataLen=16 hex=87e734a70734d4c100902f5009000000
[2026-04-10 20:25:49] [INFO] [DBG]   k[0] s=1 w=0 len=32 b58=ESzi3jyKV4EWi1TC36nRwLiHHDVTmzn9iCFTotToyhC3
[2026-04-10 20:25:49] [INFO] [DBG]   k[1] s=0 w=0 len=32 b58=9DrvZvyWh1HuAoZxvYWMvkf2XCzryCpGgHqrMjyDWpmo
[2026-04-10 20:25:49] [INFO] [DBG]   k[2] s=0 w=0 len=32 b58=7u3HeHxYDLhnCoErrtycNokbQYbWGzLs6JSDqGAv5PfF
[2026-04-10 20:25:49] [INFO] [DBG]   k[3] s=0 w=1 len=32 b58=d4A2prbA2whesmvHaL88BH6Ewn5N4bTSU2Ze8P6Bc4Q
[2026-04-10 20:25:49] [INFO] [DBG]   k[4] s=0 w=0 len=32 b58=So11111111111111111111111111111111111111112
[2026-04-10 20:25:49] [INFO] [DBG]   k[5] s=0 w=1 len=32 b58=GafNuUXj9rxGLn4y79dPu6MHSuPWeJR6UtTWuexpGh3U
[2026-04-10 20:25:49] [INFO] [DBG]   k[6] s=0 w=1 len=32 b58=DQwQCSZL4Wm98FKdbVVw1Vq5txLcKNfxRBQrsy2MtcSa
[2026-04-10 20:25:49] [INFO] [DBG]   k[7] s=0 w=1 len=32 b58=3JNof8s453bwG5UqiXBLJc77NRQXezYYEBbk3fqnoKph
[2026-04-10 20:25:49] [INFO] [DBG]   k[8] s=0 w=0 len=32 b58=KLend2g3cP87fffoy8q1mQqGKjrxjC8boSyAYavgmjD
[2026-04-10 20:25:49] [INFO] [DBG]   k[9] s=0 w=0 len=32 b58=KLend2g3cP87fffoy8q1mQqGKjrxjC8boSyAYavgmjD
[2026-04-10 20:25:49] [INFO] [DBG]   k[10] s=0 w=0 len=32 b58=Sysvar1nstructions1111111111111111111111111
[2026-04-10 20:25:49] [INFO] [DBG]   k[11] s=0 w=0 len=32 b58=TokenkegQfeZyiNwAJbNbGKPFXCWuBvf9Ss623VQ5DA
[2026-04-10 20:25:49] [INFO] [DBG] ix[3] prog=ComputeB keys=0 dataLen=5 hex=02c0270900
[2026-04-10 20:25:49] [INFO] [DBG] ix[4] prog=ComputeB keys=0 dataLen=9 hex=030100000000000000
[2026-04-10 20:25:49] [INFO] [DBG] ix[5] prog=ATokenGP keys=6 dataLen=1 hex=01
[2026-04-10 20:25:49] [INFO] [DBG]   k[0] s=1 w=1 len=32 b58=ESzi3jyKV4EWi1TC36nRwLiHHDVTmzn9iCFTotToyhC3
[2026-04-10 20:25:49] [INFO] [DBG]   k[1] s=0 w=1 len=32 b58=8ChvMvALunCZrZnbr3Jwf4S8kEKYAqcMGL2C53MFgK87
[2026-04-10 20:25:49] [INFO] [DBG]   k[2] s=0 w=0 len=32 b58=ESzi3jyKV4EWi1TC36nRwLiHHDVTmzn9iCFTotToyhC3
[2026-04-10 20:25:49] [INFO] [DBG]   k[3] s=0 w=0 len=32 b58=DezXAZ8z7PnrnRJjz3wXBoRgixCa6xjnB7YaB1pPB263
[2026-04-10 20:25:49] [INFO] [DBG]   k[4] s=0 w=0 len=32 b58=11111111111111111111111111111111
[2026-04-10 20:25:49] [INFO] [DBG]   k[5] s=0 w=0 len=32 b58=TokenkegQfeZyiNwAJbNbGKPFXCWuBvf9Ss623VQ5DA
[2026-04-10 20:25:49] [INFO] [DBG] ix[6] prog=whirLbMi keys=11 dataLen=42 hex=f8c69e91e17587c800902f5009000000c582544d9e2d0000513b01000100000000000000000000000101
[2026-04-10 20:25:49] [INFO] [DBG]   k[0] s=0 w=0 len=32 b58=TokenkegQfeZyiNwAJbNbGKPFXCWuBvf9Ss623VQ5DA
[2026-04-10 20:25:49] [INFO] [DBG]   k[1] s=1 w=0 len=32 b58=ESzi3jyKV4EWi1TC36nRwLiHHDVTmzn9iCFTotToyhC3
[2026-04-10 20:25:49] [INFO] [DBG]   k[2] s=0 w=1 len=32 b58=5zpyutJu9ee6jFymDGoK7F6S5Kczqtc9FomP3ueKuyA9
[2026-04-10 20:25:49] [INFO] [DBG]   k[3] s=0 w=1 len=32 b58=DQwQCSZL4Wm98FKdbVVw1Vq5txLcKNfxRBQrsy2MtcSa
[2026-04-10 20:25:49] [INFO] [DBG]   k[4] s=0 w=1 len=32 b58=ES7yhSrYeFo4U1PfJHNRkbfCWxCwPLk2DjrEbmN8bg58
[2026-04-10 20:25:49] [INFO] [DBG]   k[5] s=0 w=1 len=32 b58=8ChvMvALunCZrZnbr3Jwf4S8kEKYAqcMGL2C53MFgK87
[2026-04-10 20:25:49] [INFO] [DBG]   k[6] s=0 w=1 len=32 b58=4dmvFGeQH2eqa3ktNHMgm4wZ8vuTukBiK9M7gxW5oR9F
[2026-04-10 20:25:49] [INFO] [DBG]   k[7] s=0 w=1 len=32 b58=EJRTQoUhFocFL4fRwrhERF6wBL4RTZQrKe6dDuwrnRei
[2026-04-10 20:25:49] [INFO] [DBG]   k[8] s=0 w=1 len=32 b58=DTjFaPV7fLHGUQ7XoS2HqW9kUL2F41hAdTu89Hhsonni
[2026-04-10 20:25:49] [INFO] [DBG]   k[9] s=0 w=1 len=32 b58=A7xxBQk2BAEX3ewQrtDA28Mbf722nDmPVtb2UNu9gwCU
[2026-04-10 20:25:49] [INFO] [DBG]   k[10] s=0 w=0 len=32 b58=EXpqcVuTTPEmyeVu2LHM75ha7FwmjJ88MnhSMRRdy5Sh
[2026-04-10 20:25:49] [INFO] [DBG] ix[7] prog=CAMMCzo5 keys=12 dataLen=41 hex=f8c69e91e17587c8140325e4af3200000100000000000000af331ba8327fbb35b1c4feff0000000001
[2026-04-10 20:25:49] [INFO] [DBG]   k[0] s=1 w=1 len=32 b58=ESzi3jyKV4EWi1TC36nRwLiHHDVTmzn9iCFTotToyhC3
[2026-04-10 20:25:49] [INFO] [DBG]   k[1] s=0 w=0 len=32 b58=E64NGkDLLCdQ2yFNPcavaKptrEgmiQaNykUuLC1Qgwyp
[2026-04-10 20:25:49] [INFO] [DBG]   k[2] s=0 w=1 len=32 b58=GtKKKs3yaPdHbQd2aZS4SfWhy8zQ988BJGnKNndLxYsN
[2026-04-10 20:25:49] [INFO] [DBG]   k[3] s=0 w=1 len=32 b58=8ChvMvALunCZrZnbr3Jwf4S8kEKYAqcMGL2C53MFgK87
[2026-04-10 20:25:49] [INFO] [DBG]   k[4] s=0 w=1 len=32 b58=DQwQCSZL4Wm98FKdbVVw1Vq5txLcKNfxRBQrsy2MtcSa
[2026-04-10 20:25:49] [INFO] [DBG]   k[5] s=0 w=1 len=32 b58=2wzaFLYb4JcDrVs8TfU3TfkVwq1Pdp3rRgWdNJzFGXud
[2026-04-10 20:25:49] [INFO] [DBG]   k[6] s=0 w=1 len=32 b58=GDnBvA76ZAJ2K3en2F1iExPZ6qz83Xjj5srXMmSKTYDW
[2026-04-10 20:25:49] [INFO] [DBG]   k[7] s=0 w=1 len=32 b58=Gj8gzDNKmf5y3p1LorKHTvMZ8eCLhbCDnhGiN5xVW8Jq
[2026-04-10 20:25:49] [INFO] [DBG]   k[8] s=0 w=0 len=32 b58=TokenkegQfeZyiNwAJbNbGKPFXCWuBvf9Ss623VQ5DA
[2026-04-10 20:25:49] [INFO] [DBG]   k[9] s=0 w=1 len=32 b58=FohQpHgvyJQHbYvrkyVXGuZpA2aaBXVBeHtEoxe5gzir
[2026-04-10 20:25:49] [INFO] [DBG]   k[10] s=0 w=1 len=32 b58=CiigF62vU9rt9jf4YRvEWsoZxd3SCxVLXM13SC5C6832
[2026-04-10 20:25:49] [INFO] [DBG]   k[11] s=0 w=1 len=32 b58=AUMHvL8Gx6vBRsiSVxXqz76jriK7xzwX31PzuX4bgep
[2026-04-10 20:25:49] [INFO] [DBG] ix[8] prog=KLend2g3 keys=12 dataLen=17 hex=b97500cb60f5b4ba00902f500900000002
[2026-04-10 20:25:49] [INFO] [DBG]   k[0] s=1 w=0 len=32 b58=ESzi3jyKV4EWi1TC36nRwLiHHDVTmzn9iCFTotToyhC3
[2026-04-10 20:25:49] [INFO] [DBG]   k[1] s=0 w=0 len=32 b58=9DrvZvyWh1HuAoZxvYWMvkf2XCzryCpGgHqrMjyDWpmo
[2026-04-10 20:25:49] [INFO] [DBG]   k[2] s=0 w=0 len=32 b58=7u3HeHxYDLhnCoErrtycNokbQYbWGzLs6JSDqGAv5PfF
[2026-04-10 20:25:49] [INFO] [DBG]   k[3] s=0 w=1 len=32 b58=d4A2prbA2whesmvHaL88BH6Ewn5N4bTSU2Ze8P6Bc4Q
[2026-04-10 20:25:49] [INFO] [DBG]   k[4] s=0 w=0 len=32 b58=So11111111111111111111111111111111111111112
[2026-04-10 20:25:49] [INFO] [DBG]   k[5] s=0 w=1 len=32 b58=GafNuUXj9rxGLn4y79dPu6MHSuPWeJR6UtTWuexpGh3U
[2026-04-10 20:25:49] [INFO] [DBG]   k[6] s=0 w=1 len=32 b58=DQwQCSZL4Wm98FKdbVVw1Vq5txLcKNfxRBQrsy2MtcSa
[2026-04-10 20:25:49] [INFO] [DBG]   k[7] s=0 w=1 len=32 b58=3JNof8s453bwG5UqiXBLJc77NRQXezYYEBbk3fqnoKph
[2026-04-10 20:25:49] [INFO] [DBG]   k[8] s=0 w=0 len=32 b58=KLend2g3cP87fffoy8q1mQqGKjrxjC8boSyAYavgmjD
[2026-04-10 20:25:49] [INFO] [DBG]   k[9] s=0 w=0 len=32 b58=KLend2g3cP87fffoy8q1mQqGKjrxjC8boSyAYavgmjD
[2026-04-10 20:25:49] [INFO] [DBG]   k[10] s=0 w=0 len=32 b58=Sysvar1nstructions1111111111111111111111111
[2026-04-10 20:25:49] [INFO] [DBG]   k[11] s=0 w=0 len=32 b58=TokenkegQfeZyiNwAJbNbGKPFXCWuBvf9Ss623VQ5DA
[2026-04-10 20:25:49] [INFO] [DBG] ix[9] prog=Tokenkeg keys=3 dataLen=1 hex=09
[2026-04-10 20:25:49] [INFO] [DBG]   k[0] s=0 w=1 len=32 b58=DQwQCSZL4Wm98FKdbVVw1Vq5txLcKNfxRBQrsy2MtcSa
[2026-04-10 20:25:49] [INFO] [DBG]   k[1] s=0 w=1 len=32 b58=ESzi3jyKV4EWi1TC36nRwLiHHDVTmzn9iCFTotToyhC3
[2026-04-10 20:25:49] [INFO] [DBG]   k[2] s=1 w=0 len=32 b58=ESzi3jyKV4EWi1TC36nRwLiHHDVTmzn9iCFTotToyhC3
[2026-04-10 20:25:49] [INFO] [LocalExec] Tx size: 907 bytes | 10 instructions
[2026-04-10 20:25:49] [INFO] [LocalExec] Jito accepted via frankfurt
[2026-04-10 20:25:49] [INFO] [LAT] gate=3ms build=115ms sign=16ms submit=19ms TOTAL=153ms
[2026-04-10 20:25:49] [INFO] [LocalExec] ✅ Tx submitted: 2ni66TGFP8JQpsxzJQqsosVdFhGVkFtL8zpvGtht6oBzvjTDuaZPxfr3LDDzAmfQWPE1TCegmrC2RcVvYkLco1oZ
[2026-04-10 20:25:49] [INFO] [LocalExec] Jito accepted via amsterdam
[2026-04-10 20:25:49] [INFO] [LocalExec] Jito accepted via mainnet
[2026-04-10 20:25:49] [ERROR] Unhandled rejection: Error: 429 Too Many Requests: {"jsonrpc":"2.0","error":{"code":-32429,"message":"rate limited"}}
[2026-04-10 20:25:49] [INFO] [XDEX] SOL/BONK | spread: 0.0098% | fees: 0.0600% | PROFITABLE | hi: Orca (14126963.938393) 5zpyutJu9ee6jFymDGoK7F6S5Kczqtc9FomP3ueKuyA9 | lo: Raydium CLMM (14125586.414236) GtKKKs3yaPdHbQd2aZS4SfWhy8zQ988BJGnKNndLxYsN
[2026-04-10 20:25:49] [WARN] [LocalExec] ⚠️  computeSwap BYPASSED — pipeline test mode | gross local: -234.5219 USD
[2026-04-10 20:25:49] [INFO] 🎯 LOCAL EXEC — SOL/BONK | spread: 0.010% | loan: 40.0 SOL | profit: ~$-234.5219 | buy: Orca@5zpyutJu → sell: Raydium CLMM@GtKKKs3y
[2026-04-10 20:25:49] [INFO] [LocalExec] Jito tip: 50000 lamports (~$0.0043)
[2026-04-10 20:25:49] [INFO] [LocalExec] borrowIxIndex dynamically set to 2
[2026-04-10 20:25:49] [INFO] [DBG] innerIxs.length=10
[2026-04-10 20:25:49] [INFO] [DBG] ix[0] prog=11111111 keys=2 dataLen=12 hex=0200000050c3000000000000
[2026-04-10 20:25:49] [INFO] [DBG]   k[0] s=1 w=1 len=32 b58=ESzi3jyKV4EWi1TC36nRwLiHHDVTmzn9iCFTotToyhC3
[2026-04-10 20:25:49] [INFO] [DBG]   k[1] s=0 w=1 len=32 b58=3AVi9Tg9Uo68tJfuvoKvqKNWKkC5wPdSSdeBnizKZ6jT
[2026-04-10 20:25:49] [INFO] [DBG] ix[1] prog=ATokenGP keys=6 dataLen=1 hex=01
[2026-04-10 20:25:49] [INFO] [DBG]   k[0] s=1 w=1 len=32 b58=ESzi3jyKV4EWi1TC36nRwLiHHDVTmzn9iCFTotToyhC3
[2026-04-10 20:25:49] [INFO] [DBG]   k[1] s=0 w=1 len=32 b58=DQwQCSZL4Wm98FKdbVVw1Vq5txLcKNfxRBQrsy2MtcSa
[2026-04-10 20:25:49] [INFO] [DBG]   k[2] s=0 w=0 len=32 b58=ESzi3jyKV4EWi1TC36nRwLiHHDVTmzn9iCFTotToyhC3
[2026-04-10 20:25:49] [INFO] [DBG]   k[3] s=0 w=0 len=32 b58=So11111111111111111111111111111111111111112
[2026-04-10 20:25:49] [INFO] [DBG]   k[4] s=0 w=0 len=32 b58=11111111111111111111111111111111
[2026-04-10 20:25:49] [INFO] [DBG]   k[5] s=0 w=0 len=32 b58=TokenkegQfeZyiNwAJbNbGKPFXCWuBvf9Ss623VQ5DA
[2026-04-10 20:25:49] [INFO] [DBG] ix[2] prog=KLend2g3 keys=12 dataLen=16 hex=87e734a70734d4c100902f5009000000
[2026-04-10 20:25:49] [INFO] [DBG]   k[0] s=1 w=0 len=32 b58=ESzi3jyKV4EWi1TC36nRwLiHHDVTmzn9iCFTotToyhC3
[2026-04-10 20:25:49] [INFO] [DBG]   k[1] s=0 w=0 len=32 b58=9DrvZvyWh1HuAoZxvYWMvkf2XCzryCpGgHqrMjyDWpmo
[2026-04-10 20:25:49] [INFO] [DBG]   k[2] s=0 w=0 len=32 b58=7u3HeHxYDLhnCoErrtycNokbQYbWGzLs6JSDqGAv5PfF
[2026-04-10 20:25:49] [INFO] [DBG]   k[3] s=0 w=1 len=32 b58=d4A2prbA2whesmvHaL88BH6Ewn5N4bTSU2Ze8P6Bc4Q
[2026-04-10 20:25:49] [INFO] [DBG]   k[4] s=0 w=0 len=32 b58=So11111111111111111111111111111111111111112
[2026-04-10 20:25:49] [INFO] [DBG]   k[5] s=0 w=1 len=32 b58=GafNuUXj9rxGLn4y79dPu6MHSuPWeJR6UtTWuexpGh3U
[2026-04-10 20:25:49] [INFO] [DBG]   k[6] s=0 w=1 len=32 b58=DQwQCSZL4Wm98FKdbVVw1Vq5txLcKNfxRBQrsy2MtcSa
[2026-04-10 20:25:49] [INFO] [DBG]   k[7] s=0 w=1 len=32 b58=3JNof8s453bwG5UqiXBLJc77NRQXezYYEBbk3fqnoKph
[2026-04-10 20:25:49] [INFO] [DBG]   k[8] s=0 w=0 len=32 b58=KLend2g3cP87fffoy8q1mQqGKjrxjC8boSyAYavgmjD
[2026-04-10 20:25:49] [INFO] [DBG]   k[9] s=0 w=0 len=32 b58=KLend2g3cP87fffoy8q1mQqGKjrxjC8boSyAYavgmjD
[2026-04-10 20:25:49] [INFO] [DBG]   k[10] s=0 w=0 len=32 b58=Sysvar1nstructions1111111111111111111111111
[2026-04-10 20:25:49] [INFO] [DBG]   k[11] s=0 w=0 len=32 b58=TokenkegQfeZyiNwAJbNbGKPFXCWuBvf9Ss623VQ5DA
[2026-04-10 20:25:49] [INFO] [DBG] ix[3] prog=ComputeB keys=0 dataLen=5 hex=02c0270900
[2026-04-10 20:25:49] [INFO] [DBG] ix[4] prog=ComputeB keys=0 dataLen=9 hex=030100000000000000
[2026-04-10 20:25:49] [INFO] [DBG] ix[5] prog=ATokenGP keys=6 dataLen=1 hex=01
[2026-04-10 20:25:49] [INFO] [DBG]   k[0] s=1 w=1 len=32 b58=ESzi3jyKV4EWi1TC36nRwLiHHDVTmzn9iCFTotToyhC3
[2026-04-10 20:25:49] [INFO] [DBG]   k[1] s=0 w=1 len=32 b58=8ChvMvALunCZrZnbr3Jwf4S8kEKYAqcMGL2C53MFgK87
[2026-04-10 20:25:49] [INFO] [DBG]   k[2] s=0 w=0 len=32 b58=ESzi3jyKV4EWi1TC36nRwLiHHDVTmzn9iCFTotToyhC3
[2026-04-10 20:25:49] [INFO] [DBG]   k[3] s=0 w=0 len=32 b58=DezXAZ8z7PnrnRJjz3wXBoRgixCa6xjnB7YaB1pPB263
[2026-04-10 20:25:49] [INFO] [DBG]   k[4] s=0 w=0 len=32 b58=11111111111111111111111111111111
[2026-04-10 20:25:49] [INFO] [DBG]   k[5] s=0 w=0 len=32 b58=TokenkegQfeZyiNwAJbNbGKPFXCWuBvf9Ss623VQ5DA
[2026-04-10 20:25:49] [INFO] [DBG] ix[6] prog=whirLbMi keys=11 dataLen=42 hex=f8c69e91e17587c800902f5009000000a599563c9e2d0000513b01000100000000000000000000000101
[2026-04-10 20:25:49] [INFO] [DBG]   k[0] s=0 w=0 len=32 b58=TokenkegQfeZyiNwAJbNbGKPFXCWuBvf9Ss623VQ5DA
[2026-04-10 20:25:49] [INFO] [DBG]   k[1] s=1 w=0 len=32 b58=ESzi3jyKV4EWi1TC36nRwLiHHDVTmzn9iCFTotToyhC3
[2026-04-10 20:25:49] [INFO] [DBG]   k[2] s=0 w=1 len=32 b58=5zpyutJu9ee6jFymDGoK7F6S5Kczqtc9FomP3ueKuyA9
[2026-04-10 20:25:49] [INFO] [DBG]   k[3] s=0 w=1 len=32 b58=DQwQCSZL4Wm98FKdbVVw1Vq5txLcKNfxRBQrsy2MtcSa
[2026-04-10 20:25:49] [INFO] [DBG]   k[4] s=0 w=1 len=32 b58=ES7yhSrYeFo4U1PfJHNRkbfCWxCwPLk2DjrEbmN8bg58
[2026-04-10 20:25:49] [INFO] [DBG]   k[5] s=0 w=1 len=32 b58=8ChvMvALunCZrZnbr3Jwf4S8kEKYAqcMGL2C53MFgK87
[2026-04-10 20:25:49] [INFO] [DBG]   k[6] s=0 w=1 len=32 b58=4dmvFGeQH2eqa3ktNHMgm4wZ8vuTukBiK9M7gxW5oR9F
[2026-04-10 20:25:49] [INFO] [DBG]   k[7] s=0 w=1 len=32 b58=EJRTQoUhFocFL4fRwrhERF6wBL4RTZQrKe6dDuwrnRei
[2026-04-10 20:25:49] [INFO] [DBG]   k[8] s=0 w=1 len=32 b58=DTjFaPV7fLHGUQ7XoS2HqW9kUL2F41hAdTu89Hhsonni
[2026-04-10 20:25:49] [INFO] [DBG]   k[9] s=0 w=1 len=32 b58=A7xxBQk2BAEX3ewQrtDA28Mbf722nDmPVtb2UNu9gwCU
[2026-04-10 20:25:49] [INFO] [DBG]   k[10] s=0 w=0 len=32 b58=EXpqcVuTTPEmyeVu2LHM75ha7FwmjJ88MnhSMRRdy5Sh
[2026-04-10 20:25:49] [INFO] [DBG] ix[7] prog=CAMMCzo5 keys=12 dataLen=41 hex=f8c69e91e17587c82ac743d1af3200000100000000000000af331ba8327fbb35b1c4feff0000000001
[2026-04-10 20:25:49] [INFO] [DBG]   k[0] s=1 w=1 len=32 b58=ESzi3jyKV4EWi1TC36nRwLiHHDVTmzn9iCFTotToyhC3
[2026-04-10 20:25:49] [INFO] [DBG]   k[1] s=0 w=0 len=32 b58=E64NGkDLLCdQ2yFNPcavaKptrEgmiQaNykUuLC1Qgwyp
[2026-04-10 20:25:49] [INFO] [DBG]   k[2] s=0 w=1 len=32 b58=GtKKKs3yaPdHbQd2aZS4SfWhy8zQ988BJGnKNndLxYsN
[2026-04-10 20:25:49] [INFO] [DBG]   k[3] s=0 w=1 len=32 b58=8ChvMvALunCZrZnbr3Jwf4S8kEKYAqcMGL2C53MFgK87
[2026-04-10 20:25:49] [INFO] [DBG]   k[4] s=0 w=1 len=32 b58=DQwQCSZL4Wm98FKdbVVw1Vq5txLcKNfxRBQrsy2MtcSa
[2026-04-10 20:25:49] [INFO] [DBG]   k[5] s=0 w=1 len=32 b58=2wzaFLYb4JcDrVs8TfU3TfkVwq1Pdp3rRgWdNJzFGXud
[2026-04-10 20:25:49] [INFO] [DBG]   k[6] s=0 w=1 len=32 b58=GDnBvA76ZAJ2K3en2F1iExPZ6qz83Xjj5srXMmSKTYDW
[2026-04-10 20:25:49] [INFO] [DBG]   k[7] s=0 w=1 len=32 b58=Gj8gzDNKmf5y3p1LorKHTvMZ8eCLhbCDnhGiN5xVW8Jq
[2026-04-10 20:25:49] [INFO] [DBG]   k[8] s=0 w=0 len=32 b58=TokenkegQfeZyiNwAJbNbGKPFXCWuBvf9Ss623VQ5DA
[2026-04-10 20:25:49] [INFO] [DBG]   k[9] s=0 w=1 len=32 b58=FohQpHgvyJQHbYvrkyVXGuZpA2aaBXVBeHtEoxe5gzir
[2026-04-10 20:25:49] [INFO] [DBG]   k[10] s=0 w=1 len=32 b58=CiigF62vU9rt9jf4YRvEWsoZxd3SCxVLXM13SC5C6832
[2026-04-10 20:25:49] [INFO] [DBG]   k[11] s=0 w=1 len=32 b58=AUMHvL8Gx6vBRsiSVxXqz76jriK7xzwX31PzuX4bgep
[2026-04-10 20:25:49] [INFO] [DBG] ix[8] prog=KLend2g3 keys=12 dataLen=17 hex=b97500cb60f5b4ba00902f500900000002
[2026-04-10 20:25:49] [INFO] [DBG]   k[0] s=1 w=0 len=32 b58=ESzi3jyKV4EWi1TC36nRwLiHHDVTmzn9iCFTotToyhC3
[2026-04-10 20:25:49] [INFO] [DBG]   k[1] s=0 w=0 len=32 b58=9DrvZvyWh1HuAoZxvYWMvkf2XCzryCpGgHqrMjyDWpmo
[2026-04-10 20:25:49] [INFO] [DBG]   k[2] s=0 w=0 len=32 b58=7u3HeHxYDLhnCoErrtycNokbQYbWGzLs6JSDqGAv5PfF
[2026-04-10 20:25:49] [INFO] [DBG]   k[3] s=0 w=1 len=32 b58=d4A2prbA2whesmvHaL88BH6Ewn5N4bTSU2Ze8P6Bc4Q
[2026-04-10 20:25:49] [INFO] [DBG]   k[4] s=0 w=0 len=32 b58=So11111111111111111111111111111111111111112
[2026-04-10 20:25:49] [INFO] [DBG]   k[5] s=0 w=1 len=32 b58=GafNuUXj9rxGLn4y79dPu6MHSuPWeJR6UtTWuexpGh3U
[2026-04-10 20:25:49] [INFO] [DBG]   k[6] s=0 w=1 len=32 b58=DQwQCSZL4Wm98FKdbVVw1Vq5txLcKNfxRBQrsy2MtcSa
[2026-04-10 20:25:49] [INFO] [DBG]   k[7] s=0 w=1 len=32 b58=3JNof8s453bwG5UqiXBLJc77NRQXezYYEBbk3fqnoKph
[2026-04-10 20:25:49] [INFO] [DBG]   k[8] s=0 w=0 len=32 b58=KLend2g3cP87fffoy8q1mQqGKjrxjC8boSyAYavgmjD
[2026-04-10 20:25:49] [INFO] [DBG]   k[9] s=0 w=0 len=32 b58=KLend2g3cP87fffoy8q1mQqGKjrxjC8boSyAYavgmjD
[2026-04-10 20:25:49] [INFO] [DBG]   k[10] s=0 w=0 len=32 b58=Sysvar1nstructions1111111111111111111111111
[2026-04-10 20:25:49] [INFO] [DBG]   k[11] s=0 w=0 len=32 b58=TokenkegQfeZyiNwAJbNbGKPFXCWuBvf9Ss623VQ5DA
[2026-04-10 20:25:49] [INFO] [DBG] ix[9] prog=Tokenkeg keys=3 dataLen=1 hex=09
[2026-04-10 20:25:49] [INFO] [DBG]   k[0] s=0 w=1 len=32 b58=DQwQCSZL4Wm98FKdbVVw1Vq5txLcKNfxRBQrsy2MtcSa
[2026-04-10 20:25:49] [INFO] [DBG]   k[1] s=0 w=1 len=32 b58=ESzi3jyKV4EWi1TC36nRwLiHHDVTmzn9iCFTotToyhC3
[2026-04-10 20:25:49] [INFO] [DBG]   k[2] s=1 w=0 len=32 b58=ESzi3jyKV4EWi1TC36nRwLiHHDVTmzn9iCFTotToyhC3
[2026-04-10 20:25:49] [ERROR] [LocalExec] Error: failed to get recent blockhash: Error: 429 Too Many Requests: {"jsonrpc":"2.0","error":{"code":-32429,"message":"rate limited"}}
[2026-04-10 20:25:49] [ERROR] [LocalExec] Stack: Error: failed to get recent blockhash: Error: 429 Too Many Requests: {"jsonrpc":"2.0","error":{"code":-32429,"message":"rate limited"}}
    at Connection.getLatestBlockhash (/home/ubuntu/ARB-BOT/node_modules/@solana/web3.js/lib/index.cjs.js:7238:13)
    at process.processTicksAndRejections (node:internal/process/task_queues:95:5)
    at async Executor.executeLocal (/home/ubuntu/ARB-BOT/src/executor.js:1314:29)
    at async wsCallback (/home/ubuntu/ARB-BOT/src/bot.js:297:44)
[2026-04-10 20:25:49] [WARN] [LocalExec] ⚠️  computeSwap BYPASSED — pipeline test mode | gross local: -61.1159 USD
[2026-04-10 20:25:49] [INFO] 🎯 LOCAL EXEC — SOL/BONK | spread: 0.010% | loan: 20.0 SOL | profit: ~$-61.1159 | buy: Orca@5zpyutJu → sell: Raydium CLMM@GtKKKs3y
[2026-04-10 20:25:49] [INFO] [LocalExec] Jito tip: 50000 lamports (~$0.0043)
[2026-04-10 20:25:49] [INFO] [LocalExec] borrowIxIndex dynamically set to 2
[2026-04-10 20:25:49] [INFO] [DBG] innerIxs.length=10
[2026-04-10 20:25:49] [INFO] [DBG] ix[0] prog=11111111 keys=2 dataLen=12 hex=0200000050c3000000000000
[2026-04-10 20:25:49] [INFO] [DBG]   k[0] s=1 w=1 len=32 b58=ESzi3jyKV4EWi1TC36nRwLiHHDVTmzn9iCFTotToyhC3
[2026-04-10 20:25:49] [INFO] [DBG]   k[1] s=0 w=1 len=32 b58=ADaUMid9yfUytqMBgopwjb2DTLSokTSzL1zcaozNr7RD
[2026-04-10 20:25:49] [INFO] [DBG] ix[1] prog=ATokenGP keys=6 dataLen=1 hex=01
[2026-04-10 20:25:49] [INFO] [DBG]   k[0] s=1 w=1 len=32 b58=ESzi3jyKV4EWi1TC36nRwLiHHDVTmzn9iCFTotToyhC3
[2026-04-10 20:25:49] [INFO] [DBG]   k[1] s=0 w=1 len=32 b58=DQwQCSZL4Wm98FKdbVVw1Vq5txLcKNfxRBQrsy2MtcSa
[2026-04-10 20:25:49] [INFO] [DBG]   k[2] s=0 w=0 len=32 b58=ESzi3jyKV4EWi1TC36nRwLiHHDVTmzn9iCFTotToyhC3
[2026-04-10 20:25:49] [INFO] [DBG]   k[3] s=0 w=0 len=32 b58=So11111111111111111111111111111111111111112
[2026-04-10 20:25:49] [INFO] [DBG]   k[4] s=0 w=0 len=32 b58=11111111111111111111111111111111
[2026-04-10 20:25:49] [INFO] [DBG]   k[5] s=0 w=0 len=32 b58=TokenkegQfeZyiNwAJbNbGKPFXCWuBvf9Ss623VQ5DA
[2026-04-10 20:25:49] [INFO] [DBG] ix[2] prog=KLend2g3 keys=12 dataLen=16 hex=87e734a70734d4c100c817a804000000
[2026-04-10 20:25:49] [INFO] [DBG]   k[0] s=1 w=0 len=32 b58=ESzi3jyKV4EWi1TC36nRwLiHHDVTmzn9iCFTotToyhC3
[2026-04-10 20:25:49] [INFO] [DBG]   k[1] s=0 w=0 len=32 b58=9DrvZvyWh1HuAoZxvYWMvkf2XCzryCpGgHqrMjyDWpmo
[2026-04-10 20:25:49] [INFO] [DBG]   k[2] s=0 w=0 len=32 b58=7u3HeHxYDLhnCoErrtycNokbQYbWGzLs6JSDqGAv5PfF
[2026-04-10 20:25:49] [INFO] [DBG]   k[3] s=0 w=1 len=32 b58=d4A2prbA2whesmvHaL88BH6Ewn5N4bTSU2Ze8P6Bc4Q
[2026-04-10 20:25:49] [INFO] [DBG]   k[4] s=0 w=0 len=32 b58=So11111111111111111111111111111111111111112
[2026-04-10 20:25:49] [INFO] [DBG]   k[5] s=0 w=1 len=32 b58=GafNuUXj9rxGLn4y79dPu6MHSuPWeJR6UtTWuexpGh3U
[2026-04-10 20:25:49] [INFO] [DBG]   k[6] s=0 w=1 len=32 b58=DQwQCSZL4Wm98FKdbVVw1Vq5txLcKNfxRBQrsy2MtcSa
[2026-04-10 20:25:49] [INFO] [DBG]   k[7] s=0 w=1 len=32 b58=3JNof8s453bwG5UqiXBLJc77NRQXezYYEBbk3fqnoKph
[2026-04-10 20:25:49] [INFO] [DBG]   k[8] s=0 w=0 len=32 b58=KLend2g3cP87fffoy8q1mQqGKjrxjC8boSyAYavgmjD
[2026-04-10 20:25:49] [INFO] [DBG]   k[9] s=0 w=0 len=32 b58=KLend2g3cP87fffoy8q1mQqGKjrxjC8boSyAYavgmjD
[2026-04-10 20:25:49] [INFO] [DBG]   k[10] s=0 w=0 len=32 b58=Sysvar1nstructions1111111111111111111111111
[2026-04-10 20:25:49] [INFO] [DBG]   k[11] s=0 w=0 len=32 b58=TokenkegQfeZyiNwAJbNbGKPFXCWuBvf9Ss623VQ5DA
[2026-04-10 20:25:49] [INFO] [DBG] ix[3] prog=ComputeB keys=0 dataLen=5 hex=02c0270900
[2026-04-10 20:25:49] [INFO] [DBG] ix[4] prog=ComputeB keys=0 dataLen=9 hex=030100000000000000
[2026-04-10 20:25:49] [INFO] [DBG] ix[5] prog=ATokenGP keys=6 dataLen=1 hex=01
[2026-04-10 20:25:49] [INFO] [DBG]   k[0] s=1 w=1 len=32 b58=ESzi3jyKV4EWi1TC36nRwLiHHDVTmzn9iCFTotToyhC3
[2026-04-10 20:25:49] [INFO] [DBG]   k[1] s=0 w=1 len=32 b58=8ChvMvALunCZrZnbr3Jwf4S8kEKYAqcMGL2C53MFgK87
[2026-04-10 20:25:49] [INFO] [DBG]   k[2] s=0 w=0 len=32 b58=ESzi3jyKV4EWi1TC36nRwLiHHDVTmzn9iCFTotToyhC3
[2026-04-10 20:25:49] [INFO] [DBG]   k[3] s=0 w=0 len=32 b58=DezXAZ8z7PnrnRJjz3wXBoRgixCa6xjnB7YaB1pPB263
[2026-04-10 20:25:49] [INFO] [DBG]   k[4] s=0 w=0 len=32 b58=11111111111111111111111111111111
[2026-04-10 20:25:49] [INFO] [DBG]   k[5] s=0 w=0 len=32 b58=TokenkegQfeZyiNwAJbNbGKPFXCWuBvf9Ss623VQ5DA
[2026-04-10 20:25:49] [INFO] [DBG] ix[6] prog=whirLbMi keys=11 dataLen=42 hex=f8c69e91e17587c800c817a8040000009b788a16f6160000513b01000100000000000000000000000101
[2026-04-10 20:25:49] [INFO] [DBG]   k[0] s=0 w=0 len=32 b58=TokenkegQfeZyiNwAJbNbGKPFXCWuBvf9Ss623VQ5DA
[2026-04-10 20:25:49] [INFO] [DBG]   k[1] s=1 w=0 len=32 b58=ESzi3jyKV4EWi1TC36nRwLiHHDVTmzn9iCFTotToyhC3
[2026-04-10 20:25:49] [INFO] [DBG]   k[2] s=0 w=1 len=32 b58=5zpyutJu9ee6jFymDGoK7F6S5Kczqtc9FomP3ueKuyA9
[2026-04-10 20:25:49] [INFO] [DBG]   k[3] s=0 w=1 len=32 b58=DQwQCSZL4Wm98FKdbVVw1Vq5txLcKNfxRBQrsy2MtcSa
[2026-04-10 20:25:49] [INFO] [DBG]   k[4] s=0 w=1 len=32 b58=ES7yhSrYeFo4U1PfJHNRkbfCWxCwPLk2DjrEbmN8bg58
[2026-04-10 20:25:49] [INFO] [DBG]   k[5] s=0 w=1 len=32 b58=8ChvMvALunCZrZnbr3Jwf4S8kEKYAqcMGL2C53MFgK87
[2026-04-10 20:25:49] [INFO] [DBG]   k[6] s=0 w=1 len=32 b58=4dmvFGeQH2eqa3ktNHMgm4wZ8vuTukBiK9M7gxW5oR9F
[2026-04-10 20:25:49] [INFO] [DBG]   k[7] s=0 w=1 len=32 b58=EJRTQoUhFocFL4fRwrhERF6wBL4RTZQrKe6dDuwrnRei
[2026-04-10 20:25:49] [INFO] [DBG]   k[8] s=0 w=1 len=32 b58=DTjFaPV7fLHGUQ7XoS2HqW9kUL2F41hAdTu89Hhsonni
[2026-04-10 20:25:49] [INFO] [DBG]   k[9] s=0 w=1 len=32 b58=A7xxBQk2BAEX3ewQrtDA28Mbf722nDmPVtb2UNu9gwCU
[2026-04-10 20:25:49] [INFO] [DBG]   k[10] s=0 w=0 len=32 b58=EXpqcVuTTPEmyeVu2LHM75ha7FwmjJ88MnhSMRRdy5Sh
[2026-04-10 20:25:49] [INFO] [DBG] ix[7] prog=CAMMCzo5 keys=12 dataLen=41 hex=f8c69e91e17587c890697d35831900000100000000000000af331ba8327fbb35b1c4feff0000000001
[2026-04-10 20:25:49] [INFO] [DBG]   k[0] s=1 w=1 len=32 b58=ESzi3jyKV4EWi1TC36nRwLiHHDVTmzn9iCFTotToyhC3
[2026-04-10 20:25:49] [INFO] [DBG]   k[1] s=0 w=0 len=32 b58=E64NGkDLLCdQ2yFNPcavaKptrEgmiQaNykUuLC1Qgwyp
[2026-04-10 20:25:49] [INFO] [DBG]   k[2] s=0 w=1 len=32 b58=GtKKKs3yaPdHbQd2aZS4SfWhy8zQ988BJGnKNndLxYsN
[2026-04-10 20:25:49] [INFO] [DBG]   k[3] s=0 w=1 len=32 b58=8ChvMvALunCZrZnbr3Jwf4S8kEKYAqcMGL2C53MFgK87
[2026-04-10 20:25:49] [INFO] [DBG]   k[4] s=0 w=1 len=32 b58=DQwQCSZL4Wm98FKdbVVw1Vq5txLcKNfxRBQrsy2MtcSa
[2026-04-10 20:25:49] [INFO] [DBG]   k[5] s=0 w=1 len=32 b58=2wzaFLYb4JcDrVs8TfU3TfkVwq1Pdp3rRgWdNJzFGXud
[2026-04-10 20:25:49] [INFO] [DBG]   k[6] s=0 w=1 len=32 b58=GDnBvA76ZAJ2K3en2F1iExPZ6qz83Xjj5srXMmSKTYDW
[2026-04-10 20:25:49] [INFO] [DBG]   k[7] s=0 w=1 len=32 b58=Gj8gzDNKmf5y3p1LorKHTvMZ8eCLhbCDnhGiN5xVW8Jq
[2026-04-10 20:25:49] [INFO] [DBG]   k[8] s=0 w=0 len=32 b58=TokenkegQfeZyiNwAJbNbGKPFXCWuBvf9Ss623VQ5DA
[2026-04-10 20:25:49] [INFO] [DBG]   k[9] s=0 w=1 len=32 b58=FohQpHgvyJQHbYvrkyVXGuZpA2aaBXVBeHtEoxe5gzir
[2026-04-10 20:25:49] [INFO] [DBG]   k[10] s=0 w=1 len=32 b58=CiigF62vU9rt9jf4YRvEWsoZxd3SCxVLXM13SC5C6832
[2026-04-10 20:25:49] [INFO] [DBG]   k[11] s=0 w=1 len=32 b58=AUMHvL8Gx6vBRsiSVxXqz76jriK7xzwX31PzuX4bgep
[2026-04-10 20:25:49] [INFO] [DBG] ix[8] prog=KLend2g3 keys=12 dataLen=17 hex=b97500cb60f5b4ba00c817a80400000002
[2026-04-10 20:25:49] [INFO] [DBG]   k[0] s=1 w=0 len=32 b58=ESzi3jyKV4EWi1TC36nRwLiHHDVTmzn9iCFTotToyhC3
[2026-04-10 20:25:49] [INFO] [DBG]   k[1] s=0 w=0 len=32 b58=9DrvZvyWh1HuAoZxvYWMvkf2XCzryCpGgHqrMjyDWpmo
[2026-04-10 20:25:49] [INFO] [DBG]   k[2] s=0 w=0 len=32 b58=7u3HeHxYDLhnCoErrtycNokbQYbWGzLs6JSDqGAv5PfF
[2026-04-10 20:25:49] [INFO] [DBG]   k[3] s=0 w=1 len=32 b58=d4A2prbA2whesmvHaL88BH6Ewn5N4bTSU2Ze8P6Bc4Q
[2026-04-10 20:25:49] [INFO] [DBG]   k[4] s=0 w=0 len=32 b58=So11111111111111111111111111111111111111112
[2026-04-10 20:25:49] [INFO] [DBG]   k[5] s=0 w=1 len=32 b58=GafNuUXj9rxGLn4y79dPu6MHSuPWeJR6UtTWuexpGh3U
[2026-04-10 20:25:49] [INFO] [DBG]   k[6] s=0 w=1 len=32 b58=DQwQCSZL4Wm98FKdbVVw1Vq5txLcKNfxRBQrsy2MtcSa
[2026-04-10 20:25:49] [INFO] [DBG]   k[7] s=0 w=1 len=32 b58=3JNof8s453bwG5UqiXBLJc77NRQXezYYEBbk3fqnoKph
[2026-04-10 20:25:49] [INFO] [DBG]   k[8] s=0 w=0 len=32 b58=KLend2g3cP87fffoy8q1mQqGKjrxjC8boSyAYavgmjD
[2026-04-10 20:25:49] [INFO] [DBG]   k[9] s=0 w=0 len=32 b58=KLend2g3cP87fffoy8q1mQqGKjrxjC8boSyAYavgmjD
[2026-04-10 20:25:49] [INFO] [DBG]   k[10] s=0 w=0 len=32 b58=Sysvar1nstructions1111111111111111111111111
[2026-04-10 20:25:49] [INFO] [DBG]   k[11] s=0 w=0 len=32 b58=TokenkegQfeZyiNwAJbNbGKPFXCWuBvf9Ss623VQ5DA
[2026-04-10 20:25:49] [INFO] [DBG] ix[9] prog=Tokenkeg keys=3 dataLen=1 hex=09
[2026-04-10 20:25:49] [INFO] [DBG]   k[0] s=0 w=1 len=32 b58=DQwQCSZL4Wm98FKdbVVw1Vq5txLcKNfxRBQrsy2MtcSa
[2026-04-10 20:25:49] [INFO] [DBG]   k[1] s=0 w=1 len=32 b58=ESzi3jyKV4EWi1TC36nRwLiHHDVTmzn9iCFTotToyhC3
[2026-04-10 20:25:49] [INFO] [DBG]   k[2] s=1 w=0 len=32 b58=ESzi3jyKV4EWi1TC36nRwLiHHDVTmzn9iCFTotToyhC3
[2026-04-10 20:25:49] [INFO] [LocalExec] Tx size: 907 bytes | 10 instructions
[2026-04-10 20:25:49] [INFO] [LocalExec] Jito accepted via frankfurt
[2026-04-10 20:25:49] [INFO] [LAT] gate=5ms build=191ms sign=10ms submit=22ms TOTAL=228ms
[2026-04-10 20:25:49] [INFO] [LocalExec] ✅ Tx submitted: 2J2bpgigC2JhsoDCpGtrKwTFKX1DjJTkY2KWZYUbkHtL7HnBSmFusxkDWV2y4NZt6veXETPS2UkPV4pcpG3SkY9N
[2026-04-10 20:25:49] [INFO] [LocalExec] Jito accepted via amsterdam
[2026-04-10 20:25:49] [INFO] [LocalExec] Jito accepted via mainnet
[2026-04-10 20:26:00] [ERROR] [Executor] Tx failed on-chain: {"InstructionError":[7,{"Custom":1}]}
[2026-04-10 20:26:00] [ERROR] [Executor] Tx failed on-chain: {"InstructionError":[7,{"Custom":1}]}
[2026-04-10 20:26:00] [ERROR] [Executor] Tx failed on-chain: {"InstructionError":[7,{"Custom":1}]}
[2026-04-10 20:26:02] [ERROR] [Executor] Tx failed on-chain: {"InstructionError":[7,{"Custom":1}]}
[2026-04-10 20:26:06] [ERROR] [Executor] Tx confirmation failed: Confirmation timeout after 30s
[2026-04-10 20:26:13] [ERROR] [Executor] Tx failed on-chain: {"InstructionError":[7,{"Custom":1}]}
[2026-04-10 20:26:22] [INFO] 
SIGINT received — shutting down...
[2026-04-10 20:26:22] [INFO] 📊 STATS | Slots: 56 | Detected: 7 | Attempted: 7 | Sent: 6 | Success: 0 | Profit: ~$0.00
[2026-04-10 20:26:22] [INFO] [PoolWatcher] All subscriptions removed
[2026-04-10 20:28:41] [INFO] ════════════════════════════════════════════════════════════
[2026-04-10 20:28:41] [INFO]   🤖 SOLANA FLASHLOAN ARB BOT — STARTING
[2026-04-10 20:28:41] [INFO] ════════════════════════════════════════════════════════════
[2026-04-10 20:28:41] [INFO] ✅ Discord alerts enabled
[2026-04-10 20:28:41] [INFO] ✅ Discord tx-log channel enabled
[2026-04-10 20:28:42] [INFO] ✅ Connected to primary RPC (mainnet.helius-rpc.com)
[2026-04-10 20:28:42] [INFO] [Price] Seeded SOL/USD = $85.35
[2026-04-10 20:28:42] [INFO] Wallet:          ESzi3jyKV4EWi1TC36nRwLiHHDVTmzn9iCFTotToyhC3
[2026-04-10 20:28:42] [INFO] SOL Balance:     0.1823 SOL
[2026-04-10 20:28:42] [INFO] [Scanner] Loaded 5 pairs from pairs.json
[2026-04-10 20:28:42] [INFO] [Executor] Initializing MarginFi flashloan client...
[2026-04-10 20:28:42] [INFO] [Executor] 429 circuit breaker installed on MarginFi connection
[2026-04-10 20:28:43] [INFO] [Executor] MarginFi loaded. Banks: 1
[2026-04-10 20:28:43] [INFO] [Executor] Loaded saved MarginFi account: 9H89EXD35fcEHV5Sj3c1662GWZzLrPZ89zm2EMFyP9n8
[2026-04-10 20:28:43] [INFO] [Executor] MarginFi account: 9H89EXD35fcEHV5Sj3c1662GWZzLrPZ89zm2EMFyP9n8
[2026-04-10 20:28:43] [INFO] [Executor] ✅ Flash loan ready (all MarginFi accounts support flashloans)
[2026-04-10 20:28:43] [INFO] [Executor] MFI account overrides cached (group: 4qp6Fx6t...)
[2026-04-10 20:28:43] [INFO] [Executor] MFI instruction templates cached ✅
[2026-04-10 20:28:43] [INFO] [Executor] Initializing Kamino flashloan templates...
[2026-04-10 20:28:44] [INFO] [Executor] Kamino flashloan templates cached ✅ (wsolAta: DQwQCSZL...)
[2026-04-10 20:28:44] [INFO] [Executor] Blockhash cache started (refresh every 200ms) ✅
[2026-04-10 20:28:44] [INFO] 
[2026-04-10 20:28:44] [INFO] Active pairs (5):
[2026-04-10 20:28:44] [INFO]   1. SOL/USDT [anchor]
[2026-04-10 20:28:44] [INFO]   2. SOL/USDC
[2026-04-10 20:28:44] [INFO]   3. SOL/BONK
[2026-04-10 20:28:44] [INFO]   4. SOL/WIF
[2026-04-10 20:28:44] [INFO]   5. SOL/FARTCOIN
[2026-04-10 20:28:44] [INFO] 
[2026-04-10 20:28:44] [INFO] [Scheduler] Next update in 16 day(s) on 26/4/2026
[2026-04-10 20:28:44] [INFO] 
[2026-04-10 20:28:44] [INFO] Trigger:         WebSocket pool subscriptions (~50-100ms) + slot fallback every 62 slots
[2026-04-10 20:28:44] [INFO] Flashloan size:  1–100 SOL (dynamic)
[2026-04-10 20:28:44] [INFO] Min profit:      $0.05
[2026-04-10 20:28:44] [INFO] 
[2026-04-10 20:28:44] [INFO] [PoolWatcher] Fetching pool addresses (Orca + Raydium + Meteora)...
[2026-04-10 20:28:45] [INFO] [Price] ✅ Binance WS connected — SOL/USD updating in real-time
[2026-04-10 20:28:55] [INFO] [PoolWatcher] ✅ 43 subscriptions — Orca:30 | Raydium CLMM:5 | Raydium AMM:5 | Meteora:3
[2026-04-10 20:28:55] [INFO] [PoolWatcher]   SOL/USDT → 8 subs (Orca:6 Raydium CLMM:1 Raydium AMM:1)
[2026-04-10 20:28:55] [INFO] [PoolWatcher]   SOL/USDC → 8 subs (Orca:6 Raydium CLMM:1 Raydium AMM:1)
[2026-04-10 20:28:55] [INFO] [PoolWatcher]   SOL/BONK → 9 subs (Orca:6 Raydium CLMM:1 Raydium AMM:1 Meteora:1)
[2026-04-10 20:28:55] [INFO] [PoolWatcher]   SOL/WIF → 9 subs (Orca:6 Raydium CLMM:1 Raydium AMM:1 Meteora:1)
[2026-04-10 20:28:55] [INFO] [PoolWatcher]   SOL/FARTCOIN → 9 subs (Orca:6 Raydium CLMM:1 Raydium AMM:1 Meteora:1)
[2026-04-10 20:28:55] [INFO] [LocalPools] Registered 38 pools (Orca + Raydium CLMM + Meteora) for local math
[2026-04-10 20:28:55] [INFO] [LocalPools] Seeding pool cache with initial RPC data...
[2026-04-10 20:28:55] [INFO] [LocalPools] Seeded 33 pools in cache
[2026-04-10 20:28:55] [INFO] [Scheduler] Monthly pair updater scheduled ✅
[2026-04-10 20:28:55] [INFO] ✅ Bot is live. Press Ctrl+C to stop.

[2026-04-10 20:29:05] [INFO] [XDEX] SOL/BONK | spread: 0.1345% | fees: 0.0600% | PROFITABLE | hi: Orca (14144592.013505) 5zpyutJu9ee6jFymDGoK7F6S5Kczqtc9FomP3ueKuyA9 | lo: Raydium CLMM (14125586.414236) GtKKKs3yaPdHbQd2aZS4SfWhy8zQ988BJGnKNndLxYsN
[2026-04-10 20:29:05] [WARN] [LocalExec] ⚠️  computeSwap BYPASSED — pipeline test mode | gross local: -230.8031 USD
[2026-04-10 20:29:05] [INFO] 🎯 LOCAL EXEC — SOL/BONK | spread: 0.135% | loan: 40.0 SOL | profit: ~$-230.8031 | buy: Orca@5zpyutJu → sell: Raydium CLMM@GtKKKs3y
[2026-04-10 20:29:05] [INFO] [LocalExec] Jito tip: 50000 lamports (~$0.0043)
[2026-04-10 20:29:05] [INFO] [LocalExec] borrowIxIndex dynamically set to 2
[2026-04-10 20:29:05] [INFO] [DBG] innerIxs.length=10
[2026-04-10 20:29:05] [INFO] [DBG] ix[0] prog=11111111 keys=2 dataLen=12 hex=0200000050c3000000000000
[2026-04-10 20:29:05] [INFO] [DBG]   k[0] s=1 w=1 len=32 b58=ESzi3jyKV4EWi1TC36nRwLiHHDVTmzn9iCFTotToyhC3
[2026-04-10 20:29:05] [INFO] [DBG]   k[1] s=0 w=1 len=32 b58=Cw8CFyM9FkoMi7K7Crf6HNQqf4uEMzpKw6QNghXLvLkY
[2026-04-10 20:29:05] [INFO] [DBG] ix[1] prog=ATokenGP keys=6 dataLen=1 hex=01
[2026-04-10 20:29:05] [INFO] [DBG]   k[0] s=1 w=1 len=32 b58=ESzi3jyKV4EWi1TC36nRwLiHHDVTmzn9iCFTotToyhC3
[2026-04-10 20:29:05] [INFO] [DBG]   k[1] s=0 w=1 len=32 b58=DQwQCSZL4Wm98FKdbVVw1Vq5txLcKNfxRBQrsy2MtcSa
[2026-04-10 20:29:05] [INFO] [DBG]   k[2] s=0 w=0 len=32 b58=ESzi3jyKV4EWi1TC36nRwLiHHDVTmzn9iCFTotToyhC3
[2026-04-10 20:29:05] [INFO] [DBG]   k[3] s=0 w=0 len=32 b58=So11111111111111111111111111111111111111112
[2026-04-10 20:29:05] [INFO] [DBG]   k[4] s=0 w=0 len=32 b58=11111111111111111111111111111111
[2026-04-10 20:29:05] [INFO] [DBG]   k[5] s=0 w=0 len=32 b58=TokenkegQfeZyiNwAJbNbGKPFXCWuBvf9Ss623VQ5DA
[2026-04-10 20:29:05] [INFO] [DBG] ix[2] prog=KLend2g3 keys=12 dataLen=16 hex=87e734a70734d4c100902f5009000000
[2026-04-10 20:29:05] [INFO] [DBG]   k[0] s=1 w=0 len=32 b58=ESzi3jyKV4EWi1TC36nRwLiHHDVTmzn9iCFTotToyhC3
[2026-04-10 20:29:05] [INFO] [DBG]   k[1] s=0 w=0 len=32 b58=9DrvZvyWh1HuAoZxvYWMvkf2XCzryCpGgHqrMjyDWpmo
[2026-04-10 20:29:05] [INFO] [DBG]   k[2] s=0 w=0 len=32 b58=7u3HeHxYDLhnCoErrtycNokbQYbWGzLs6JSDqGAv5PfF
[2026-04-10 20:29:05] [INFO] [DBG]   k[3] s=0 w=1 len=32 b58=d4A2prbA2whesmvHaL88BH6Ewn5N4bTSU2Ze8P6Bc4Q
[2026-04-10 20:29:05] [INFO] [DBG]   k[4] s=0 w=0 len=32 b58=So11111111111111111111111111111111111111112
[2026-04-10 20:29:05] [INFO] [DBG]   k[5] s=0 w=1 len=32 b58=GafNuUXj9rxGLn4y79dPu6MHSuPWeJR6UtTWuexpGh3U
[2026-04-10 20:29:05] [INFO] [DBG]   k[6] s=0 w=1 len=32 b58=DQwQCSZL4Wm98FKdbVVw1Vq5txLcKNfxRBQrsy2MtcSa
[2026-04-10 20:29:05] [INFO] [DBG]   k[7] s=0 w=1 len=32 b58=3JNof8s453bwG5UqiXBLJc77NRQXezYYEBbk3fqnoKph
[2026-04-10 20:29:05] [INFO] [DBG]   k[8] s=0 w=0 len=32 b58=KLend2g3cP87fffoy8q1mQqGKjrxjC8boSyAYavgmjD
[2026-04-10 20:29:05] [INFO] [DBG]   k[9] s=0 w=0 len=32 b58=KLend2g3cP87fffoy8q1mQqGKjrxjC8boSyAYavgmjD
[2026-04-10 20:29:05] [INFO] [DBG]   k[10] s=0 w=0 len=32 b58=Sysvar1nstructions1111111111111111111111111
[2026-04-10 20:29:05] [INFO] [DBG]   k[11] s=0 w=0 len=32 b58=TokenkegQfeZyiNwAJbNbGKPFXCWuBvf9Ss623VQ5DA
[2026-04-10 20:29:05] [INFO] [DBG] ix[3] prog=ComputeB keys=0 dataLen=5 hex=02c0270900
[2026-04-10 20:29:05] [INFO] [DBG] ix[4] prog=ComputeB keys=0 dataLen=9 hex=030100000000000000
[2026-04-10 20:29:05] [INFO] [DBG] ix[5] prog=ATokenGP keys=6 dataLen=1 hex=01
[2026-04-10 20:29:05] [INFO] [DBG]   k[0] s=1 w=1 len=32 b58=ESzi3jyKV4EWi1TC36nRwLiHHDVTmzn9iCFTotToyhC3
[2026-04-10 20:29:05] [INFO] [DBG]   k[1] s=0 w=1 len=32 b58=8ChvMvALunCZrZnbr3Jwf4S8kEKYAqcMGL2C53MFgK87
[2026-04-10 20:29:05] [INFO] [DBG]   k[2] s=0 w=0 len=32 b58=ESzi3jyKV4EWi1TC36nRwLiHHDVTmzn9iCFTotToyhC3
[2026-04-10 20:29:05] [INFO] [DBG]   k[3] s=0 w=0 len=32 b58=DezXAZ8z7PnrnRJjz3wXBoRgixCa6xjnB7YaB1pPB263
[2026-04-10 20:29:05] [INFO] [DBG]   k[4] s=0 w=0 len=32 b58=11111111111111111111111111111111
[2026-04-10 20:29:05] [INFO] [DBG]   k[5] s=0 w=0 len=32 b58=TokenkegQfeZyiNwAJbNbGKPFXCWuBvf9Ss623VQ5DA
[2026-04-10 20:29:05] [INFO] [DBG] ix[6] prog=whirLbMi keys=11 dataLen=42 hex=f8c69e91e17587c800902f500900000035d822b6ac2d0000513b01000100000000000000000000000101
[2026-04-10 20:29:05] [INFO] [DBG]   k[0] s=0 w=0 len=32 b58=TokenkegQfeZyiNwAJbNbGKPFXCWuBvf9Ss623VQ5DA
[2026-04-10 20:29:05] [INFO] [DBG]   k[1] s=1 w=0 len=32 b58=ESzi3jyKV4EWi1TC36nRwLiHHDVTmzn9iCFTotToyhC3
[2026-04-10 20:29:05] [INFO] [DBG]   k[2] s=0 w=1 len=32 b58=5zpyutJu9ee6jFymDGoK7F6S5Kczqtc9FomP3ueKuyA9
[2026-04-10 20:29:05] [INFO] [DBG]   k[3] s=0 w=1 len=32 b58=DQwQCSZL4Wm98FKdbVVw1Vq5txLcKNfxRBQrsy2MtcSa
[2026-04-10 20:29:05] [INFO] [DBG]   k[4] s=0 w=1 len=32 b58=ES7yhSrYeFo4U1PfJHNRkbfCWxCwPLk2DjrEbmN8bg58
[2026-04-10 20:29:05] [INFO] [DBG]   k[5] s=0 w=1 len=32 b58=8ChvMvALunCZrZnbr3Jwf4S8kEKYAqcMGL2C53MFgK87
[2026-04-10 20:29:05] [INFO] [DBG]   k[6] s=0 w=1 len=32 b58=4dmvFGeQH2eqa3ktNHMgm4wZ8vuTukBiK9M7gxW5oR9F
[2026-04-10 20:29:05] [INFO] [DBG]   k[7] s=0 w=1 len=32 b58=EJRTQoUhFocFL4fRwrhERF6wBL4RTZQrKe6dDuwrnRei
[2026-04-10 20:29:05] [INFO] [DBG]   k[8] s=0 w=1 len=32 b58=DTjFaPV7fLHGUQ7XoS2HqW9kUL2F41hAdTu89Hhsonni
[2026-04-10 20:29:05] [INFO] [DBG]   k[9] s=0 w=1 len=32 b58=A7xxBQk2BAEX3ewQrtDA28Mbf722nDmPVtb2UNu9gwCU
[2026-04-10 20:29:05] [INFO] [DBG]   k[10] s=0 w=0 len=32 b58=EXpqcVuTTPEmyeVu2LHM75ha7FwmjJ88MnhSMRRdy5Sh
[2026-04-10 20:29:05] [INFO] [DBG] ix[7] prog=CAMMCzo5 keys=12 dataLen=41 hex=f8c69e91e17587c80362d1e6bf3200000100000000000000af331ba8327fbb35b1c4feff0000000001
[2026-04-10 20:29:05] [INFO] [DBG]   k[0] s=1 w=1 len=32 b58=ESzi3jyKV4EWi1TC36nRwLiHHDVTmzn9iCFTotToyhC3
[2026-04-10 20:29:05] [INFO] [DBG]   k[1] s=0 w=0 len=32 b58=E64NGkDLLCdQ2yFNPcavaKptrEgmiQaNykUuLC1Qgwyp
[2026-04-10 20:29:05] [INFO] [DBG]   k[2] s=0 w=1 len=32 b58=GtKKKs3yaPdHbQd2aZS4SfWhy8zQ988BJGnKNndLxYsN
[2026-04-10 20:29:05] [INFO] [DBG]   k[3] s=0 w=1 len=32 b58=8ChvMvALunCZrZnbr3Jwf4S8kEKYAqcMGL2C53MFgK87
[2026-04-10 20:29:05] [INFO] [DBG]   k[4] s=0 w=1 len=32 b58=DQwQCSZL4Wm98FKdbVVw1Vq5txLcKNfxRBQrsy2MtcSa
[2026-04-10 20:29:05] [INFO] [DBG]   k[5] s=0 w=1 len=32 b58=2wzaFLYb4JcDrVs8TfU3TfkVwq1Pdp3rRgWdNJzFGXud
[2026-04-10 20:29:05] [INFO] [DBG]   k[6] s=0 w=1 len=32 b58=GDnBvA76ZAJ2K3en2F1iExPZ6qz83Xjj5srXMmSKTYDW
[2026-04-10 20:29:05] [INFO] [DBG]   k[7] s=0 w=1 len=32 b58=Gj8gzDNKmf5y3p1LorKHTvMZ8eCLhbCDnhGiN5xVW8Jq
[2026-04-10 20:29:05] [INFO] [DBG]   k[8] s=0 w=0 len=32 b58=TokenkegQfeZyiNwAJbNbGKPFXCWuBvf9Ss623VQ5DA
[2026-04-10 20:29:05] [INFO] [DBG]   k[9] s=0 w=1 len=32 b58=owcNVJ4MMfaDM9nZnFsAjona15P2msRdmGKBUya95LU
[2026-04-10 20:29:05] [INFO] [DBG]   k[10] s=0 w=1 len=32 b58=CSL5rYPRZbKwPBFzRtHmv7ofySJFUMmZiqcdxWLik6e7
[2026-04-10 20:29:05] [INFO] [DBG]   k[11] s=0 w=1 len=32 b58=5LqWtmz8iVFVZRVaPm3tgin6wcEEMMq3B5Bp3AYmAx3d
[2026-04-10 20:29:05] [INFO] [DBG] ix[8] prog=KLend2g3 keys=12 dataLen=17 hex=b97500cb60f5b4ba00902f500900000002
[2026-04-10 20:29:05] [INFO] [DBG]   k[0] s=1 w=0 len=32 b58=ESzi3jyKV4EWi1TC36nRwLiHHDVTmzn9iCFTotToyhC3
[2026-04-10 20:29:05] [INFO] [DBG]   k[1] s=0 w=0 len=32 b58=9DrvZvyWh1HuAoZxvYWMvkf2XCzryCpGgHqrMjyDWpmo
[2026-04-10 20:29:05] [INFO] [DBG]   k[2] s=0 w=0 len=32 b58=7u3HeHxYDLhnCoErrtycNokbQYbWGzLs6JSDqGAv5PfF
[2026-04-10 20:29:05] [INFO] [DBG]   k[3] s=0 w=1 len=32 b58=d4A2prbA2whesmvHaL88BH6Ewn5N4bTSU2Ze8P6Bc4Q
[2026-04-10 20:29:05] [INFO] [DBG]   k[4] s=0 w=0 len=32 b58=So11111111111111111111111111111111111111112
[2026-04-10 20:29:05] [INFO] [DBG]   k[5] s=0 w=1 len=32 b58=GafNuUXj9rxGLn4y79dPu6MHSuPWeJR6UtTWuexpGh3U
[2026-04-10 20:29:05] [INFO] [DBG]   k[6] s=0 w=1 len=32 b58=DQwQCSZL4Wm98FKdbVVw1Vq5txLcKNfxRBQrsy2MtcSa
[2026-04-10 20:29:05] [INFO] [DBG]   k[7] s=0 w=1 len=32 b58=3JNof8s453bwG5UqiXBLJc77NRQXezYYEBbk3fqnoKph
[2026-04-10 20:29:05] [INFO] [DBG]   k[8] s=0 w=0 len=32 b58=KLend2g3cP87fffoy8q1mQqGKjrxjC8boSyAYavgmjD
[2026-04-10 20:29:05] [INFO] [DBG]   k[9] s=0 w=0 len=32 b58=KLend2g3cP87fffoy8q1mQqGKjrxjC8boSyAYavgmjD
[2026-04-10 20:29:05] [INFO] [DBG]   k[10] s=0 w=0 len=32 b58=Sysvar1nstructions1111111111111111111111111
[2026-04-10 20:29:05] [INFO] [DBG]   k[11] s=0 w=0 len=32 b58=TokenkegQfeZyiNwAJbNbGKPFXCWuBvf9Ss623VQ5DA
[2026-04-10 20:29:05] [INFO] [DBG] ix[9] prog=Tokenkeg keys=3 dataLen=1 hex=09
[2026-04-10 20:29:05] [INFO] [DBG]   k[0] s=0 w=1 len=32 b58=DQwQCSZL4Wm98FKdbVVw1Vq5txLcKNfxRBQrsy2MtcSa
[2026-04-10 20:29:05] [INFO] [DBG]   k[1] s=0 w=1 len=32 b58=ESzi3jyKV4EWi1TC36nRwLiHHDVTmzn9iCFTotToyhC3
[2026-04-10 20:29:05] [INFO] [DBG]   k[2] s=1 w=0 len=32 b58=ESzi3jyKV4EWi1TC36nRwLiHHDVTmzn9iCFTotToyhC3
[2026-04-10 20:29:05] [INFO] [LocalExec] Tx size: 907 bytes | 10 instructions
[2026-04-10 20:29:05] [INFO] [LocalExec] Jito accepted via frankfurt
[2026-04-10 20:29:05] [INFO] [LAT] gate=6ms build=224ms sign=58ms submit=109ms TOTAL=397ms
[2026-04-10 20:29:05] [INFO] [LocalExec] ✅ Tx submitted: 3CmaGhfNQRpJQL4LvDfg8fN5htNv45TtPXokEHKPFRNoEZCqaXEg7TDXHNyjQFc1rMYPzm6UoEf2wbW6HGhqFRaw
[2026-04-10 20:29:05] [INFO] [LocalExec] Jito accepted via amsterdam
[2026-04-10 20:29:05] [INFO] [LocalExec] Jito accepted via mainnet
[2026-04-10 20:29:21] [ERROR] [Executor] Tx failed on-chain: {"InstructionError":[7,{"Custom":3007}]}
[2026-04-10 20:29:47] [INFO] [XDEX] SOL/BONK | spread: 0.1385% | fees: 0.0600% | PROFITABLE | hi: Orca (14145145.468194) 5zpyutJu9ee6jFymDGoK7F6S5Kczqtc9FomP3ueKuyA9 | lo: Raydium CLMM (14125586.414236) GtKKKs3yaPdHbQd2aZS4SfWhy8zQ988BJGnKNndLxYsN
[2026-04-10 20:29:47] [WARN] [LocalExec] ⚠️  computeSwap BYPASSED — pipeline test mode | gross local: -230.8757 USD
[2026-04-10 20:29:47] [INFO] 🎯 LOCAL EXEC — SOL/BONK | spread: 0.138% | loan: 40.0 SOL | profit: ~$-230.8757 | buy: Orca@5zpyutJu → sell: Raydium CLMM@GtKKKs3y
[2026-04-10 20:29:47] [INFO] [LocalExec] Jito tip: 50000 lamports (~$0.0043)
[2026-04-10 20:29:47] [INFO] [LocalExec] borrowIxIndex dynamically set to 2
[2026-04-10 20:29:47] [INFO] [DBG] innerIxs.length=10
[2026-04-10 20:29:47] [INFO] [DBG] ix[0] prog=11111111 keys=2 dataLen=12 hex=0200000050c3000000000000
[2026-04-10 20:29:47] [INFO] [DBG]   k[0] s=1 w=1 len=32 b58=ESzi3jyKV4EWi1TC36nRwLiHHDVTmzn9iCFTotToyhC3
[2026-04-10 20:29:47] [INFO] [DBG]   k[1] s=0 w=1 len=32 b58=HFqU5x63VTqvQss8hp11i4wVV8bD44PvwucfZ2bU7gRe
[2026-04-10 20:29:47] [INFO] [DBG] ix[1] prog=ATokenGP keys=6 dataLen=1 hex=01
[2026-04-10 20:29:47] [INFO] [DBG]   k[0] s=1 w=1 len=32 b58=ESzi3jyKV4EWi1TC36nRwLiHHDVTmzn9iCFTotToyhC3
[2026-04-10 20:29:47] [INFO] [DBG]   k[1] s=0 w=1 len=32 b58=DQwQCSZL4Wm98FKdbVVw1Vq5txLcKNfxRBQrsy2MtcSa
[2026-04-10 20:29:47] [INFO] [DBG]   k[2] s=0 w=0 len=32 b58=ESzi3jyKV4EWi1TC36nRwLiHHDVTmzn9iCFTotToyhC3
[2026-04-10 20:29:47] [INFO] [DBG]   k[3] s=0 w=0 len=32 b58=So11111111111111111111111111111111111111112
[2026-04-10 20:29:47] [INFO] [DBG]   k[4] s=0 w=0 len=32 b58=11111111111111111111111111111111
[2026-04-10 20:29:47] [INFO] [DBG]   k[5] s=0 w=0 len=32 b58=TokenkegQfeZyiNwAJbNbGKPFXCWuBvf9Ss623VQ5DA
[2026-04-10 20:29:47] [INFO] [DBG] ix[2] prog=KLend2g3 keys=12 dataLen=16 hex=87e734a70734d4c100902f5009000000
[2026-04-10 20:29:47] [INFO] [DBG]   k[0] s=1 w=0 len=32 b58=ESzi3jyKV4EWi1TC36nRwLiHHDVTmzn9iCFTotToyhC3
[2026-04-10 20:29:47] [INFO] [DBG]   k[1] s=0 w=0 len=32 b58=9DrvZvyWh1HuAoZxvYWMvkf2XCzryCpGgHqrMjyDWpmo
[2026-04-10 20:29:47] [INFO] [DBG]   k[2] s=0 w=0 len=32 b58=7u3HeHxYDLhnCoErrtycNokbQYbWGzLs6JSDqGAv5PfF
[2026-04-10 20:29:47] [INFO] [DBG]   k[3] s=0 w=1 len=32 b58=d4A2prbA2whesmvHaL88BH6Ewn5N4bTSU2Ze8P6Bc4Q
[2026-04-10 20:29:47] [INFO] [DBG]   k[4] s=0 w=0 len=32 b58=So11111111111111111111111111111111111111112
[2026-04-10 20:29:47] [INFO] [DBG]   k[5] s=0 w=1 len=32 b58=GafNuUXj9rxGLn4y79dPu6MHSuPWeJR6UtTWuexpGh3U
[2026-04-10 20:29:47] [INFO] [DBG]   k[6] s=0 w=1 len=32 b58=DQwQCSZL4Wm98FKdbVVw1Vq5txLcKNfxRBQrsy2MtcSa
[2026-04-10 20:29:47] [INFO] [DBG]   k[7] s=0 w=1 len=32 b58=3JNof8s453bwG5UqiXBLJc77NRQXezYYEBbk3fqnoKph
[2026-04-10 20:29:47] [INFO] [DBG]   k[8] s=0 w=0 len=32 b58=KLend2g3cP87fffoy8q1mQqGKjrxjC8boSyAYavgmjD
[2026-04-10 20:29:47] [INFO] [DBG]   k[9] s=0 w=0 len=32 b58=KLend2g3cP87fffoy8q1mQqGKjrxjC8boSyAYavgmjD
[2026-04-10 20:29:47] [INFO] [DBG]   k[10] s=0 w=0 len=32 b58=Sysvar1nstructions1111111111111111111111111
[2026-04-10 20:29:47] [INFO] [DBG]   k[11] s=0 w=0 len=32 b58=TokenkegQfeZyiNwAJbNbGKPFXCWuBvf9Ss623VQ5DA
[2026-04-10 20:29:47] [INFO] [DBG] ix[3] prog=ComputeB keys=0 dataLen=5 hex=02c0270900
[2026-04-10 20:29:47] [INFO] [DBG] ix[4] prog=ComputeB keys=0 dataLen=9 hex=030100000000000000
[2026-04-10 20:29:47] [INFO] [DBG] ix[5] prog=ATokenGP keys=6 dataLen=1 hex=01
[2026-04-10 20:29:47] [INFO] [DBG]   k[0] s=1 w=1 len=32 b58=ESzi3jyKV4EWi1TC36nRwLiHHDVTmzn9iCFTotToyhC3
[2026-04-10 20:29:47] [INFO] [DBG]   k[1] s=0 w=1 len=32 b58=8ChvMvALunCZrZnbr3Jwf4S8kEKYAqcMGL2C53MFgK87
[2026-04-10 20:29:47] [INFO] [DBG]   k[2] s=0 w=0 len=32 b58=ESzi3jyKV4EWi1TC36nRwLiHHDVTmzn9iCFTotToyhC3
[2026-04-10 20:29:47] [INFO] [DBG]   k[3] s=0 w=0 len=32 b58=DezXAZ8z7PnrnRJjz3wXBoRgixCa6xjnB7YaB1pPB263
[2026-04-10 20:29:47] [INFO] [DBG]   k[4] s=0 w=0 len=32 b58=11111111111111111111111111111111
[2026-04-10 20:29:47] [INFO] [DBG]   k[5] s=0 w=0 len=32 b58=TokenkegQfeZyiNwAJbNbGKPFXCWuBvf9Ss623VQ5DA
[2026-04-10 20:29:47] [INFO] [DBG] ix[6] prog=whirLbMi keys=11 dataLen=42 hex=f8c69e91e17587c800902f5009000000a6bd7b2aad2d0000513b01000100000000000000000000000101
[2026-04-10 20:29:47] [INFO] [DBG]   k[0] s=0 w=0 len=32 b58=TokenkegQfeZyiNwAJbNbGKPFXCWuBvf9Ss623VQ5DA
[2026-04-10 20:29:47] [INFO] [DBG]   k[1] s=1 w=0 len=32 b58=ESzi3jyKV4EWi1TC36nRwLiHHDVTmzn9iCFTotToyhC3
[2026-04-10 20:29:47] [INFO] [DBG]   k[2] s=0 w=1 len=32 b58=5zpyutJu9ee6jFymDGoK7F6S5Kczqtc9FomP3ueKuyA9
[2026-04-10 20:29:47] [INFO] [DBG]   k[3] s=0 w=1 len=32 b58=DQwQCSZL4Wm98FKdbVVw1Vq5txLcKNfxRBQrsy2MtcSa
[2026-04-10 20:29:47] [INFO] [DBG]   k[4] s=0 w=1 len=32 b58=ES7yhSrYeFo4U1PfJHNRkbfCWxCwPLk2DjrEbmN8bg58
[2026-04-10 20:29:47] [INFO] [DBG]   k[5] s=0 w=1 len=32 b58=8ChvMvALunCZrZnbr3Jwf4S8kEKYAqcMGL2C53MFgK87
[2026-04-10 20:29:47] [INFO] [DBG]   k[6] s=0 w=1 len=32 b58=4dmvFGeQH2eqa3ktNHMgm4wZ8vuTukBiK9M7gxW5oR9F
[2026-04-10 20:29:47] [INFO] [DBG]   k[7] s=0 w=1 len=32 b58=EJRTQoUhFocFL4fRwrhERF6wBL4RTZQrKe6dDuwrnRei
[2026-04-10 20:29:47] [INFO] [DBG]   k[8] s=0 w=1 len=32 b58=DTjFaPV7fLHGUQ7XoS2HqW9kUL2F41hAdTu89Hhsonni
[2026-04-10 20:29:47] [INFO] [DBG]   k[9] s=0 w=1 len=32 b58=A7xxBQk2BAEX3ewQrtDA28Mbf722nDmPVtb2UNu9gwCU
[2026-04-10 20:29:47] [INFO] [DBG]   k[10] s=0 w=0 len=32 b58=EXpqcVuTTPEmyeVu2LHM75ha7FwmjJ88MnhSMRRdy5Sh
[2026-04-10 20:29:47] [INFO] [DBG] ix[7] prog=CAMMCzo5 keys=12 dataLen=41 hex=f8c69e91e17587c847b61768c03200000100000000000000af331ba8327fbb35b1c4feff0000000001
[2026-04-10 20:29:47] [INFO] [DBG]   k[0] s=1 w=1 len=32 b58=ESzi3jyKV4EWi1TC36nRwLiHHDVTmzn9iCFTotToyhC3
[2026-04-10 20:29:47] [INFO] [DBG]   k[1] s=0 w=0 len=32 b58=E64NGkDLLCdQ2yFNPcavaKptrEgmiQaNykUuLC1Qgwyp
[2026-04-10 20:29:47] [INFO] [DBG]   k[2] s=0 w=1 len=32 b58=GtKKKs3yaPdHbQd2aZS4SfWhy8zQ988BJGnKNndLxYsN
[2026-04-10 20:29:47] [INFO] [DBG]   k[3] s=0 w=1 len=32 b58=8ChvMvALunCZrZnbr3Jwf4S8kEKYAqcMGL2C53MFgK87
[2026-04-10 20:29:47] [INFO] [DBG]   k[4] s=0 w=1 len=32 b58=DQwQCSZL4Wm98FKdbVVw1Vq5txLcKNfxRBQrsy2MtcSa
[2026-04-10 20:29:47] [INFO] [DBG]   k[5] s=0 w=1 len=32 b58=2wzaFLYb4JcDrVs8TfU3TfkVwq1Pdp3rRgWdNJzFGXud
[2026-04-10 20:29:47] [INFO] [DBG]   k[6] s=0 w=1 len=32 b58=GDnBvA76ZAJ2K3en2F1iExPZ6qz83Xjj5srXMmSKTYDW
[2026-04-10 20:29:47] [INFO] [DBG]   k[7] s=0 w=1 len=32 b58=Gj8gzDNKmf5y3p1LorKHTvMZ8eCLhbCDnhGiN5xVW8Jq
[2026-04-10 20:29:47] [INFO] [DBG]   k[8] s=0 w=0 len=32 b58=TokenkegQfeZyiNwAJbNbGKPFXCWuBvf9Ss623VQ5DA
[2026-04-10 20:29:47] [INFO] [DBG]   k[9] s=0 w=1 len=32 b58=owcNVJ4MMfaDM9nZnFsAjona15P2msRdmGKBUya95LU
[2026-04-10 20:29:47] [INFO] [DBG]   k[10] s=0 w=1 len=32 b58=CSL5rYPRZbKwPBFzRtHmv7ofySJFUMmZiqcdxWLik6e7
[2026-04-10 20:29:47] [INFO] [DBG]   k[11] s=0 w=1 len=32 b58=5LqWtmz8iVFVZRVaPm3tgin6wcEEMMq3B5Bp3AYmAx3d
[2026-04-10 20:29:47] [INFO] [DBG] ix[8] prog=KLend2g3 keys=12 dataLen=17 hex=b97500cb60f5b4ba00902f500900000002
[2026-04-10 20:29:47] [INFO] [DBG]   k[0] s=1 w=0 len=32 b58=ESzi3jyKV4EWi1TC36nRwLiHHDVTmzn9iCFTotToyhC3
[2026-04-10 20:29:47] [INFO] [DBG]   k[1] s=0 w=0 len=32 b58=9DrvZvyWh1HuAoZxvYWMvkf2XCzryCpGgHqrMjyDWpmo
[2026-04-10 20:29:47] [INFO] [DBG]   k[2] s=0 w=0 len=32 b58=7u3HeHxYDLhnCoErrtycNokbQYbWGzLs6JSDqGAv5PfF
[2026-04-10 20:29:47] [INFO] [DBG]   k[3] s=0 w=1 len=32 b58=d4A2prbA2whesmvHaL88BH6Ewn5N4bTSU2Ze8P6Bc4Q
[2026-04-10 20:29:47] [INFO] [DBG]   k[4] s=0 w=0 len=32 b58=So11111111111111111111111111111111111111112
[2026-04-10 20:29:47] [INFO] [DBG]   k[5] s=0 w=1 len=32 b58=GafNuUXj9rxGLn4y79dPu6MHSuPWeJR6UtTWuexpGh3U
[2026-04-10 20:29:47] [INFO] [DBG]   k[6] s=0 w=1 len=32 b58=DQwQCSZL4Wm98FKdbVVw1Vq5txLcKNfxRBQrsy2MtcSa
[2026-04-10 20:29:47] [INFO] [DBG]   k[7] s=0 w=1 len=32 b58=3JNof8s453bwG5UqiXBLJc77NRQXezYYEBbk3fqnoKph
[2026-04-10 20:29:47] [INFO] [DBG]   k[8] s=0 w=0 len=32 b58=KLend2g3cP87fffoy8q1mQqGKjrxjC8boSyAYavgmjD
[2026-04-10 20:29:47] [INFO] [DBG]   k[9] s=0 w=0 len=32 b58=KLend2g3cP87fffoy8q1mQqGKjrxjC8boSyAYavgmjD
[2026-04-10 20:29:47] [INFO] [DBG]   k[10] s=0 w=0 len=32 b58=Sysvar1nstructions1111111111111111111111111
[2026-04-10 20:29:47] [INFO] [DBG]   k[11] s=0 w=0 len=32 b58=TokenkegQfeZyiNwAJbNbGKPFXCWuBvf9Ss623VQ5DA
[2026-04-10 20:29:47] [INFO] [DBG] ix[9] prog=Tokenkeg keys=3 dataLen=1 hex=09
[2026-04-10 20:29:47] [INFO] [DBG]   k[0] s=0 w=1 len=32 b58=DQwQCSZL4Wm98FKdbVVw1Vq5txLcKNfxRBQrsy2MtcSa
[2026-04-10 20:29:47] [INFO] [DBG]   k[1] s=0 w=1 len=32 b58=ESzi3jyKV4EWi1TC36nRwLiHHDVTmzn9iCFTotToyhC3
[2026-04-10 20:29:47] [INFO] [DBG]   k[2] s=1 w=0 len=32 b58=ESzi3jyKV4EWi1TC36nRwLiHHDVTmzn9iCFTotToyhC3
[2026-04-10 20:29:47] [INFO] [LocalExec] Tx size: 907 bytes | 10 instructions
[2026-04-10 20:29:47] [INFO] [LocalExec] Jito accepted via frankfurt
[2026-04-10 20:29:47] [INFO] [LAT] gate=3ms build=175ms sign=14ms submit=46ms TOTAL=238ms
[2026-04-10 20:29:47] [INFO] [LocalExec] ✅ Tx submitted: 3p44AV5FtYmNGsFJ9KqNR1mcMLMQSETfv1SDEoe5EzPnhYZvcRPLDZoFmmCjQRoK49FUFaqEM1kSStzihiz27WA5
[2026-04-10 20:29:47] [INFO] [LocalExec] Jito accepted via amsterdam
[2026-04-10 20:29:47] [INFO] [LocalExec] Jito accepted via mainnet
[2026-04-10 20:29:55] [INFO] [XDEX] SOL/BONK | spread: 0.1411% | fees: 0.0600% | PROFITABLE | hi: Orca (14145524.299836) 5zpyutJu9ee6jFymDGoK7F6S5Kczqtc9FomP3ueKuyA9 | lo: Raydium CLMM (14125586.414236) GtKKKs3yaPdHbQd2aZS4SfWhy8zQ988BJGnKNndLxYsN
[2026-04-10 20:29:55] [WARN] [LocalExec] ⚠️  computeSwap BYPASSED — pipeline test mode | gross local: -230.7687 USD
[2026-04-10 20:29:55] [INFO] 🎯 LOCAL EXEC — SOL/BONK | spread: 0.141% | loan: 40.0 SOL | profit: ~$-230.7687 | buy: Orca@5zpyutJu → sell: Raydium CLMM@GtKKKs3y
[2026-04-10 20:29:55] [INFO] [LocalExec] Jito tip: 50000 lamports (~$0.0043)
[2026-04-10 20:29:55] [INFO] [LocalExec] borrowIxIndex dynamically set to 2
[2026-04-10 20:29:55] [INFO] [DBG] innerIxs.length=10
[2026-04-10 20:29:55] [INFO] [DBG] ix[0] prog=11111111 keys=2 dataLen=12 hex=0200000050c3000000000000
[2026-04-10 20:29:55] [INFO] [DBG]   k[0] s=1 w=1 len=32 b58=ESzi3jyKV4EWi1TC36nRwLiHHDVTmzn9iCFTotToyhC3
[2026-04-10 20:29:55] [INFO] [DBG]   k[1] s=0 w=1 len=32 b58=ADaUMid9yfUytqMBgopwjb2DTLSokTSzL1zcaozNr7RD
[2026-04-10 20:29:55] [INFO] [DBG] ix[1] prog=ATokenGP keys=6 dataLen=1 hex=01
[2026-04-10 20:29:55] [INFO] [DBG]   k[0] s=1 w=1 len=32 b58=ESzi3jyKV4EWi1TC36nRwLiHHDVTmzn9iCFTotToyhC3
[2026-04-10 20:29:55] [INFO] [DBG]   k[1] s=0 w=1 len=32 b58=DQwQCSZL4Wm98FKdbVVw1Vq5txLcKNfxRBQrsy2MtcSa
[2026-04-10 20:29:55] [INFO] [DBG]   k[2] s=0 w=0 len=32 b58=ESzi3jyKV4EWi1TC36nRwLiHHDVTmzn9iCFTotToyhC3
[2026-04-10 20:29:55] [INFO] [DBG]   k[3] s=0 w=0 len=32 b58=So11111111111111111111111111111111111111112
[2026-04-10 20:29:55] [INFO] [DBG]   k[4] s=0 w=0 len=32 b58=11111111111111111111111111111111
[2026-04-10 20:29:55] [INFO] [DBG]   k[5] s=0 w=0 len=32 b58=TokenkegQfeZyiNwAJbNbGKPFXCWuBvf9Ss623VQ5DA
[2026-04-10 20:29:55] [INFO] [DBG] ix[2] prog=KLend2g3 keys=12 dataLen=16 hex=87e734a70734d4c100902f5009000000
[2026-04-10 20:29:55] [INFO] [DBG]   k[0] s=1 w=0 len=32 b58=ESzi3jyKV4EWi1TC36nRwLiHHDVTmzn9iCFTotToyhC3
[2026-04-10 20:29:55] [INFO] [DBG]   k[1] s=0 w=0 len=32 b58=9DrvZvyWh1HuAoZxvYWMvkf2XCzryCpGgHqrMjyDWpmo
[2026-04-10 20:29:55] [INFO] [DBG]   k[2] s=0 w=0 len=32 b58=7u3HeHxYDLhnCoErrtycNokbQYbWGzLs6JSDqGAv5PfF
[2026-04-10 20:29:55] [INFO] [DBG]   k[3] s=0 w=1 len=32 b58=d4A2prbA2whesmvHaL88BH6Ewn5N4bTSU2Ze8P6Bc4Q
[2026-04-10 20:29:55] [INFO] [DBG]   k[4] s=0 w=0 len=32 b58=So11111111111111111111111111111111111111112
[2026-04-10 20:29:55] [INFO] [DBG]   k[5] s=0 w=1 len=32 b58=GafNuUXj9rxGLn4y79dPu6MHSuPWeJR6UtTWuexpGh3U
[2026-04-10 20:29:55] [INFO] [DBG]   k[6] s=0 w=1 len=32 b58=DQwQCSZL4Wm98FKdbVVw1Vq5txLcKNfxRBQrsy2MtcSa
[2026-04-10 20:29:56] [INFO] [DBG]   k[7] s=0 w=1 len=32 b58=3JNof8s453bwG5UqiXBLJc77NRQXezYYEBbk3fqnoKph
[2026-04-10 20:29:56] [INFO] [DBG]   k[8] s=0 w=0 len=32 b58=KLend2g3cP87fffoy8q1mQqGKjrxjC8boSyAYavgmjD
[2026-04-10 20:29:56] [INFO] [DBG]   k[9] s=0 w=0 len=32 b58=KLend2g3cP87fffoy8q1mQqGKjrxjC8boSyAYavgmjD
[2026-04-10 20:29:56] [INFO] [DBG]   k[10] s=0 w=0 len=32 b58=Sysvar1nstructions1111111111111111111111111
[2026-04-10 20:29:56] [INFO] [DBG]   k[11] s=0 w=0 len=32 b58=TokenkegQfeZyiNwAJbNbGKPFXCWuBvf9Ss623VQ5DA
[2026-04-10 20:29:56] [INFO] [DBG] ix[3] prog=ComputeB keys=0 dataLen=5 hex=02c0270900
[2026-04-10 20:29:56] [INFO] [DBG] ix[4] prog=ComputeB keys=0 dataLen=9 hex=030100000000000000
[2026-04-10 20:29:56] [INFO] [DBG] ix[5] prog=ATokenGP keys=6 dataLen=1 hex=01
[2026-04-10 20:29:56] [INFO] [DBG]   k[0] s=1 w=1 len=32 b58=ESzi3jyKV4EWi1TC36nRwLiHHDVTmzn9iCFTotToyhC3
[2026-04-10 20:29:56] [INFO] [DBG]   k[1] s=0 w=1 len=32 b58=8ChvMvALunCZrZnbr3Jwf4S8kEKYAqcMGL2C53MFgK87
[2026-04-10 20:29:56] [INFO] [DBG]   k[2] s=0 w=0 len=32 b58=ESzi3jyKV4EWi1TC36nRwLiHHDVTmzn9iCFTotToyhC3
[2026-04-10 20:29:56] [INFO] [DBG]   k[3] s=0 w=0 len=32 b58=DezXAZ8z7PnrnRJjz3wXBoRgixCa6xjnB7YaB1pPB263
[2026-04-10 20:29:56] [INFO] [DBG]   k[4] s=0 w=0 len=32 b58=11111111111111111111111111111111
[2026-04-10 20:29:56] [INFO] [DBG]   k[5] s=0 w=0 len=32 b58=TokenkegQfeZyiNwAJbNbGKPFXCWuBvf9Ss623VQ5DA
[2026-04-10 20:29:56] [INFO] [DBG] ix[6] prog=whirLbMi keys=11 dataLen=42 hex=f8c69e91e17587c800902f50090000007b0f1f7aad2d0000513b01000100000000000000000000000101
[2026-04-10 20:29:56] [INFO] [DBG]   k[0] s=0 w=0 len=32 b58=TokenkegQfeZyiNwAJbNbGKPFXCWuBvf9Ss623VQ5DA
[2026-04-10 20:29:56] [INFO] [DBG]   k[1] s=1 w=0 len=32 b58=ESzi3jyKV4EWi1TC36nRwLiHHDVTmzn9iCFTotToyhC3
[2026-04-10 20:29:56] [INFO] [DBG]   k[2] s=0 w=1 len=32 b58=5zpyutJu9ee6jFymDGoK7F6S5Kczqtc9FomP3ueKuyA9
[2026-04-10 20:29:56] [INFO] [DBG]   k[3] s=0 w=1 len=32 b58=DQwQCSZL4Wm98FKdbVVw1Vq5txLcKNfxRBQrsy2MtcSa
[2026-04-10 20:29:56] [INFO] [DBG]   k[4] s=0 w=1 len=32 b58=ES7yhSrYeFo4U1PfJHNRkbfCWxCwPLk2DjrEbmN8bg58
[2026-04-10 20:29:56] [INFO] [DBG]   k[5] s=0 w=1 len=32 b58=8ChvMvALunCZrZnbr3Jwf4S8kEKYAqcMGL2C53MFgK87
[2026-04-10 20:29:56] [INFO] [DBG]   k[6] s=0 w=1 len=32 b58=4dmvFGeQH2eqa3ktNHMgm4wZ8vuTukBiK9M7gxW5oR9F
[2026-04-10 20:29:56] [INFO] [DBG]   k[7] s=0 w=1 len=32 b58=EJRTQoUhFocFL4fRwrhERF6wBL4RTZQrKe6dDuwrnRei
[2026-04-10 20:29:56] [INFO] [DBG]   k[8] s=0 w=1 len=32 b58=DTjFaPV7fLHGUQ7XoS2HqW9kUL2F41hAdTu89Hhsonni
[2026-04-10 20:29:56] [INFO] [DBG]   k[9] s=0 w=1 len=32 b58=A7xxBQk2BAEX3ewQrtDA28Mbf722nDmPVtb2UNu9gwCU
[2026-04-10 20:29:56] [INFO] [DBG]   k[10] s=0 w=0 len=32 b58=EXpqcVuTTPEmyeVu2LHM75ha7FwmjJ88MnhSMRRdy5Sh
[2026-04-10 20:29:56] [INFO] [DBG] ix[7] prog=CAMMCzo5 keys=12 dataLen=41 hex=f8c69e91e17587c8174a94c0c03200000100000000000000af331ba8327fbb35b1c4feff0000000001
[2026-04-10 20:29:56] [INFO] [DBG]   k[0] s=1 w=1 len=32 b58=ESzi3jyKV4EWi1TC36nRwLiHHDVTmzn9iCFTotToyhC3
[2026-04-10 20:29:56] [INFO] [DBG]   k[1] s=0 w=0 len=32 b58=E64NGkDLLCdQ2yFNPcavaKptrEgmiQaNykUuLC1Qgwyp
[2026-04-10 20:29:56] [INFO] [DBG]   k[2] s=0 w=1 len=32 b58=GtKKKs3yaPdHbQd2aZS4SfWhy8zQ988BJGnKNndLxYsN
[2026-04-10 20:29:56] [INFO] [DBG]   k[3] s=0 w=1 len=32 b58=8ChvMvALunCZrZnbr3Jwf4S8kEKYAqcMGL2C53MFgK87
[2026-04-10 20:29:56] [INFO] [DBG]   k[4] s=0 w=1 len=32 b58=DQwQCSZL4Wm98FKdbVVw1Vq5txLcKNfxRBQrsy2MtcSa
[2026-04-10 20:29:56] [INFO] [DBG]   k[5] s=0 w=1 len=32 b58=2wzaFLYb4JcDrVs8TfU3TfkVwq1Pdp3rRgWdNJzFGXud
[2026-04-10 20:29:56] [INFO] [DBG]   k[6] s=0 w=1 len=32 b58=GDnBvA76ZAJ2K3en2F1iExPZ6qz83Xjj5srXMmSKTYDW
[2026-04-10 20:29:56] [INFO] [DBG]   k[7] s=0 w=1 len=32 b58=Gj8gzDNKmf5y3p1LorKHTvMZ8eCLhbCDnhGiN5xVW8Jq
[2026-04-10 20:29:56] [INFO] [DBG]   k[8] s=0 w=0 len=32 b58=TokenkegQfeZyiNwAJbNbGKPFXCWuBvf9Ss623VQ5DA
[2026-04-10 20:29:56] [INFO] [DBG]   k[9] s=0 w=1 len=32 b58=owcNVJ4MMfaDM9nZnFsAjona15P2msRdmGKBUya95LU
[2026-04-10 20:29:56] [INFO] [DBG]   k[10] s=0 w=1 len=32 b58=CSL5rYPRZbKwPBFzRtHmv7ofySJFUMmZiqcdxWLik6e7
[2026-04-10 20:29:56] [INFO] [DBG]   k[11] s=0 w=1 len=32 b58=5LqWtmz8iVFVZRVaPm3tgin6wcEEMMq3B5Bp3AYmAx3d
[2026-04-10 20:29:56] [INFO] [DBG] ix[8] prog=KLend2g3 keys=12 dataLen=17 hex=b97500cb60f5b4ba00902f500900000002
[2026-04-10 20:29:56] [INFO] [DBG]   k[0] s=1 w=0 len=32 b58=ESzi3jyKV4EWi1TC36nRwLiHHDVTmzn9iCFTotToyhC3
[2026-04-10 20:29:56] [INFO] [DBG]   k[1] s=0 w=0 len=32 b58=9DrvZvyWh1HuAoZxvYWMvkf2XCzryCpGgHqrMjyDWpmo
[2026-04-10 20:29:56] [INFO] [DBG]   k[2] s=0 w=0 len=32 b58=7u3HeHxYDLhnCoErrtycNokbQYbWGzLs6JSDqGAv5PfF
[2026-04-10 20:29:56] [INFO] [DBG]   k[3] s=0 w=1 len=32 b58=d4A2prbA2whesmvHaL88BH6Ewn5N4bTSU2Ze8P6Bc4Q
[2026-04-10 20:29:56] [INFO] [DBG]   k[4] s=0 w=0 len=32 b58=So11111111111111111111111111111111111111112
[2026-04-10 20:29:56] [INFO] [DBG]   k[5] s=0 w=1 len=32 b58=GafNuUXj9rxGLn4y79dPu6MHSuPWeJR6UtTWuexpGh3U
[2026-04-10 20:29:56] [INFO] [DBG]   k[6] s=0 w=1 len=32 b58=DQwQCSZL4Wm98FKdbVVw1Vq5txLcKNfxRBQrsy2MtcSa
[2026-04-10 20:29:56] [INFO] [DBG]   k[7] s=0 w=1 len=32 b58=3JNof8s453bwG5UqiXBLJc77NRQXezYYEBbk3fqnoKph
[2026-04-10 20:29:56] [INFO] [DBG]   k[8] s=0 w=0 len=32 b58=KLend2g3cP87fffoy8q1mQqGKjrxjC8boSyAYavgmjD
[2026-04-10 20:29:56] [INFO] [DBG]   k[9] s=0 w=0 len=32 b58=KLend2g3cP87fffoy8q1mQqGKjrxjC8boSyAYavgmjD
[2026-04-10 20:29:56] [INFO] [DBG]   k[10] s=0 w=0 len=32 b58=Sysvar1nstructions1111111111111111111111111
[2026-04-10 20:29:56] [INFO] [DBG]   k[11] s=0 w=0 len=32 b58=TokenkegQfeZyiNwAJbNbGKPFXCWuBvf9Ss623VQ5DA
[2026-04-10 20:29:56] [INFO] [DBG] ix[9] prog=Tokenkeg keys=3 dataLen=1 hex=09
[2026-04-10 20:29:56] [INFO] [DBG]   k[0] s=0 w=1 len=32 b58=DQwQCSZL4Wm98FKdbVVw1Vq5txLcKNfxRBQrsy2MtcSa
[2026-04-10 20:29:56] [INFO] [DBG]   k[1] s=0 w=1 len=32 b58=ESzi3jyKV4EWi1TC36nRwLiHHDVTmzn9iCFTotToyhC3
[2026-04-10 20:29:56] [INFO] [DBG]   k[2] s=1 w=0 len=32 b58=ESzi3jyKV4EWi1TC36nRwLiHHDVTmzn9iCFTotToyhC3
[2026-04-10 20:29:56] [INFO] [LocalExec] Tx size: 907 bytes | 10 instructions
[2026-04-10 20:29:56] [INFO] [LocalExec] Jito accepted via frankfurt
[2026-04-10 20:29:56] [INFO] [LAT] gate=1ms build=141ms sign=15ms submit=65ms TOTAL=222ms
[2026-04-10 20:29:56] [INFO] [LocalExec] ✅ Tx submitted: 3T83WgiDGtykW2YfZMaVvtgB2yS4b4xyXXULdY9DBMvsNrLpFSaNMjEkRK6MTfDhhuNv4xPM3FnecfeJ7oxMi7jV
[2026-04-10 20:29:56] [INFO] [LocalExec] Jito accepted via amsterdam
[2026-04-10 20:29:56] [INFO] [LocalExec] Jito accepted via mainnet
[2026-04-10 20:29:56] [ERROR] Unhandled rejection: Error: 429 Too Many Requests: {"jsonrpc":"2.0","error":{"code":-32429,"message":"rate limited"}}
[2026-04-10 20:29:57] [INFO] [XDEX] SOL/BONK | spread: 0.1663% | fees: 0.0600% | PROFITABLE | hi: Orca (14149079.220518) 5zpyutJu9ee6jFymDGoK7F6S5Kczqtc9FomP3ueKuyA9 | lo: Raydium CLMM (14125586.414236) GtKKKs3yaPdHbQd2aZS4SfWhy8zQ988BJGnKNndLxYsN
[2026-04-10 20:29:57] [WARN] [LocalExec] ⚠️  computeSwap BYPASSED — pipeline test mode | gross local: -230.0183 USD
[2026-04-10 20:29:57] [INFO] 🎯 LOCAL EXEC — SOL/BONK | spread: 0.166% | loan: 40.0 SOL | profit: ~$-230.0183 | buy: Orca@5zpyutJu → sell: Raydium CLMM@GtKKKs3y
[2026-04-10 20:29:57] [INFO] [LocalExec] Jito tip: 50000 lamports (~$0.0043)
[2026-04-10 20:29:57] [INFO] [LocalExec] borrowIxIndex dynamically set to 2
[2026-04-10 20:29:57] [INFO] [DBG] innerIxs.length=10
[2026-04-10 20:29:57] [INFO] [DBG] ix[0] prog=11111111 keys=2 dataLen=12 hex=0200000050c3000000000000
[2026-04-10 20:29:57] [INFO] [DBG]   k[0] s=1 w=1 len=32 b58=ESzi3jyKV4EWi1TC36nRwLiHHDVTmzn9iCFTotToyhC3
[2026-04-10 20:29:57] [INFO] [DBG]   k[1] s=0 w=1 len=32 b58=DfXygSm4jCyNCybVYYK6DwvWqjKee8pbDmJGcLWNDXjh
[2026-04-10 20:29:57] [INFO] [DBG] ix[1] prog=ATokenGP keys=6 dataLen=1 hex=01
[2026-04-10 20:29:57] [INFO] [DBG]   k[0] s=1 w=1 len=32 b58=ESzi3jyKV4EWi1TC36nRwLiHHDVTmzn9iCFTotToyhC3
[2026-04-10 20:29:57] [INFO] [DBG]   k[1] s=0 w=1 len=32 b58=DQwQCSZL4Wm98FKdbVVw1Vq5txLcKNfxRBQrsy2MtcSa
[2026-04-10 20:29:57] [INFO] [DBG]   k[2] s=0 w=0 len=32 b58=ESzi3jyKV4EWi1TC36nRwLiHHDVTmzn9iCFTotToyhC3
[2026-04-10 20:29:57] [INFO] [DBG]   k[3] s=0 w=0 len=32 b58=So11111111111111111111111111111111111111112
[2026-04-10 20:29:57] [INFO] [DBG]   k[4] s=0 w=0 len=32 b58=11111111111111111111111111111111
[2026-04-10 20:29:57] [INFO] [DBG]   k[5] s=0 w=0 len=32 b58=TokenkegQfeZyiNwAJbNbGKPFXCWuBvf9Ss623VQ5DA
[2026-04-10 20:29:57] [INFO] [DBG] ix[2] prog=KLend2g3 keys=12 dataLen=16 hex=87e734a70734d4c100902f5009000000
[2026-04-10 20:29:57] [INFO] [DBG]   k[0] s=1 w=0 len=32 b58=ESzi3jyKV4EWi1TC36nRwLiHHDVTmzn9iCFTotToyhC3
[2026-04-10 20:29:57] [INFO] [DBG]   k[1] s=0 w=0 len=32 b58=9DrvZvyWh1HuAoZxvYWMvkf2XCzryCpGgHqrMjyDWpmo
[2026-04-10 20:29:57] [INFO] [DBG]   k[2] s=0 w=0 len=32 b58=7u3HeHxYDLhnCoErrtycNokbQYbWGzLs6JSDqGAv5PfF
[2026-04-10 20:29:57] [INFO] [DBG]   k[3] s=0 w=1 len=32 b58=d4A2prbA2whesmvHaL88BH6Ewn5N4bTSU2Ze8P6Bc4Q
[2026-04-10 20:29:57] [INFO] [DBG]   k[4] s=0 w=0 len=32 b58=So11111111111111111111111111111111111111112
[2026-04-10 20:29:57] [INFO] [DBG]   k[5] s=0 w=1 len=32 b58=GafNuUXj9rxGLn4y79dPu6MHSuPWeJR6UtTWuexpGh3U
[2026-04-10 20:29:57] [INFO] [DBG]   k[6] s=0 w=1 len=32 b58=DQwQCSZL4Wm98FKdbVVw1Vq5txLcKNfxRBQrsy2MtcSa
[2026-04-10 20:29:57] [INFO] [DBG]   k[7] s=0 w=1 len=32 b58=3JNof8s453bwG5UqiXBLJc77NRQXezYYEBbk3fqnoKph
[2026-04-10 20:29:57] [INFO] [DBG]   k[8] s=0 w=0 len=32 b58=KLend2g3cP87fffoy8q1mQqGKjrxjC8boSyAYavgmjD
[2026-04-10 20:29:57] [INFO] [DBG]   k[9] s=0 w=0 len=32 b58=KLend2g3cP87fffoy8q1mQqGKjrxjC8boSyAYavgmjD
[2026-04-10 20:29:57] [INFO] [DBG]   k[10] s=0 w=0 len=32 b58=Sysvar1nstructions1111111111111111111111111
[2026-04-10 20:29:57] [INFO] [DBG]   k[11] s=0 w=0 len=32 b58=TokenkegQfeZyiNwAJbNbGKPFXCWuBvf9Ss623VQ5DA
[2026-04-10 20:29:57] [INFO] [DBG] ix[3] prog=ComputeB keys=0 dataLen=5 hex=02c0270900
[2026-04-10 20:29:57] [INFO] [DBG] ix[4] prog=ComputeB keys=0 dataLen=9 hex=030100000000000000
[2026-04-10 20:29:57] [INFO] [DBG] ix[5] prog=ATokenGP keys=6 dataLen=1 hex=01
[2026-04-10 20:29:57] [INFO] [DBG]   k[0] s=1 w=1 len=32 b58=ESzi3jyKV4EWi1TC36nRwLiHHDVTmzn9iCFTotToyhC3
[2026-04-10 20:29:57] [INFO] [DBG]   k[1] s=0 w=1 len=32 b58=8ChvMvALunCZrZnbr3Jwf4S8kEKYAqcMGL2C53MFgK87
[2026-04-10 20:29:57] [INFO] [DBG]   k[2] s=0 w=0 len=32 b58=ESzi3jyKV4EWi1TC36nRwLiHHDVTmzn9iCFTotToyhC3
[2026-04-10 20:29:57] [INFO] [DBG]   k[3] s=0 w=0 len=32 b58=DezXAZ8z7PnrnRJjz3wXBoRgixCa6xjnB7YaB1pPB263
[2026-04-10 20:29:57] [INFO] [DBG]   k[4] s=0 w=0 len=32 b58=11111111111111111111111111111111
[2026-04-10 20:29:57] [INFO] [DBG]   k[5] s=0 w=0 len=32 b58=TokenkegQfeZyiNwAJbNbGKPFXCWuBvf9Ss623VQ5DA
[2026-04-10 20:29:57] [INFO] [DBG] ix[6] prog=whirLbMi keys=11 dataLen=42 hex=f8c69e91e17587c800902f50090000008e7e6f65b02d0000513b01000100000000000000000000000101
[2026-04-10 20:29:57] [INFO] [DBG]   k[0] s=0 w=0 len=32 b58=TokenkegQfeZyiNwAJbNbGKPFXCWuBvf9Ss623VQ5DA
[2026-04-10 20:29:57] [INFO] [DBG]   k[1] s=1 w=0 len=32 b58=ESzi3jyKV4EWi1TC36nRwLiHHDVTmzn9iCFTotToyhC3
[2026-04-10 20:29:57] [INFO] [DBG]   k[2] s=0 w=1 len=32 b58=5zpyutJu9ee6jFymDGoK7F6S5Kczqtc9FomP3ueKuyA9
[2026-04-10 20:29:57] [INFO] [DBG]   k[3] s=0 w=1 len=32 b58=DQwQCSZL4Wm98FKdbVVw1Vq5txLcKNfxRBQrsy2MtcSa
[2026-04-10 20:29:57] [INFO] [DBG]   k[4] s=0 w=1 len=32 b58=ES7yhSrYeFo4U1PfJHNRkbfCWxCwPLk2DjrEbmN8bg58
[2026-04-10 20:29:57] [INFO] [DBG]   k[5] s=0 w=1 len=32 b58=8ChvMvALunCZrZnbr3Jwf4S8kEKYAqcMGL2C53MFgK87
[2026-04-10 20:29:57] [INFO] [DBG]   k[6] s=0 w=1 len=32 b58=4dmvFGeQH2eqa3ktNHMgm4wZ8vuTukBiK9M7gxW5oR9F
[2026-04-10 20:29:57] [INFO] [DBG]   k[7] s=0 w=1 len=32 b58=EJRTQoUhFocFL4fRwrhERF6wBL4RTZQrKe6dDuwrnRei
[2026-04-10 20:29:57] [INFO] [DBG]   k[8] s=0 w=1 len=32 b58=DTjFaPV7fLHGUQ7XoS2HqW9kUL2F41hAdTu89Hhsonni
[2026-04-10 20:29:57] [INFO] [DBG]   k[9] s=0 w=1 len=32 b58=A7xxBQk2BAEX3ewQrtDA28Mbf722nDmPVtb2UNu9gwCU
[2026-04-10 20:29:57] [INFO] [DBG]   k[10] s=0 w=0 len=32 b58=EXpqcVuTTPEmyeVu2LHM75ha7FwmjJ88MnhSMRRdy5Sh
[2026-04-10 20:29:57] [INFO] [DBG] ix[7] prog=CAMMCzo5 keys=12 dataLen=41 hex=f8c69e91e17587c810a9edfec33200000100000000000000af331ba8327fbb35b1c4feff0000000001
[2026-04-10 20:29:57] [INFO] [DBG]   k[0] s=1 w=1 len=32 b58=ESzi3jyKV4EWi1TC36nRwLiHHDVTmzn9iCFTotToyhC3
[2026-04-10 20:29:57] [INFO] [DBG]   k[1] s=0 w=0 len=32 b58=E64NGkDLLCdQ2yFNPcavaKptrEgmiQaNykUuLC1Qgwyp
[2026-04-10 20:29:57] [INFO] [DBG]   k[2] s=0 w=1 len=32 b58=GtKKKs3yaPdHbQd2aZS4SfWhy8zQ988BJGnKNndLxYsN
[2026-04-10 20:29:57] [INFO] [DBG]   k[3] s=0 w=1 len=32 b58=8ChvMvALunCZrZnbr3Jwf4S8kEKYAqcMGL2C53MFgK87
[2026-04-10 20:29:57] [INFO] [DBG]   k[4] s=0 w=1 len=32 b58=DQwQCSZL4Wm98FKdbVVw1Vq5txLcKNfxRBQrsy2MtcSa
[2026-04-10 20:29:57] [INFO] [DBG]   k[5] s=0 w=1 len=32 b58=2wzaFLYb4JcDrVs8TfU3TfkVwq1Pdp3rRgWdNJzFGXud
[2026-04-10 20:29:57] [INFO] [DBG]   k[6] s=0 w=1 len=32 b58=GDnBvA76ZAJ2K3en2F1iExPZ6qz83Xjj5srXMmSKTYDW
[2026-04-10 20:29:58] [INFO] [DBG]   k[7] s=0 w=1 len=32 b58=Gj8gzDNKmf5y3p1LorKHTvMZ8eCLhbCDnhGiN5xVW8Jq
[2026-04-10 20:29:58] [INFO] [DBG]   k[8] s=0 w=0 len=32 b58=TokenkegQfeZyiNwAJbNbGKPFXCWuBvf9Ss623VQ5DA
[2026-04-10 20:29:58] [INFO] [DBG]   k[9] s=0 w=1 len=32 b58=owcNVJ4MMfaDM9nZnFsAjona15P2msRdmGKBUya95LU
[2026-04-10 20:29:58] [INFO] [DBG]   k[10] s=0 w=1 len=32 b58=CSL5rYPRZbKwPBFzRtHmv7ofySJFUMmZiqcdxWLik6e7
[2026-04-10 20:29:58] [INFO] [DBG]   k[11] s=0 w=1 len=32 b58=5LqWtmz8iVFVZRVaPm3tgin6wcEEMMq3B5Bp3AYmAx3d
[2026-04-10 20:29:58] [INFO] [DBG] ix[8] prog=KLend2g3 keys=12 dataLen=17 hex=b97500cb60f5b4ba00902f500900000002
[2026-04-10 20:29:58] [INFO] [DBG]   k[0] s=1 w=0 len=32 b58=ESzi3jyKV4EWi1TC36nRwLiHHDVTmzn9iCFTotToyhC3
[2026-04-10 20:29:58] [INFO] [DBG]   k[1] s=0 w=0 len=32 b58=9DrvZvyWh1HuAoZxvYWMvkf2XCzryCpGgHqrMjyDWpmo
[2026-04-10 20:29:58] [INFO] [DBG]   k[2] s=0 w=0 len=32 b58=7u3HeHxYDLhnCoErrtycNokbQYbWGzLs6JSDqGAv5PfF
[2026-04-10 20:29:58] [INFO] [DBG]   k[3] s=0 w=1 len=32 b58=d4A2prbA2whesmvHaL88BH6Ewn5N4bTSU2Ze8P6Bc4Q
[2026-04-10 20:29:58] [INFO] [DBG]   k[4] s=0 w=0 len=32 b58=So11111111111111111111111111111111111111112
[2026-04-10 20:29:58] [INFO] [DBG]   k[5] s=0 w=1 len=32 b58=GafNuUXj9rxGLn4y79dPu6MHSuPWeJR6UtTWuexpGh3U
[2026-04-10 20:29:58] [INFO] [DBG]   k[6] s=0 w=1 len=32 b58=DQwQCSZL4Wm98FKdbVVw1Vq5txLcKNfxRBQrsy2MtcSa
[2026-04-10 20:29:58] [INFO] [DBG]   k[7] s=0 w=1 len=32 b58=3JNof8s453bwG5UqiXBLJc77NRQXezYYEBbk3fqnoKph
[2026-04-10 20:29:58] [INFO] [DBG]   k[8] s=0 w=0 len=32 b58=KLend2g3cP87fffoy8q1mQqGKjrxjC8boSyAYavgmjD
[2026-04-10 20:29:58] [INFO] [DBG]   k[9] s=0 w=0 len=32 b58=KLend2g3cP87fffoy8q1mQqGKjrxjC8boSyAYavgmjD
[2026-04-10 20:29:58] [INFO] [DBG]   k[10] s=0 w=0 len=32 b58=Sysvar1nstructions1111111111111111111111111
[2026-04-10 20:29:58] [INFO] [DBG]   k[11] s=0 w=0 len=32 b58=TokenkegQfeZyiNwAJbNbGKPFXCWuBvf9Ss623VQ5DA
[2026-04-10 20:29:58] [INFO] [DBG] ix[9] prog=Tokenkeg keys=3 dataLen=1 hex=09
[2026-04-10 20:29:58] [INFO] [DBG]   k[0] s=0 w=1 len=32 b58=DQwQCSZL4Wm98FKdbVVw1Vq5txLcKNfxRBQrsy2MtcSa
[2026-04-10 20:29:58] [INFO] [DBG]   k[1] s=0 w=1 len=32 b58=ESzi3jyKV4EWi1TC36nRwLiHHDVTmzn9iCFTotToyhC3
[2026-04-10 20:29:58] [INFO] [DBG]   k[2] s=1 w=0 len=32 b58=ESzi3jyKV4EWi1TC36nRwLiHHDVTmzn9iCFTotToyhC3
[2026-04-10 20:29:58] [INFO] [LocalExec] Tx size: 907 bytes | 10 instructions
[2026-04-10 20:29:58] [INFO] [LocalExec] Jito accepted via frankfurt
[2026-04-10 20:29:58] [INFO] [LAT] gate=1ms build=122ms sign=12ms submit=23ms TOTAL=158ms
[2026-04-10 20:29:58] [INFO] [LocalExec] ✅ Tx submitted: 21FbY1ViENht3ykPfcWTLDdZftMFfmXgwfBp5N8K2cyMyfdNhKfv62ZmvRHkm2VpuyUg1gMu3VUTnxcNJ2xKPjwq
[2026-04-10 20:29:58] [INFO] [LocalExec] Jito accepted via amsterdam
[2026-04-10 20:29:58] [INFO] [LocalExec] Jito accepted via mainnet
[2026-04-10 20:29:58] [ERROR] Unhandled rejection: Error: 429 Too Many Requests: {"jsonrpc":"2.0","error":{"code":-32429,"message":"rate limited"}}
[2026-04-10 20:30:00] [ERROR] [Executor] Tx failed on-chain: {"InstructionError":[7,{"Custom":3007}]}
[2026-04-10 20:30:03] [INFO] [XDEX] SOL/BONK | spread: 0.1801% | fees: 0.0600% | PROFITABLE | hi: Orca (14151023.701984) 5zpyutJu9ee6jFymDGoK7F6S5Kczqtc9FomP3ueKuyA9 | lo: Raydium CLMM (14125586.414236) GtKKKs3yaPdHbQd2aZS4SfWhy8zQ988BJGnKNndLxYsN
[2026-04-10 20:30:03] [WARN] [LocalExec] ⚠️  computeSwap BYPASSED — pipeline test mode | gross local: -229.6078 USD
[2026-04-10 20:30:03] [INFO] 🎯 LOCAL EXEC — SOL/BONK | spread: 0.180% | loan: 40.0 SOL | profit: ~$-229.6078 | buy: Orca@5zpyutJu → sell: Raydium CLMM@GtKKKs3y
[2026-04-10 20:30:03] [INFO] [LocalExec] Jito tip: 50000 lamports (~$0.0043)
[2026-04-10 20:30:03] [INFO] [LocalExec] borrowIxIndex dynamically set to 2
[2026-04-10 20:30:03] [INFO] [DBG] innerIxs.length=10
[2026-04-10 20:30:03] [INFO] [DBG] ix[0] prog=11111111 keys=2 dataLen=12 hex=0200000050c3000000000000
[2026-04-10 20:30:03] [INFO] [DBG]   k[0] s=1 w=1 len=32 b58=ESzi3jyKV4EWi1TC36nRwLiHHDVTmzn9iCFTotToyhC3
[2026-04-10 20:30:03] [INFO] [DBG]   k[1] s=0 w=1 len=32 b58=ADuUkR4vqLUMWXxW9gh6D6L8pMSawimctcNZ5pGwDcEt
[2026-04-10 20:30:03] [INFO] [DBG] ix[1] prog=ATokenGP keys=6 dataLen=1 hex=01
[2026-04-10 20:30:03] [INFO] [DBG]   k[0] s=1 w=1 len=32 b58=ESzi3jyKV4EWi1TC36nRwLiHHDVTmzn9iCFTotToyhC3
[2026-04-10 20:30:03] [INFO] [DBG]   k[1] s=0 w=1 len=32 b58=DQwQCSZL4Wm98FKdbVVw1Vq5txLcKNfxRBQrsy2MtcSa
[2026-04-10 20:30:03] [INFO] [DBG]   k[2] s=0 w=0 len=32 b58=ESzi3jyKV4EWi1TC36nRwLiHHDVTmzn9iCFTotToyhC3
[2026-04-10 20:30:03] [INFO] [DBG]   k[3] s=0 w=0 len=32 b58=So11111111111111111111111111111111111111112
[2026-04-10 20:30:03] [INFO] [DBG]   k[4] s=0 w=0 len=32 b58=11111111111111111111111111111111
[2026-04-10 20:30:03] [INFO] [DBG]   k[5] s=0 w=0 len=32 b58=TokenkegQfeZyiNwAJbNbGKPFXCWuBvf9Ss623VQ5DA
[2026-04-10 20:30:03] [INFO] [DBG] ix[2] prog=KLend2g3 keys=12 dataLen=16 hex=87e734a70734d4c100902f5009000000
[2026-04-10 20:30:03] [INFO] [DBG]   k[0] s=1 w=0 len=32 b58=ESzi3jyKV4EWi1TC36nRwLiHHDVTmzn9iCFTotToyhC3
[2026-04-10 20:30:03] [INFO] [DBG]   k[1] s=0 w=0 len=32 b58=9DrvZvyWh1HuAoZxvYWMvkf2XCzryCpGgHqrMjyDWpmo
[2026-04-10 20:30:03] [INFO] [DBG]   k[2] s=0 w=0 len=32 b58=7u3HeHxYDLhnCoErrtycNokbQYbWGzLs6JSDqGAv5PfF
[2026-04-10 20:30:03] [INFO] [DBG]   k[3] s=0 w=1 len=32 b58=d4A2prbA2whesmvHaL88BH6Ewn5N4bTSU2Ze8P6Bc4Q
[2026-04-10 20:30:03] [INFO] [DBG]   k[4] s=0 w=0 len=32 b58=So11111111111111111111111111111111111111112
[2026-04-10 20:30:03] [INFO] [DBG]   k[5] s=0 w=1 len=32 b58=GafNuUXj9rxGLn4y79dPu6MHSuPWeJR6UtTWuexpGh3U
[2026-04-10 20:30:03] [INFO] [DBG]   k[6] s=0 w=1 len=32 b58=DQwQCSZL4Wm98FKdbVVw1Vq5txLcKNfxRBQrsy2MtcSa
[2026-04-10 20:30:03] [INFO] [DBG]   k[7] s=0 w=1 len=32 b58=3JNof8s453bwG5UqiXBLJc77NRQXezYYEBbk3fqnoKph
[2026-04-10 20:30:03] [INFO] [DBG]   k[8] s=0 w=0 len=32 b58=KLend2g3cP87fffoy8q1mQqGKjrxjC8boSyAYavgmjD
[2026-04-10 20:30:03] [INFO] [DBG]   k[9] s=0 w=0 len=32 b58=KLend2g3cP87fffoy8q1mQqGKjrxjC8boSyAYavgmjD
[2026-04-10 20:30:03] [INFO] [DBG]   k[10] s=0 w=0 len=32 b58=Sysvar1nstructions1111111111111111111111111
[2026-04-10 20:30:03] [INFO] [DBG]   k[11] s=0 w=0 len=32 b58=TokenkegQfeZyiNwAJbNbGKPFXCWuBvf9Ss623VQ5DA
[2026-04-10 20:30:03] [INFO] [DBG] ix[3] prog=ComputeB keys=0 dataLen=5 hex=02c0270900
[2026-04-10 20:30:03] [INFO] [DBG] ix[4] prog=ComputeB keys=0 dataLen=9 hex=030100000000000000
[2026-04-10 20:30:03] [INFO] [DBG] ix[5] prog=ATokenGP keys=6 dataLen=1 hex=01
[2026-04-10 20:30:03] [INFO] [DBG]   k[0] s=1 w=1 len=32 b58=ESzi3jyKV4EWi1TC36nRwLiHHDVTmzn9iCFTotToyhC3
[2026-04-10 20:30:03] [INFO] [DBG]   k[1] s=0 w=1 len=32 b58=8ChvMvALunCZrZnbr3Jwf4S8kEKYAqcMGL2C53MFgK87
[2026-04-10 20:30:03] [INFO] [DBG]   k[2] s=0 w=0 len=32 b58=ESzi3jyKV4EWi1TC36nRwLiHHDVTmzn9iCFTotToyhC3
[2026-04-10 20:30:03] [INFO] [DBG]   k[3] s=0 w=0 len=32 b58=DezXAZ8z7PnrnRJjz3wXBoRgixCa6xjnB7YaB1pPB263
[2026-04-10 20:30:03] [INFO] [DBG]   k[4] s=0 w=0 len=32 b58=11111111111111111111111111111111
[2026-04-10 20:30:03] [INFO] [DBG]   k[5] s=0 w=0 len=32 b58=TokenkegQfeZyiNwAJbNbGKPFXCWuBvf9Ss623VQ5DA
[2026-04-10 20:30:03] [INFO] [DBG] ix[6] prog=whirLbMi keys=11 dataLen=42 hex=f8c69e91e17587c800902f5009000000f4f433feb12d0000513b01000100000000000000000000000101
[2026-04-10 20:30:03] [INFO] [DBG]   k[0] s=0 w=0 len=32 b58=TokenkegQfeZyiNwAJbNbGKPFXCWuBvf9Ss623VQ5DA
[2026-04-10 20:30:03] [INFO] [DBG]   k[1] s=1 w=0 len=32 b58=ESzi3jyKV4EWi1TC36nRwLiHHDVTmzn9iCFTotToyhC3
[2026-04-10 20:30:03] [INFO] [DBG]   k[2] s=0 w=1 len=32 b58=5zpyutJu9ee6jFymDGoK7F6S5Kczqtc9FomP3ueKuyA9
[2026-04-10 20:30:03] [INFO] [DBG]   k[3] s=0 w=1 len=32 b58=DQwQCSZL4Wm98FKdbVVw1Vq5txLcKNfxRBQrsy2MtcSa
[2026-04-10 20:30:03] [INFO] [DBG]   k[4] s=0 w=1 len=32 b58=ES7yhSrYeFo4U1PfJHNRkbfCWxCwPLk2DjrEbmN8bg58
[2026-04-10 20:30:03] [INFO] [DBG]   k[5] s=0 w=1 len=32 b58=8ChvMvALunCZrZnbr3Jwf4S8kEKYAqcMGL2C53MFgK87
[2026-04-10 20:30:03] [INFO] [DBG]   k[6] s=0 w=1 len=32 b58=4dmvFGeQH2eqa3ktNHMgm4wZ8vuTukBiK9M7gxW5oR9F
[2026-04-10 20:30:03] [INFO] [DBG]   k[7] s=0 w=1 len=32 b58=EJRTQoUhFocFL4fRwrhERF6wBL4RTZQrKe6dDuwrnRei
[2026-04-10 20:30:03] [INFO] [DBG]   k[8] s=0 w=1 len=32 b58=DTjFaPV7fLHGUQ7XoS2HqW9kUL2F41hAdTu89Hhsonni
[2026-04-10 20:30:03] [INFO] [DBG]   k[9] s=0 w=1 len=32 b58=A7xxBQk2BAEX3ewQrtDA28Mbf722nDmPVtb2UNu9gwCU
[2026-04-10 20:30:03] [INFO] [DBG]   k[10] s=0 w=0 len=32 b58=EXpqcVuTTPEmyeVu2LHM75ha7FwmjJ88MnhSMRRdy5Sh
[2026-04-10 20:30:03] [INFO] [DBG] ix[7] prog=CAMMCzo5 keys=12 dataLen=41 hex=f8c69e91e17587c810491dc5c53200000100000000000000af331ba8327fbb35b1c4feff0000000001
[2026-04-10 20:30:03] [INFO] [DBG]   k[0] s=1 w=1 len=32 b58=ESzi3jyKV4EWi1TC36nRwLiHHDVTmzn9iCFTotToyhC3
[2026-04-10 20:30:03] [INFO] [DBG]   k[1] s=0 w=0 len=32 b58=E64NGkDLLCdQ2yFNPcavaKptrEgmiQaNykUuLC1Qgwyp
[2026-04-10 20:30:03] [INFO] [DBG]   k[2] s=0 w=1 len=32 b58=GtKKKs3yaPdHbQd2aZS4SfWhy8zQ988BJGnKNndLxYsN
[2026-04-10 20:30:03] [INFO] [DBG]   k[3] s=0 w=1 len=32 b58=8ChvMvALunCZrZnbr3Jwf4S8kEKYAqcMGL2C53MFgK87
[2026-04-10 20:30:03] [INFO] [DBG]   k[4] s=0 w=1 len=32 b58=DQwQCSZL4Wm98FKdbVVw1Vq5txLcKNfxRBQrsy2MtcSa
[2026-04-10 20:30:03] [INFO] [DBG]   k[5] s=0 w=1 len=32 b58=2wzaFLYb4JcDrVs8TfU3TfkVwq1Pdp3rRgWdNJzFGXud
[2026-04-10 20:30:03] [INFO] [DBG]   k[6] s=0 w=1 len=32 b58=GDnBvA76ZAJ2K3en2F1iExPZ6qz83Xjj5srXMmSKTYDW
[2026-04-10 20:30:03] [INFO] [DBG]   k[7] s=0 w=1 len=32 b58=Gj8gzDNKmf5y3p1LorKHTvMZ8eCLhbCDnhGiN5xVW8Jq
[2026-04-10 20:30:03] [INFO] [DBG]   k[8] s=0 w=0 len=32 b58=TokenkegQfeZyiNwAJbNbGKPFXCWuBvf9Ss623VQ5DA
[2026-04-10 20:30:03] [INFO] [DBG]   k[9] s=0 w=1 len=32 b58=owcNVJ4MMfaDM9nZnFsAjona15P2msRdmGKBUya95LU
[2026-04-10 20:30:03] [INFO] [DBG]   k[10] s=0 w=1 len=32 b58=CSL5rYPRZbKwPBFzRtHmv7ofySJFUMmZiqcdxWLik6e7
[2026-04-10 20:30:03] [INFO] [DBG]   k[11] s=0 w=1 len=32 b58=5LqWtmz8iVFVZRVaPm3tgin6wcEEMMq3B5Bp3AYmAx3d
[2026-04-10 20:30:03] [INFO] [DBG] ix[8] prog=KLend2g3 keys=12 dataLen=17 hex=b97500cb60f5b4ba00902f500900000002
[2026-04-10 20:30:03] [INFO] [DBG]   k[0] s=1 w=0 len=32 b58=ESzi3jyKV4EWi1TC36nRwLiHHDVTmzn9iCFTotToyhC3
[2026-04-10 20:30:03] [INFO] [DBG]   k[1] s=0 w=0 len=32 b58=9DrvZvyWh1HuAoZxvYWMvkf2XCzryCpGgHqrMjyDWpmo
[2026-04-10 20:30:03] [INFO] [DBG]   k[2] s=0 w=0 len=32 b58=7u3HeHxYDLhnCoErrtycNokbQYbWGzLs6JSDqGAv5PfF
[2026-04-10 20:30:03] [INFO] [DBG]   k[3] s=0 w=1 len=32 b58=d4A2prbA2whesmvHaL88BH6Ewn5N4bTSU2Ze8P6Bc4Q
[2026-04-10 20:30:03] [INFO] [DBG]   k[4] s=0 w=0 len=32 b58=So11111111111111111111111111111111111111112
[2026-04-10 20:30:03] [INFO] [DBG]   k[5] s=0 w=1 len=32 b58=GafNuUXj9rxGLn4y79dPu6MHSuPWeJR6UtTWuexpGh3U
[2026-04-10 20:30:03] [INFO] [DBG]   k[6] s=0 w=1 len=32 b58=DQwQCSZL4Wm98FKdbVVw1Vq5txLcKNfxRBQrsy2MtcSa
[2026-04-10 20:30:03] [INFO] [DBG]   k[7] s=0 w=1 len=32 b58=3JNof8s453bwG5UqiXBLJc77NRQXezYYEBbk3fqnoKph
[2026-04-10 20:30:03] [INFO] [DBG]   k[8] s=0 w=0 len=32 b58=KLend2g3cP87fffoy8q1mQqGKjrxjC8boSyAYavgmjD
[2026-04-10 20:30:03] [INFO] [DBG]   k[9] s=0 w=0 len=32 b58=KLend2g3cP87fffoy8q1mQqGKjrxjC8boSyAYavgmjD
[2026-04-10 20:30:03] [INFO] [DBG]   k[10] s=0 w=0 len=32 b58=Sysvar1nstructions1111111111111111111111111
[2026-04-10 20:30:03] [INFO] [DBG]   k[11] s=0 w=0 len=32 b58=TokenkegQfeZyiNwAJbNbGKPFXCWuBvf9Ss623VQ5DA
[2026-04-10 20:30:03] [INFO] [DBG] ix[9] prog=Tokenkeg keys=3 dataLen=1 hex=09
[2026-04-10 20:30:03] [INFO] [DBG]   k[0] s=0 w=1 len=32 b58=DQwQCSZL4Wm98FKdbVVw1Vq5txLcKNfxRBQrsy2MtcSa
[2026-04-10 20:30:03] [INFO] [DBG]   k[1] s=0 w=1 len=32 b58=ESzi3jyKV4EWi1TC36nRwLiHHDVTmzn9iCFTotToyhC3
[2026-04-10 20:30:03] [INFO] [DBG]   k[2] s=1 w=0 len=32 b58=ESzi3jyKV4EWi1TC36nRwLiHHDVTmzn9iCFTotToyhC3
[2026-04-10 20:30:03] [INFO] [LocalExec] Tx size: 907 bytes | 10 instructions
[2026-04-10 20:30:03] [INFO] [LocalExec] Jito accepted via frankfurt
[2026-04-10 20:30:03] [INFO] [LAT] gate=2ms build=144ms sign=11ms submit=57ms TOTAL=214ms
[2026-04-10 20:30:03] [INFO] [LocalExec] ✅ Tx submitted: PbPSyjmsJ6Y5cxZ7L1P5Erhj93ai9ze3iziy8EnJXqkJKTPDw4WywPp3YWnz4me3bmuHcP1LHry7fQ6Rtd3d1Y9
[2026-04-10 20:30:03] [INFO] [LocalExec] Jito accepted via amsterdam
[2026-04-10 20:30:03] [INFO] [LocalExec] Jito accepted via mainnet
[2026-04-10 20:30:04] [INFO] [XDEX] SOL/BONK | spread: 0.1801% | fees: 0.0600% | PROFITABLE | hi: Orca (14151023.701984) 5zpyutJu9ee6jFymDGoK7F6S5Kczqtc9FomP3ueKuyA9 | lo: Raydium CLMM (14125586.414236) GtKKKs3yaPdHbQd2aZS4SfWhy8zQ988BJGnKNndLxYsN
[2026-04-10 20:30:04] [WARN] [LocalExec] ⚠️  computeSwap BYPASSED — pipeline test mode | gross local: -229.6078 USD
[2026-04-10 20:30:04] [INFO] 🎯 LOCAL EXEC — SOL/BONK | spread: 0.180% | loan: 40.0 SOL | profit: ~$-229.6078 | buy: Orca@5zpyutJu → sell: Raydium CLMM@GtKKKs3y
[2026-04-10 20:30:04] [INFO] [LocalExec] Jito tip: 50000 lamports (~$0.0043)
[2026-04-10 20:30:04] [INFO] [LocalExec] borrowIxIndex dynamically set to 2
[2026-04-10 20:30:04] [INFO] [DBG] innerIxs.length=10
[2026-04-10 20:30:04] [INFO] [DBG] ix[0] prog=11111111 keys=2 dataLen=12 hex=0200000050c3000000000000
[2026-04-10 20:30:04] [INFO] [DBG]   k[0] s=1 w=1 len=32 b58=ESzi3jyKV4EWi1TC36nRwLiHHDVTmzn9iCFTotToyhC3
[2026-04-10 20:30:04] [INFO] [DBG]   k[1] s=0 w=1 len=32 b58=Cw8CFyM9FkoMi7K7Crf6HNQqf4uEMzpKw6QNghXLvLkY
[2026-04-10 20:30:04] [INFO] [DBG] ix[1] prog=ATokenGP keys=6 dataLen=1 hex=01
[2026-04-10 20:30:04] [INFO] [DBG]   k[0] s=1 w=1 len=32 b58=ESzi3jyKV4EWi1TC36nRwLiHHDVTmzn9iCFTotToyhC3
[2026-04-10 20:30:04] [INFO] [DBG]   k[1] s=0 w=1 len=32 b58=DQwQCSZL4Wm98FKdbVVw1Vq5txLcKNfxRBQrsy2MtcSa
[2026-04-10 20:30:04] [INFO] [DBG]   k[2] s=0 w=0 len=32 b58=ESzi3jyKV4EWi1TC36nRwLiHHDVTmzn9iCFTotToyhC3
[2026-04-10 20:30:04] [INFO] [DBG]   k[3] s=0 w=0 len=32 b58=So11111111111111111111111111111111111111112
[2026-04-10 20:30:04] [INFO] [DBG]   k[4] s=0 w=0 len=32 b58=11111111111111111111111111111111
[2026-04-10 20:30:04] [INFO] [DBG]   k[5] s=0 w=0 len=32 b58=TokenkegQfeZyiNwAJbNbGKPFXCWuBvf9Ss623VQ5DA
[2026-04-10 20:30:04] [INFO] [DBG] ix[2] prog=KLend2g3 keys=12 dataLen=16 hex=87e734a70734d4c100902f5009000000
[2026-04-10 20:30:04] [INFO] [DBG]   k[0] s=1 w=0 len=32 b58=ESzi3jyKV4EWi1TC36nRwLiHHDVTmzn9iCFTotToyhC3
[2026-04-10 20:30:04] [INFO] [DBG]   k[1] s=0 w=0 len=32 b58=9DrvZvyWh1HuAoZxvYWMvkf2XCzryCpGgHqrMjyDWpmo
[2026-04-10 20:30:04] [INFO] [DBG]   k[2] s=0 w=0 len=32 b58=7u3HeHxYDLhnCoErrtycNokbQYbWGzLs6JSDqGAv5PfF
[2026-04-10 20:30:04] [INFO] [DBG]   k[3] s=0 w=1 len=32 b58=d4A2prbA2whesmvHaL88BH6Ewn5N4bTSU2Ze8P6Bc4Q
[2026-04-10 20:30:04] [INFO] [DBG]   k[4] s=0 w=0 len=32 b58=So11111111111111111111111111111111111111112
[2026-04-10 20:30:04] [INFO] [DBG]   k[5] s=0 w=1 len=32 b58=GafNuUXj9rxGLn4y79dPu6MHSuPWeJR6UtTWuexpGh3U
[2026-04-10 20:30:04] [INFO] [DBG]   k[6] s=0 w=1 len=32 b58=DQwQCSZL4Wm98FKdbVVw1Vq5txLcKNfxRBQrsy2MtcSa
[2026-04-10 20:30:04] [INFO] [DBG]   k[7] s=0 w=1 len=32 b58=3JNof8s453bwG5UqiXBLJc77NRQXezYYEBbk3fqnoKph
[2026-04-10 20:30:04] [INFO] [DBG]   k[8] s=0 w=0 len=32 b58=KLend2g3cP87fffoy8q1mQqGKjrxjC8boSyAYavgmjD
[2026-04-10 20:30:04] [INFO] [DBG]   k[9] s=0 w=0 len=32 b58=KLend2g3cP87fffoy8q1mQqGKjrxjC8boSyAYavgmjD
[2026-04-10 20:30:04] [INFO] [DBG]   k[10] s=0 w=0 len=32 b58=Sysvar1nstructions1111111111111111111111111
[2026-04-10 20:30:04] [INFO] [DBG]   k[11] s=0 w=0 len=32 b58=TokenkegQfeZyiNwAJbNbGKPFXCWuBvf9Ss623VQ5DA
[2026-04-10 20:30:04] [INFO] [DBG] ix[3] prog=ComputeB keys=0 dataLen=5 hex=02c0270900
[2026-04-10 20:30:04] [INFO] [DBG] ix[4] prog=ComputeB keys=0 dataLen=9 hex=030100000000000000
[2026-04-10 20:30:04] [INFO] [DBG] ix[5] prog=ATokenGP keys=6 dataLen=1 hex=01
[2026-04-10 20:30:04] [INFO] [DBG]   k[0] s=1 w=1 len=32 b58=ESzi3jyKV4EWi1TC36nRwLiHHDVTmzn9iCFTotToyhC3
[2026-04-10 20:30:04] [INFO] [DBG]   k[1] s=0 w=1 len=32 b58=8ChvMvALunCZrZnbr3Jwf4S8kEKYAqcMGL2C53MFgK87
[2026-04-10 20:30:04] [INFO] [DBG]   k[2] s=0 w=0 len=32 b58=ESzi3jyKV4EWi1TC36nRwLiHHDVTmzn9iCFTotToyhC3
[2026-04-10 20:30:04] [INFO] [DBG]   k[3] s=0 w=0 len=32 b58=DezXAZ8z7PnrnRJjz3wXBoRgixCa6xjnB7YaB1pPB263
[2026-04-10 20:30:04] [INFO] [DBG]   k[4] s=0 w=0 len=32 b58=11111111111111111111111111111111
[2026-04-10 20:30:04] [INFO] [DBG]   k[5] s=0 w=0 len=32 b58=TokenkegQfeZyiNwAJbNbGKPFXCWuBvf9Ss623VQ5DA
[2026-04-10 20:30:04] [INFO] [DBG] ix[6] prog=whirLbMi keys=11 dataLen=42 hex=f8c69e91e17587c800902f5009000000f4f433feb12d0000513b01000100000000000000000000000101
[2026-04-10 20:30:04] [INFO] [DBG]   k[0] s=0 w=0 len=32 b58=TokenkegQfeZyiNwAJbNbGKPFXCWuBvf9Ss623VQ5DA
[2026-04-10 20:30:04] [INFO] [DBG]   k[1] s=1 w=0 len=32 b58=ESzi3jyKV4EWi1TC36nRwLiHHDVTmzn9iCFTotToyhC3
[2026-04-10 20:30:04] [INFO] [DBG]   k[2] s=0 w=1 len=32 b58=5zpyutJu9ee6jFymDGoK7F6S5Kczqtc9FomP3ueKuyA9
[2026-04-10 20:30:04] [INFO] [DBG]   k[3] s=0 w=1 len=32 b58=DQwQCSZL4Wm98FKdbVVw1Vq5txLcKNfxRBQrsy2MtcSa
[2026-04-10 20:30:04] [INFO] [DBG]   k[4] s=0 w=1 len=32 b58=ES7yhSrYeFo4U1PfJHNRkbfCWxCwPLk2DjrEbmN8bg58
[2026-04-10 20:30:04] [INFO] [DBG]   k[5] s=0 w=1 len=32 b58=8ChvMvALunCZrZnbr3Jwf4S8kEKYAqcMGL2C53MFgK87
[2026-04-10 20:30:04] [INFO] [DBG]   k[6] s=0 w=1 len=32 b58=4dmvFGeQH2eqa3ktNHMgm4wZ8vuTukBiK9M7gxW5oR9F
[2026-04-10 20:30:04] [INFO] [DBG]   k[7] s=0 w=1 len=32 b58=EJRTQoUhFocFL4fRwrhERF6wBL4RTZQrKe6dDuwrnRei
[2026-04-10 20:30:04] [INFO] [DBG]   k[8] s=0 w=1 len=32 b58=DTjFaPV7fLHGUQ7XoS2HqW9kUL2F41hAdTu89Hhsonni
[2026-04-10 20:30:04] [INFO] [DBG]   k[9] s=0 w=1 len=32 b58=A7xxBQk2BAEX3ewQrtDA28Mbf722nDmPVtb2UNu9gwCU
[2026-04-10 20:30:04] [INFO] [DBG]   k[10] s=0 w=0 len=32 b58=EXpqcVuTTPEmyeVu2LHM75ha7FwmjJ88MnhSMRRdy5Sh
[2026-04-10 20:30:04] [INFO] [DBG] ix[7] prog=CAMMCzo5 keys=12 dataLen=41 hex=f8c69e91e17587c810491dc5c53200000100000000000000af331ba8327fbb35b1c4feff0000000001
[2026-04-10 20:30:04] [INFO] [DBG]   k[0] s=1 w=1 len=32 b58=ESzi3jyKV4EWi1TC36nRwLiHHDVTmzn9iCFTotToyhC3
[2026-04-10 20:30:04] [INFO] [DBG]   k[1] s=0 w=0 len=32 b58=E64NGkDLLCdQ2yFNPcavaKptrEgmiQaNykUuLC1Qgwyp
[2026-04-10 20:30:04] [INFO] [DBG]   k[2] s=0 w=1 len=32 b58=GtKKKs3yaPdHbQd2aZS4SfWhy8zQ988BJGnKNndLxYsN
[2026-04-10 20:30:04] [INFO] [DBG]   k[3] s=0 w=1 len=32 b58=8ChvMvALunCZrZnbr3Jwf4S8kEKYAqcMGL2C53MFgK87
[2026-04-10 20:30:04] [INFO] [DBG]   k[4] s=0 w=1 len=32 b58=DQwQCSZL4Wm98FKdbVVw1Vq5txLcKNfxRBQrsy2MtcSa
[2026-04-10 20:30:04] [INFO] [DBG]   k[5] s=0 w=1 len=32 b58=2wzaFLYb4JcDrVs8TfU3TfkVwq1Pdp3rRgWdNJzFGXud
[2026-04-10 20:30:04] [INFO] [DBG]   k[6] s=0 w=1 len=32 b58=GDnBvA76ZAJ2K3en2F1iExPZ6qz83Xjj5srXMmSKTYDW
[2026-04-10 20:30:04] [INFO] [DBG]   k[7] s=0 w=1 len=32 b58=Gj8gzDNKmf5y3p1LorKHTvMZ8eCLhbCDnhGiN5xVW8Jq
[2026-04-10 20:30:04] [INFO] [DBG]   k[8] s=0 w=0 len=32 b58=TokenkegQfeZyiNwAJbNbGKPFXCWuBvf9Ss623VQ5DA
[2026-04-10 20:30:04] [INFO] [DBG]   k[9] s=0 w=1 len=32 b58=owcNVJ4MMfaDM9nZnFsAjona15P2msRdmGKBUya95LU
[2026-04-10 20:30:04] [INFO] [DBG]   k[10] s=0 w=1 len=32 b58=CSL5rYPRZbKwPBFzRtHmv7ofySJFUMmZiqcdxWLik6e7
[2026-04-10 20:30:04] [INFO] [DBG]   k[11] s=0 w=1 len=32 b58=5LqWtmz8iVFVZRVaPm3tgin6wcEEMMq3B5Bp3AYmAx3d
[2026-04-10 20:30:04] [INFO] [DBG] ix[8] prog=KLend2g3 keys=12 dataLen=17 hex=b97500cb60f5b4ba00902f500900000002
[2026-04-10 20:30:04] [INFO] [DBG]   k[0] s=1 w=0 len=32 b58=ESzi3jyKV4EWi1TC36nRwLiHHDVTmzn9iCFTotToyhC3
[2026-04-10 20:30:04] [INFO] [DBG]   k[1] s=0 w=0 len=32 b58=9DrvZvyWh1HuAoZxvYWMvkf2XCzryCpGgHqrMjyDWpmo
[2026-04-10 20:30:04] [INFO] [DBG]   k[2] s=0 w=0 len=32 b58=7u3HeHxYDLhnCoErrtycNokbQYbWGzLs6JSDqGAv5PfF
[2026-04-10 20:30:04] [INFO] [DBG]   k[3] s=0 w=1 len=32 b58=d4A2prbA2whesmvHaL88BH6Ewn5N4bTSU2Ze8P6Bc4Q
[2026-04-10 20:30:04] [INFO] [DBG]   k[4] s=0 w=0 len=32 b58=So11111111111111111111111111111111111111112
[2026-04-10 20:30:04] [INFO] [DBG]   k[5] s=0 w=1 len=32 b58=GafNuUXj9rxGLn4y79dPu6MHSuPWeJR6UtTWuexpGh3U
[2026-04-10 20:30:04] [INFO] [DBG]   k[6] s=0 w=1 len=32 b58=DQwQCSZL4Wm98FKdbVVw1Vq5txLcKNfxRBQrsy2MtcSa
[2026-04-10 20:30:04] [INFO] [DBG]   k[7] s=0 w=1 len=32 b58=3JNof8s453bwG5UqiXBLJc77NRQXezYYEBbk3fqnoKph
[2026-04-10 20:30:04] [INFO] [DBG]   k[8] s=0 w=0 len=32 b58=KLend2g3cP87fffoy8q1mQqGKjrxjC8boSyAYavgmjD
[2026-04-10 20:30:04] [INFO] [DBG]   k[9] s=0 w=0 len=32 b58=KLend2g3cP87fffoy8q1mQqGKjrxjC8boSyAYavgmjD
[2026-04-10 20:30:04] [INFO] [DBG]   k[10] s=0 w=0 len=32 b58=Sysvar1nstructions1111111111111111111111111
[2026-04-10 20:30:04] [INFO] [DBG]   k[11] s=0 w=0 len=32 b58=TokenkegQfeZyiNwAJbNbGKPFXCWuBvf9Ss623VQ5DA
[2026-04-10 20:30:04] [INFO] [DBG] ix[9] prog=Tokenkeg keys=3 dataLen=1 hex=09
[2026-04-10 20:30:04] [INFO] [DBG]   k[0] s=0 w=1 len=32 b58=DQwQCSZL4Wm98FKdbVVw1Vq5txLcKNfxRBQrsy2MtcSa
[2026-04-10 20:30:04] [INFO] [DBG]   k[1] s=0 w=1 len=32 b58=ESzi3jyKV4EWi1TC36nRwLiHHDVTmzn9iCFTotToyhC3
[2026-04-10 20:30:04] [INFO] [DBG]   k[2] s=1 w=0 len=32 b58=ESzi3jyKV4EWi1TC36nRwLiHHDVTmzn9iCFTotToyhC3
[2026-04-10 20:30:04] [INFO] [LocalExec] Tx size: 907 bytes | 10 instructions
[2026-04-10 20:30:04] [INFO] [LocalExec] Jito accepted via frankfurt
[2026-04-10 20:30:04] [INFO] [LAT] gate=5ms build=157ms sign=21ms submit=26ms TOTAL=209ms
[2026-04-10 20:30:04] [INFO] [LocalExec] ✅ Tx submitted: 5fpNsFAGNWMDYaYTbd9gYK2bTgekrWr4AnDfevyxQRoeuNaiVX6D7c7ehVi2NhFZroGAnoLcTYL58fyfjT8KzQkX
[2026-04-10 20:30:04] [INFO] [LocalExec] Jito accepted via amsterdam
[2026-04-10 20:30:04] [INFO] [LocalExec] Jito accepted via mainnet
[2026-04-10 20:30:04] [ERROR] Unhandled rejection: Error: 429 Too Many Requests: {"jsonrpc":"2.0","error":{"code":-32429,"message":"rate limited"}}
[2026-04-10 20:30:04] [INFO] [XDEX] SOL/BONK | spread: 0.1801% | fees: 0.0600% | PROFITABLE | hi: Orca (14151023.701984) 5zpyutJu9ee6jFymDGoK7F6S5Kczqtc9FomP3ueKuyA9 | lo: Raydium CLMM (14125586.414236) GtKKKs3yaPdHbQd2aZS4SfWhy8zQ988BJGnKNndLxYsN
[2026-04-10 20:30:04] [WARN] [LocalExec] ⚠️  computeSwap BYPASSED — pipeline test mode | gross local: -229.6347 USD
[2026-04-10 20:30:04] [INFO] 🎯 LOCAL EXEC — SOL/BONK | spread: 0.180% | loan: 40.0 SOL | profit: ~$-229.6347 | buy: Orca@5zpyutJu → sell: Raydium CLMM@GtKKKs3y
[2026-04-10 20:30:04] [INFO] [LocalExec] Jito tip: 50000 lamports (~$0.0043)
[2026-04-10 20:30:04] [INFO] [LocalExec] borrowIxIndex dynamically set to 2
[2026-04-10 20:30:04] [INFO] [DBG] innerIxs.length=10
[2026-04-10 20:30:04] [INFO] [DBG] ix[0] prog=11111111 keys=2 dataLen=12 hex=0200000050c3000000000000
[2026-04-10 20:30:04] [INFO] [DBG]   k[0] s=1 w=1 len=32 b58=ESzi3jyKV4EWi1TC36nRwLiHHDVTmzn9iCFTotToyhC3
[2026-04-10 20:30:04] [INFO] [DBG]   k[1] s=0 w=1 len=32 b58=DttWaMuVvTiduZRnguLF7jNxTgiMBZ1hyAumKUiL2KRL
[2026-04-10 20:30:04] [INFO] [DBG] ix[1] prog=ATokenGP keys=6 dataLen=1 hex=01
[2026-04-10 20:30:04] [INFO] [DBG]   k[0] s=1 w=1 len=32 b58=ESzi3jyKV4EWi1TC36nRwLiHHDVTmzn9iCFTotToyhC3
[2026-04-10 20:30:04] [INFO] [DBG]   k[1] s=0 w=1 len=32 b58=DQwQCSZL4Wm98FKdbVVw1Vq5txLcKNfxRBQrsy2MtcSa
[2026-04-10 20:30:04] [INFO] [DBG]   k[2] s=0 w=0 len=32 b58=ESzi3jyKV4EWi1TC36nRwLiHHDVTmzn9iCFTotToyhC3
[2026-04-10 20:30:04] [INFO] [DBG]   k[3] s=0 w=0 len=32 b58=So11111111111111111111111111111111111111112
[2026-04-10 20:30:04] [INFO] [DBG]   k[4] s=0 w=0 len=32 b58=11111111111111111111111111111111
[2026-04-10 20:30:04] [INFO] [DBG]   k[5] s=0 w=0 len=32 b58=TokenkegQfeZyiNwAJbNbGKPFXCWuBvf9Ss623VQ5DA
[2026-04-10 20:30:04] [INFO] [DBG] ix[2] prog=KLend2g3 keys=12 dataLen=16 hex=87e734a70734d4c100902f5009000000
[2026-04-10 20:30:04] [INFO] [DBG]   k[0] s=1 w=0 len=32 b58=ESzi3jyKV4EWi1TC36nRwLiHHDVTmzn9iCFTotToyhC3
[2026-04-10 20:30:04] [INFO] [DBG]   k[1] s=0 w=0 len=32 b58=9DrvZvyWh1HuAoZxvYWMvkf2XCzryCpGgHqrMjyDWpmo
[2026-04-10 20:30:04] [INFO] [DBG]   k[2] s=0 w=0 len=32 b58=7u3HeHxYDLhnCoErrtycNokbQYbWGzLs6JSDqGAv5PfF
[2026-04-10 20:30:04] [INFO] [DBG]   k[3] s=0 w=1 len=32 b58=d4A2prbA2whesmvHaL88BH6Ewn5N4bTSU2Ze8P6Bc4Q
[2026-04-10 20:30:04] [INFO] [DBG]   k[4] s=0 w=0 len=32 b58=So11111111111111111111111111111111111111112
[2026-04-10 20:30:04] [INFO] [DBG]   k[5] s=0 w=1 len=32 b58=GafNuUXj9rxGLn4y79dPu6MHSuPWeJR6UtTWuexpGh3U
[2026-04-10 20:30:04] [INFO] [DBG]   k[6] s=0 w=1 len=32 b58=DQwQCSZL4Wm98FKdbVVw1Vq5txLcKNfxRBQrsy2MtcSa
[2026-04-10 20:30:04] [INFO] [DBG]   k[7] s=0 w=1 len=32 b58=3JNof8s453bwG5UqiXBLJc77NRQXezYYEBbk3fqnoKph
[2026-04-10 20:30:04] [INFO] [DBG]   k[8] s=0 w=0 len=32 b58=KLend2g3cP87fffoy8q1mQqGKjrxjC8boSyAYavgmjD
[2026-04-10 20:30:04] [INFO] [DBG]   k[9] s=0 w=0 len=32 b58=KLend2g3cP87fffoy8q1mQqGKjrxjC8boSyAYavgmjD
[2026-04-10 20:30:04] [INFO] [DBG]   k[10] s=0 w=0 len=32 b58=Sysvar1nstructions1111111111111111111111111
[2026-04-10 20:30:04] [INFO] [DBG]   k[11] s=0 w=0 len=32 b58=TokenkegQfeZyiNwAJbNbGKPFXCWuBvf9Ss623VQ5DA
[2026-04-10 20:30:04] [INFO] [DBG] ix[3] prog=ComputeB keys=0 dataLen=5 hex=02c0270900
[2026-04-10 20:30:04] [INFO] [DBG] ix[4] prog=ComputeB keys=0 dataLen=9 hex=030100000000000000
[2026-04-10 20:30:04] [INFO] [DBG] ix[5] prog=ATokenGP keys=6 dataLen=1 hex=01
[2026-04-10 20:30:04] [INFO] [DBG]   k[0] s=1 w=1 len=32 b58=ESzi3jyKV4EWi1TC36nRwLiHHDVTmzn9iCFTotToyhC3
[2026-04-10 20:30:04] [INFO] [DBG]   k[1] s=0 w=1 len=32 b58=8ChvMvALunCZrZnbr3Jwf4S8kEKYAqcMGL2C53MFgK87
[2026-04-10 20:30:04] [INFO] [DBG]   k[2] s=0 w=0 len=32 b58=ESzi3jyKV4EWi1TC36nRwLiHHDVTmzn9iCFTotToyhC3
[2026-04-10 20:30:04] [INFO] [DBG]   k[3] s=0 w=0 len=32 b58=DezXAZ8z7PnrnRJjz3wXBoRgixCa6xjnB7YaB1pPB263
[2026-04-10 20:30:04] [INFO] [DBG]   k[4] s=0 w=0 len=32 b58=11111111111111111111111111111111
[2026-04-10 20:30:04] [INFO] [DBG]   k[5] s=0 w=0 len=32 b58=TokenkegQfeZyiNwAJbNbGKPFXCWuBvf9Ss623VQ5DA
[2026-04-10 20:30:04] [INFO] [DBG] ix[6] prog=whirLbMi keys=11 dataLen=42 hex=f8c69e91e17587c800902f5009000000f4f433feb12d0000513b01000100000000000000000000000101
[2026-04-10 20:30:04] [INFO] [DBG]   k[0] s=0 w=0 len=32 b58=TokenkegQfeZyiNwAJbNbGKPFXCWuBvf9Ss623VQ5DA
[2026-04-10 20:30:04] [INFO] [DBG]   k[1] s=1 w=0 len=32 b58=ESzi3jyKV4EWi1TC36nRwLiHHDVTmzn9iCFTotToyhC3
[2026-04-10 20:30:04] [INFO] [DBG]   k[2] s=0 w=1 len=32 b58=5zpyutJu9ee6jFymDGoK7F6S5Kczqtc9FomP3ueKuyA9
[2026-04-10 20:30:04] [INFO] [DBG]   k[3] s=0 w=1 len=32 b58=DQwQCSZL4Wm98FKdbVVw1Vq5txLcKNfxRBQrsy2MtcSa
[2026-04-10 20:30:04] [INFO] [DBG]   k[4] s=0 w=1 len=32 b58=ES7yhSrYeFo4U1PfJHNRkbfCWxCwPLk2DjrEbmN8bg58
[2026-04-10 20:30:04] [INFO] [DBG]   k[5] s=0 w=1 len=32 b58=8ChvMvALunCZrZnbr3Jwf4S8kEKYAqcMGL2C53MFgK87
[2026-04-10 20:30:04] [INFO] [DBG]   k[6] s=0 w=1 len=32 b58=4dmvFGeQH2eqa3ktNHMgm4wZ8vuTukBiK9M7gxW5oR9F
[2026-04-10 20:30:04] [INFO] [DBG]   k[7] s=0 w=1 len=32 b58=EJRTQoUhFocFL4fRwrhERF6wBL4RTZQrKe6dDuwrnRei
[2026-04-10 20:30:04] [INFO] [DBG]   k[8] s=0 w=1 len=32 b58=DTjFaPV7fLHGUQ7XoS2HqW9kUL2F41hAdTu89Hhsonni
[2026-04-10 20:30:04] [INFO] [DBG]   k[9] s=0 w=1 len=32 b58=A7xxBQk2BAEX3ewQrtDA28Mbf722nDmPVtb2UNu9gwCU
[2026-04-10 20:30:04] [INFO] [DBG]   k[10] s=0 w=0 len=32 b58=EXpqcVuTTPEmyeVu2LHM75ha7FwmjJ88MnhSMRRdy5Sh
[2026-04-10 20:30:04] [INFO] [DBG] ix[7] prog=CAMMCzo5 keys=12 dataLen=41 hex=f8c69e91e17587c810491dc5c53200000100000000000000af331ba8327fbb35b1c4feff0000000001
[2026-04-10 20:30:04] [INFO] [DBG]   k[0] s=1 w=1 len=32 b58=ESzi3jyKV4EWi1TC36nRwLiHHDVTmzn9iCFTotToyhC3
[2026-04-10 20:30:04] [INFO] [DBG]   k[1] s=0 w=0 len=32 b58=E64NGkDLLCdQ2yFNPcavaKptrEgmiQaNykUuLC1Qgwyp
[2026-04-10 20:30:04] [INFO] [DBG]   k[2] s=0 w=1 len=32 b58=GtKKKs3yaPdHbQd2aZS4SfWhy8zQ988BJGnKNndLxYsN
[2026-04-10 20:30:04] [INFO] [DBG]   k[3] s=0 w=1 len=32 b58=8ChvMvALunCZrZnbr3Jwf4S8kEKYAqcMGL2C53MFgK87
[2026-04-10 20:30:04] [INFO] [DBG]   k[4] s=0 w=1 len=32 b58=DQwQCSZL4Wm98FKdbVVw1Vq5txLcKNfxRBQrsy2MtcSa
[2026-04-10 20:30:04] [INFO] [DBG]   k[5] s=0 w=1 len=32 b58=2wzaFLYb4JcDrVs8TfU3TfkVwq1Pdp3rRgWdNJzFGXud
[2026-04-10 20:30:04] [INFO] [DBG]   k[6] s=0 w=1 len=32 b58=GDnBvA76ZAJ2K3en2F1iExPZ6qz83Xjj5srXMmSKTYDW
[2026-04-10 20:30:04] [INFO] [DBG]   k[7] s=0 w=1 len=32 b58=Gj8gzDNKmf5y3p1LorKHTvMZ8eCLhbCDnhGiN5xVW8Jq
[2026-04-10 20:30:04] [INFO] [DBG]   k[8] s=0 w=0 len=32 b58=TokenkegQfeZyiNwAJbNbGKPFXCWuBvf9Ss623VQ5DA
[2026-04-10 20:30:04] [INFO] [DBG]   k[9] s=0 w=1 len=32 b58=owcNVJ4MMfaDM9nZnFsAjona15P2msRdmGKBUya95LU
[2026-04-10 20:30:04] [INFO] [DBG]   k[10] s=0 w=1 len=32 b58=CSL5rYPRZbKwPBFzRtHmv7ofySJFUMmZiqcdxWLik6e7
[2026-04-10 20:30:04] [INFO] [DBG]   k[11] s=0 w=1 len=32 b58=5LqWtmz8iVFVZRVaPm3tgin6wcEEMMq3B5Bp3AYmAx3d
[2026-04-10 20:30:04] [INFO] [DBG] ix[8] prog=KLend2g3 keys=12 dataLen=17 hex=b97500cb60f5b4ba00902f500900000002
[2026-04-10 20:30:04] [INFO] [DBG]   k[0] s=1 w=0 len=32 b58=ESzi3jyKV4EWi1TC36nRwLiHHDVTmzn9iCFTotToyhC3
[2026-04-10 20:30:04] [INFO] [DBG]   k[1] s=0 w=0 len=32 b58=9DrvZvyWh1HuAoZxvYWMvkf2XCzryCpGgHqrMjyDWpmo
[2026-04-10 20:30:04] [INFO] [DBG]   k[2] s=0 w=0 len=32 b58=7u3HeHxYDLhnCoErrtycNokbQYbWGzLs6JSDqGAv5PfF
[2026-04-10 20:30:04] [INFO] [DBG]   k[3] s=0 w=1 len=32 b58=d4A2prbA2whesmvHaL88BH6Ewn5N4bTSU2Ze8P6Bc4Q
[2026-04-10 20:30:04] [INFO] [DBG]   k[4] s=0 w=0 len=32 b58=So11111111111111111111111111111111111111112
[2026-04-10 20:30:04] [INFO] [DBG]   k[5] s=0 w=1 len=32 b58=GafNuUXj9rxGLn4y79dPu6MHSuPWeJR6UtTWuexpGh3U
[2026-04-10 20:30:04] [INFO] [DBG]   k[6] s=0 w=1 len=32 b58=DQwQCSZL4Wm98FKdbVVw1Vq5txLcKNfxRBQrsy2MtcSa
[2026-04-10 20:30:04] [INFO] [DBG]   k[7] s=0 w=1 len=32 b58=3JNof8s453bwG5UqiXBLJc77NRQXezYYEBbk3fqnoKph
[2026-04-10 20:30:04] [INFO] [DBG]   k[8] s=0 w=0 len=32 b58=KLend2g3cP87fffoy8q1mQqGKjrxjC8boSyAYavgmjD
[2026-04-10 20:30:04] [INFO] [DBG]   k[9] s=0 w=0 len=32 b58=KLend2g3cP87fffoy8q1mQqGKjrxjC8boSyAYavgmjD
[2026-04-10 20:30:04] [INFO] [DBG]   k[10] s=0 w=0 len=32 b58=Sysvar1nstructions1111111111111111111111111
[2026-04-10 20:30:04] [INFO] [DBG]   k[11] s=0 w=0 len=32 b58=TokenkegQfeZyiNwAJbNbGKPFXCWuBvf9Ss623VQ5DA
[2026-04-10 20:30:04] [INFO] [DBG] ix[9] prog=Tokenkeg keys=3 dataLen=1 hex=09
[2026-04-10 20:30:04] [INFO] [DBG]   k[0] s=0 w=1 len=32 b58=DQwQCSZL4Wm98FKdbVVw1Vq5txLcKNfxRBQrsy2MtcSa
[2026-04-10 20:30:04] [INFO] [DBG]   k[1] s=0 w=1 len=32 b58=ESzi3jyKV4EWi1TC36nRwLiHHDVTmzn9iCFTotToyhC3
[2026-04-10 20:30:04] [INFO] [DBG]   k[2] s=1 w=0 len=32 b58=ESzi3jyKV4EWi1TC36nRwLiHHDVTmzn9iCFTotToyhC3
[2026-04-10 20:30:04] [ERROR] [LocalExec] Error: failed to get recent blockhash: Error: 429 Too Many Requests: {"jsonrpc":"2.0","error":{"code":-32429,"message":"rate limited"}}
[2026-04-10 20:30:04] [ERROR] [LocalExec] Stack: Error: failed to get recent blockhash: Error: 429 Too Many Requests: {"jsonrpc":"2.0","error":{"code":-32429,"message":"rate limited"}}
    at Connection.getLatestBlockhash (/home/ubuntu/ARB-BOT/node_modules/@solana/web3.js/lib/index.cjs.js:7238:13)
    at process.processTicksAndRejections (node:internal/process/task_queues:95:5)
    at async Executor.executeLocal (/home/ubuntu/ARB-BOT/src/executor.js:1314:29)
    at async wsCallback (/home/ubuntu/ARB-BOT/src/bot.js:297:44)
[2026-04-10 20:30:04] [WARN] [LocalExec] ⚠️  computeSwap BYPASSED — pipeline test mode | gross local: -58.4525 USD
[2026-04-10 20:30:04] [INFO] 🎯 LOCAL EXEC — SOL/BONK | spread: 0.180% | loan: 20.0 SOL | profit: ~$-58.4525 | buy: Orca@5zpyutJu → sell: Raydium CLMM@GtKKKs3y
[2026-04-10 20:30:04] [INFO] [LocalExec] Jito tip: 50000 lamports (~$0.0043)
[2026-04-10 20:30:04] [INFO] [LocalExec] borrowIxIndex dynamically set to 2
[2026-04-10 20:30:04] [INFO] [DBG] innerIxs.length=10
[2026-04-10 20:30:04] [INFO] [DBG] ix[0] prog=11111111 keys=2 dataLen=12 hex=0200000050c3000000000000
[2026-04-10 20:30:04] [INFO] [DBG]   k[0] s=1 w=1 len=32 b58=ESzi3jyKV4EWi1TC36nRwLiHHDVTmzn9iCFTotToyhC3
[2026-04-10 20:30:04] [INFO] [DBG]   k[1] s=0 w=1 len=32 b58=ADuUkR4vqLUMWXxW9gh6D6L8pMSawimctcNZ5pGwDcEt
[2026-04-10 20:30:04] [INFO] [DBG] ix[1] prog=ATokenGP keys=6 dataLen=1 hex=01
[2026-04-10 20:30:04] [INFO] [DBG]   k[0] s=1 w=1 len=32 b58=ESzi3jyKV4EWi1TC36nRwLiHHDVTmzn9iCFTotToyhC3
[2026-04-10 20:30:04] [INFO] [DBG]   k[1] s=0 w=1 len=32 b58=DQwQCSZL4Wm98FKdbVVw1Vq5txLcKNfxRBQrsy2MtcSa
[2026-04-10 20:30:04] [INFO] [DBG]   k[2] s=0 w=0 len=32 b58=ESzi3jyKV4EWi1TC36nRwLiHHDVTmzn9iCFTotToyhC3
[2026-04-10 20:30:04] [INFO] [DBG]   k[3] s=0 w=0 len=32 b58=So11111111111111111111111111111111111111112
[2026-04-10 20:30:04] [INFO] [DBG]   k[4] s=0 w=0 len=32 b58=11111111111111111111111111111111
[2026-04-10 20:30:04] [INFO] [DBG]   k[5] s=0 w=0 len=32 b58=TokenkegQfeZyiNwAJbNbGKPFXCWuBvf9Ss623VQ5DA
[2026-04-10 20:30:04] [INFO] [DBG] ix[2] prog=KLend2g3 keys=12 dataLen=16 hex=87e734a70734d4c100c817a804000000
[2026-04-10 20:30:04] [INFO] [DBG]   k[0] s=1 w=0 len=32 b58=ESzi3jyKV4EWi1TC36nRwLiHHDVTmzn9iCFTotToyhC3
[2026-04-10 20:30:04] [INFO] [DBG]   k[1] s=0 w=0 len=32 b58=9DrvZvyWh1HuAoZxvYWMvkf2XCzryCpGgHqrMjyDWpmo
[2026-04-10 20:30:04] [INFO] [DBG]   k[2] s=0 w=0 len=32 b58=7u3HeHxYDLhnCoErrtycNokbQYbWGzLs6JSDqGAv5PfF
[2026-04-10 20:30:04] [INFO] [DBG]   k[3] s=0 w=1 len=32 b58=d4A2prbA2whesmvHaL88BH6Ewn5N4bTSU2Ze8P6Bc4Q
[2026-04-10 20:30:04] [INFO] [DBG]   k[4] s=0 w=0 len=32 b58=So11111111111111111111111111111111111111112
[2026-04-10 20:30:04] [INFO] [DBG]   k[5] s=0 w=1 len=32 b58=GafNuUXj9rxGLn4y79dPu6MHSuPWeJR6UtTWuexpGh3U
[2026-04-10 20:30:04] [INFO] [DBG]   k[6] s=0 w=1 len=32 b58=DQwQCSZL4Wm98FKdbVVw1Vq5txLcKNfxRBQrsy2MtcSa
[2026-04-10 20:30:04] [INFO] [DBG]   k[7] s=0 w=1 len=32 b58=3JNof8s453bwG5UqiXBLJc77NRQXezYYEBbk3fqnoKph
[2026-04-10 20:30:04] [INFO] [DBG]   k[8] s=0 w=0 len=32 b58=KLend2g3cP87fffoy8q1mQqGKjrxjC8boSyAYavgmjD
[2026-04-10 20:30:04] [INFO] [DBG]   k[9] s=0 w=0 len=32 b58=KLend2g3cP87fffoy8q1mQqGKjrxjC8boSyAYavgmjD
[2026-04-10 20:30:04] [INFO] [DBG]   k[10] s=0 w=0 len=32 b58=Sysvar1nstructions1111111111111111111111111
[2026-04-10 20:30:04] [INFO] [DBG]   k[11] s=0 w=0 len=32 b58=TokenkegQfeZyiNwAJbNbGKPFXCWuBvf9Ss623VQ5DA
[2026-04-10 20:30:04] [INFO] [DBG] ix[3] prog=ComputeB keys=0 dataLen=5 hex=02c0270900
[2026-04-10 20:30:04] [INFO] [DBG] ix[4] prog=ComputeB keys=0 dataLen=9 hex=030100000000000000
[2026-04-10 20:30:04] [INFO] [DBG] ix[5] prog=ATokenGP keys=6 dataLen=1 hex=01
[2026-04-10 20:30:04] [INFO] [DBG]   k[0] s=1 w=1 len=32 b58=ESzi3jyKV4EWi1TC36nRwLiHHDVTmzn9iCFTotToyhC3
[2026-04-10 20:30:04] [INFO] [DBG]   k[1] s=0 w=1 len=32 b58=8ChvMvALunCZrZnbr3Jwf4S8kEKYAqcMGL2C53MFgK87
[2026-04-10 20:30:04] [INFO] [DBG]   k[2] s=0 w=0 len=32 b58=ESzi3jyKV4EWi1TC36nRwLiHHDVTmzn9iCFTotToyhC3
[2026-04-10 20:30:04] [INFO] [DBG]   k[3] s=0 w=0 len=32 b58=DezXAZ8z7PnrnRJjz3wXBoRgixCa6xjnB7YaB1pPB263
[2026-04-10 20:30:04] [INFO] [DBG]   k[4] s=0 w=0 len=32 b58=11111111111111111111111111111111
[2026-04-10 20:30:04] [INFO] [DBG]   k[5] s=0 w=0 len=32 b58=TokenkegQfeZyiNwAJbNbGKPFXCWuBvf9Ss623VQ5DA
[2026-04-10 20:30:04] [INFO] [DBG] ix[6] prog=whirLbMi keys=11 dataLen=42 hex=f8c69e91e17587c800c817a80400000051f8cc1000170000513b01000100000000000000000000000101
[2026-04-10 20:30:04] [INFO] [DBG]   k[0] s=0 w=0 len=32 b58=TokenkegQfeZyiNwAJbNbGKPFXCWuBvf9Ss623VQ5DA
[2026-04-10 20:30:04] [INFO] [DBG]   k[1] s=1 w=0 len=32 b58=ESzi3jyKV4EWi1TC36nRwLiHHDVTmzn9iCFTotToyhC3
[2026-04-10 20:30:04] [INFO] [DBG]   k[2] s=0 w=1 len=32 b58=5zpyutJu9ee6jFymDGoK7F6S5Kczqtc9FomP3ueKuyA9
[2026-04-10 20:30:04] [INFO] [DBG]   k[3] s=0 w=1 len=32 b58=DQwQCSZL4Wm98FKdbVVw1Vq5txLcKNfxRBQrsy2MtcSa
[2026-04-10 20:30:04] [INFO] [DBG]   k[4] s=0 w=1 len=32 b58=ES7yhSrYeFo4U1PfJHNRkbfCWxCwPLk2DjrEbmN8bg58
[2026-04-10 20:30:04] [INFO] [DBG]   k[5] s=0 w=1 len=32 b58=8ChvMvALunCZrZnbr3Jwf4S8kEKYAqcMGL2C53MFgK87
[2026-04-10 20:30:04] [INFO] [DBG]   k[6] s=0 w=1 len=32 b58=4dmvFGeQH2eqa3ktNHMgm4wZ8vuTukBiK9M7gxW5oR9F
[2026-04-10 20:30:04] [INFO] [DBG]   k[7] s=0 w=1 len=32 b58=EJRTQoUhFocFL4fRwrhERF6wBL4RTZQrKe6dDuwrnRei
[2026-04-10 20:30:04] [INFO] [DBG]   k[8] s=0 w=1 len=32 b58=DTjFaPV7fLHGUQ7XoS2HqW9kUL2F41hAdTu89Hhsonni
[2026-04-10 20:30:04] [INFO] [DBG]   k[9] s=0 w=1 len=32 b58=A7xxBQk2BAEX3ewQrtDA28Mbf722nDmPVtb2UNu9gwCU
[2026-04-10 20:30:04] [INFO] [DBG]   k[10] s=0 w=0 len=32 b58=EXpqcVuTTPEmyeVu2LHM75ha7FwmjJ88MnhSMRRdy5Sh
[2026-04-10 20:30:04] [INFO] [DBG] ix[7] prog=CAMMCzo5 keys=12 dataLen=41 hex=f8c69e91e17587c83e698e4b8e1900000100000000000000af331ba8327fbb35b1c4feff0000000001
[2026-04-10 20:30:04] [INFO] [DBG]   k[0] s=1 w=1 len=32 b58=ESzi3jyKV4EWi1TC36nRwLiHHDVTmzn9iCFTotToyhC3
[2026-04-10 20:30:04] [INFO] [DBG]   k[1] s=0 w=0 len=32 b58=E64NGkDLLCdQ2yFNPcavaKptrEgmiQaNykUuLC1Qgwyp
[2026-04-10 20:30:04] [INFO] [DBG]   k[2] s=0 w=1 len=32 b58=GtKKKs3yaPdHbQd2aZS4SfWhy8zQ988BJGnKNndLxYsN
[2026-04-10 20:30:04] [INFO] [DBG]   k[3] s=0 w=1 len=32 b58=8ChvMvALunCZrZnbr3Jwf4S8kEKYAqcMGL2C53MFgK87
[2026-04-10 20:30:04] [INFO] [DBG]   k[4] s=0 w=1 len=32 b58=DQwQCSZL4Wm98FKdbVVw1Vq5txLcKNfxRBQrsy2MtcSa
[2026-04-10 20:30:04] [INFO] [DBG]   k[5] s=0 w=1 len=32 b58=2wzaFLYb4JcDrVs8TfU3TfkVwq1Pdp3rRgWdNJzFGXud
[2026-04-10 20:30:04] [INFO] [DBG]   k[6] s=0 w=1 len=32 b58=GDnBvA76ZAJ2K3en2F1iExPZ6qz83Xjj5srXMmSKTYDW
[2026-04-10 20:30:04] [INFO] [DBG]   k[7] s=0 w=1 len=32 b58=Gj8gzDNKmf5y3p1LorKHTvMZ8eCLhbCDnhGiN5xVW8Jq
[2026-04-10 20:30:04] [INFO] [DBG]   k[8] s=0 w=0 len=32 b58=TokenkegQfeZyiNwAJbNbGKPFXCWuBvf9Ss623VQ5DA
[2026-04-10 20:30:04] [INFO] [DBG]   k[9] s=0 w=1 len=32 b58=owcNVJ4MMfaDM9nZnFsAjona15P2msRdmGKBUya95LU
[2026-04-10 20:30:04] [INFO] [DBG]   k[10] s=0 w=1 len=32 b58=CSL5rYPRZbKwPBFzRtHmv7ofySJFUMmZiqcdxWLik6e7
[2026-04-10 20:30:04] [INFO] [DBG]   k[11] s=0 w=1 len=32 b58=5LqWtmz8iVFVZRVaPm3tgin6wcEEMMq3B5Bp3AYmAx3d
[2026-04-10 20:30:04] [INFO] [DBG] ix[8] prog=KLend2g3 keys=12 dataLen=17 hex=b97500cb60f5b4ba00c817a80400000002
[2026-04-10 20:30:04] [INFO] [DBG]   k[0] s=1 w=0 len=32 b58=ESzi3jyKV4EWi1TC36nRwLiHHDVTmzn9iCFTotToyhC3
[2026-04-10 20:30:04] [INFO] [DBG]   k[1] s=0 w=0 len=32 b58=9DrvZvyWh1HuAoZxvYWMvkf2XCzryCpGgHqrMjyDWpmo
[2026-04-10 20:30:04] [INFO] [DBG]   k[2] s=0 w=0 len=32 b58=7u3HeHxYDLhnCoErrtycNokbQYbWGzLs6JSDqGAv5PfF
[2026-04-10 20:30:04] [INFO] [DBG]   k[3] s=0 w=1 len=32 b58=d4A2prbA2whesmvHaL88BH6Ewn5N4bTSU2Ze8P6Bc4Q
[2026-04-10 20:30:04] [INFO] [DBG]   k[4] s=0 w=0 len=32 b58=So11111111111111111111111111111111111111112
[2026-04-10 20:30:04] [INFO] [DBG]   k[5] s=0 w=1 len=32 b58=GafNuUXj9rxGLn4y79dPu6MHSuPWeJR6UtTWuexpGh3U
[2026-04-10 20:30:04] [INFO] [DBG]   k[6] s=0 w=1 len=32 b58=DQwQCSZL4Wm98FKdbVVw1Vq5txLcKNfxRBQrsy2MtcSa
[2026-04-10 20:30:04] [INFO] [DBG]   k[7] s=0 w=1 len=32 b58=3JNof8s453bwG5UqiXBLJc77NRQXezYYEBbk3fqnoKph
[2026-04-10 20:30:04] [INFO] [DBG]   k[8] s=0 w=0 len=32 b58=KLend2g3cP87fffoy8q1mQqGKjrxjC8boSyAYavgmjD
[2026-04-10 20:30:04] [INFO] [DBG]   k[9] s=0 w=0 len=32 b58=KLend2g3cP87fffoy8q1mQqGKjrxjC8boSyAYavgmjD
[2026-04-10 20:30:04] [INFO] [DBG]   k[10] s=0 w=0 len=32 b58=Sysvar1nstructions1111111111111111111111111
[2026-04-10 20:30:04] [INFO] [DBG]   k[11] s=0 w=0 len=32 b58=TokenkegQfeZyiNwAJbNbGKPFXCWuBvf9Ss623VQ5DA
[2026-04-10 20:30:04] [INFO] [DBG] ix[9] prog=Tokenkeg keys=3 dataLen=1 hex=09
[2026-04-10 20:30:04] [INFO] [DBG]   k[0] s=0 w=1 len=32 b58=DQwQCSZL4Wm98FKdbVVw1Vq5txLcKNfxRBQrsy2MtcSa
[2026-04-10 20:30:04] [INFO] [DBG]   k[1] s=0 w=1 len=32 b58=ESzi3jyKV4EWi1TC36nRwLiHHDVTmzn9iCFTotToyhC3
[2026-04-10 20:30:04] [INFO] [DBG]   k[2] s=1 w=0 len=32 b58=ESzi3jyKV4EWi1TC36nRwLiHHDVTmzn9iCFTotToyhC3
[2026-04-10 20:30:04] [INFO] [XDEX] SOL/BONK | spread: 0.1801% | fees: 0.0600% | PROFITABLE | hi: Orca (14151023.701984) 5zpyutJu9ee6jFymDGoK7F6S5Kczqtc9FomP3ueKuyA9 | lo: Raydium CLMM (14125586.414236) GtKKKs3yaPdHbQd2aZS4SfWhy8zQ988BJGnKNndLxYsN
[2026-04-10 20:30:04] [WARN] [LocalExec] ⚠️  computeSwap BYPASSED — pipeline test mode | gross local: -229.6347 USD
[2026-04-10 20:30:04] [INFO] 🎯 LOCAL EXEC — SOL/BONK | spread: 0.180% | loan: 40.0 SOL | profit: ~$-229.6347 | buy: Orca@5zpyutJu → sell: Raydium CLMM@GtKKKs3y
[2026-04-10 20:30:04] [INFO] [LocalExec] Jito tip: 50000 lamports (~$0.0043)
[2026-04-10 20:30:04] [INFO] [LocalExec] borrowIxIndex dynamically set to 2
[2026-04-10 20:30:04] [INFO] [DBG] innerIxs.length=10
[2026-04-10 20:30:04] [INFO] [DBG] ix[0] prog=11111111 keys=2 dataLen=12 hex=0200000050c3000000000000
[2026-04-10 20:30:04] [INFO] [DBG]   k[0] s=1 w=1 len=32 b58=ESzi3jyKV4EWi1TC36nRwLiHHDVTmzn9iCFTotToyhC3
[2026-04-10 20:30:04] [INFO] [DBG]   k[1] s=0 w=1 len=32 b58=DttWaMuVvTiduZRnguLF7jNxTgiMBZ1hyAumKUiL2KRL
[2026-04-10 20:30:04] [INFO] [DBG] ix[1] prog=ATokenGP keys=6 dataLen=1 hex=01
[2026-04-10 20:30:04] [INFO] [DBG]   k[0] s=1 w=1 len=32 b58=ESzi3jyKV4EWi1TC36nRwLiHHDVTmzn9iCFTotToyhC3
[2026-04-10 20:30:04] [INFO] [DBG]   k[1] s=0 w=1 len=32 b58=DQwQCSZL4Wm98FKdbVVw1Vq5txLcKNfxRBQrsy2MtcSa
[2026-04-10 20:30:04] [INFO] [DBG]   k[2] s=0 w=0 len=32 b58=ESzi3jyKV4EWi1TC36nRwLiHHDVTmzn9iCFTotToyhC3
[2026-04-10 20:30:04] [INFO] [DBG]   k[3] s=0 w=0 len=32 b58=So11111111111111111111111111111111111111112
[2026-04-10 20:30:04] [INFO] [DBG]   k[4] s=0 w=0 len=32 b58=11111111111111111111111111111111
[2026-04-10 20:30:04] [INFO] [DBG]   k[5] s=0 w=0 len=32 b58=TokenkegQfeZyiNwAJbNbGKPFXCWuBvf9Ss623VQ5DA
[2026-04-10 20:30:04] [INFO] [DBG] ix[2] prog=KLend2g3 keys=12 dataLen=16 hex=87e734a70734d4c100902f5009000000
[2026-04-10 20:30:04] [INFO] [DBG]   k[0] s=1 w=0 len=32 b58=ESzi3jyKV4EWi1TC36nRwLiHHDVTmzn9iCFTotToyhC3
[2026-04-10 20:30:04] [INFO] [DBG]   k[1] s=0 w=0 len=32 b58=9DrvZvyWh1HuAoZxvYWMvkf2XCzryCpGgHqrMjyDWpmo
[2026-04-10 20:30:04] [INFO] [DBG]   k[2] s=0 w=0 len=32 b58=7u3HeHxYDLhnCoErrtycNokbQYbWGzLs6JSDqGAv5PfF
[2026-04-10 20:30:04] [INFO] [DBG]   k[3] s=0 w=1 len=32 b58=d4A2prbA2whesmvHaL88BH6Ewn5N4bTSU2Ze8P6Bc4Q
[2026-04-10 20:30:04] [INFO] [DBG]   k[4] s=0 w=0 len=32 b58=So11111111111111111111111111111111111111112
[2026-04-10 20:30:04] [INFO] [DBG]   k[5] s=0 w=1 len=32 b58=GafNuUXj9rxGLn4y79dPu6MHSuPWeJR6UtTWuexpGh3U
[2026-04-10 20:30:04] [INFO] [DBG]   k[6] s=0 w=1 len=32 b58=DQwQCSZL4Wm98FKdbVVw1Vq5txLcKNfxRBQrsy2MtcSa
[2026-04-10 20:30:04] [INFO] [DBG]   k[7] s=0 w=1 len=32 b58=3JNof8s453bwG5UqiXBLJc77NRQXezYYEBbk3fqnoKph
[2026-04-10 20:30:04] [INFO] [DBG]   k[8] s=0 w=0 len=32 b58=KLend2g3cP87fffoy8q1mQqGKjrxjC8boSyAYavgmjD
[2026-04-10 20:30:04] [INFO] [DBG]   k[9] s=0 w=0 len=32 b58=KLend2g3cP87fffoy8q1mQqGKjrxjC8boSyAYavgmjD
[2026-04-10 20:30:04] [INFO] [DBG]   k[10] s=0 w=0 len=32 b58=Sysvar1nstructions1111111111111111111111111
[2026-04-10 20:30:04] [INFO] [DBG]   k[11] s=0 w=0 len=32 b58=TokenkegQfeZyiNwAJbNbGKPFXCWuBvf9Ss623VQ5DA
[2026-04-10 20:30:04] [INFO] [DBG] ix[3] prog=ComputeB keys=0 dataLen=5 hex=02c0270900
[2026-04-10 20:30:04] [INFO] [DBG] ix[4] prog=ComputeB keys=0 dataLen=9 hex=030100000000000000
[2026-04-10 20:30:04] [INFO] [DBG] ix[5] prog=ATokenGP keys=6 dataLen=1 hex=01
[2026-04-10 20:30:04] [INFO] [DBG]   k[0] s=1 w=1 len=32 b58=ESzi3jyKV4EWi1TC36nRwLiHHDVTmzn9iCFTotToyhC3
[2026-04-10 20:30:04] [INFO] [DBG]   k[1] s=0 w=1 len=32 b58=8ChvMvALunCZrZnbr3Jwf4S8kEKYAqcMGL2C53MFgK87
[2026-04-10 20:30:04] [INFO] [DBG]   k[2] s=0 w=0 len=32 b58=ESzi3jyKV4EWi1TC36nRwLiHHDVTmzn9iCFTotToyhC3
[2026-04-10 20:30:04] [INFO] [DBG]   k[3] s=0 w=0 len=32 b58=DezXAZ8z7PnrnRJjz3wXBoRgixCa6xjnB7YaB1pPB263
[2026-04-10 20:30:04] [INFO] [DBG]   k[4] s=0 w=0 len=32 b58=11111111111111111111111111111111
[2026-04-10 20:30:04] [INFO] [DBG]   k[5] s=0 w=0 len=32 b58=TokenkegQfeZyiNwAJbNbGKPFXCWuBvf9Ss623VQ5DA
[2026-04-10 20:30:04] [INFO] [DBG] ix[6] prog=whirLbMi keys=11 dataLen=42 hex=f8c69e91e17587c800902f5009000000f4f433feb12d0000513b01000100000000000000000000000101
[2026-04-10 20:30:04] [INFO] [DBG]   k[0] s=0 w=0 len=32 b58=TokenkegQfeZyiNwAJbNbGKPFXCWuBvf9Ss623VQ5DA
[2026-04-10 20:30:04] [INFO] [DBG]   k[1] s=1 w=0 len=32 b58=ESzi3jyKV4EWi1TC36nRwLiHHDVTmzn9iCFTotToyhC3
[2026-04-10 20:30:04] [INFO] [DBG]   k[2] s=0 w=1 len=32 b58=5zpyutJu9ee6jFymDGoK7F6S5Kczqtc9FomP3ueKuyA9
[2026-04-10 20:30:04] [INFO] [DBG]   k[3] s=0 w=1 len=32 b58=DQwQCSZL4Wm98FKdbVVw1Vq5txLcKNfxRBQrsy2MtcSa
[2026-04-10 20:30:04] [INFO] [DBG]   k[4] s=0 w=1 len=32 b58=ES7yhSrYeFo4U1PfJHNRkbfCWxCwPLk2DjrEbmN8bg58
[2026-04-10 20:30:04] [INFO] [DBG]   k[5] s=0 w=1 len=32 b58=8ChvMvALunCZrZnbr3Jwf4S8kEKYAqcMGL2C53MFgK87
[2026-04-10 20:30:04] [INFO] [DBG]   k[6] s=0 w=1 len=32 b58=4dmvFGeQH2eqa3ktNHMgm4wZ8vuTukBiK9M7gxW5oR9F
[2026-04-10 20:30:04] [INFO] [DBG]   k[7] s=0 w=1 len=32 b58=EJRTQoUhFocFL4fRwrhERF6wBL4RTZQrKe6dDuwrnRei
[2026-04-10 20:30:04] [INFO] [DBG]   k[8] s=0 w=1 len=32 b58=DTjFaPV7fLHGUQ7XoS2HqW9kUL2F41hAdTu89Hhsonni
[2026-04-10 20:30:04] [INFO] [DBG]   k[9] s=0 w=1 len=32 b58=A7xxBQk2BAEX3ewQrtDA28Mbf722nDmPVtb2UNu9gwCU
[2026-04-10 20:30:04] [INFO] [DBG]   k[10] s=0 w=0 len=32 b58=EXpqcVuTTPEmyeVu2LHM75ha7FwmjJ88MnhSMRRdy5Sh
[2026-04-10 20:30:04] [INFO] [DBG] ix[7] prog=CAMMCzo5 keys=12 dataLen=41 hex=f8c69e91e17587c810491dc5c53200000100000000000000af331ba8327fbb35b1c4feff0000000001
[2026-04-10 20:30:04] [INFO] [DBG]   k[0] s=1 w=1 len=32 b58=ESzi3jyKV4EWi1TC36nRwLiHHDVTmzn9iCFTotToyhC3
[2026-04-10 20:30:04] [INFO] [DBG]   k[1] s=0 w=0 len=32 b58=E64NGkDLLCdQ2yFNPcavaKptrEgmiQaNykUuLC1Qgwyp
[2026-04-10 20:30:04] [INFO] [DBG]   k[2] s=0 w=1 len=32 b58=GtKKKs3yaPdHbQd2aZS4SfWhy8zQ988BJGnKNndLxYsN
[2026-04-10 20:30:04] [INFO] [DBG]   k[3] s=0 w=1 len=32 b58=8ChvMvALunCZrZnbr3Jwf4S8kEKYAqcMGL2C53MFgK87
[2026-04-10 20:30:04] [INFO] [DBG]   k[4] s=0 w=1 len=32 b58=DQwQCSZL4Wm98FKdbVVw1Vq5txLcKNfxRBQrsy2MtcSa
[2026-04-10 20:30:04] [INFO] [DBG]   k[5] s=0 w=1 len=32 b58=2wzaFLYb4JcDrVs8TfU3TfkVwq1Pdp3rRgWdNJzFGXud
[2026-04-10 20:30:04] [INFO] [DBG]   k[6] s=0 w=1 len=32 b58=GDnBvA76ZAJ2K3en2F1iExPZ6qz83Xjj5srXMmSKTYDW
[2026-04-10 20:30:04] [INFO] [DBG]   k[7] s=0 w=1 len=32 b58=Gj8gzDNKmf5y3p1LorKHTvMZ8eCLhbCDnhGiN5xVW8Jq
[2026-04-10 20:30:04] [INFO] [DBG]   k[8] s=0 w=0 len=32 b58=TokenkegQfeZyiNwAJbNbGKPFXCWuBvf9Ss623VQ5DA
[2026-04-10 20:30:04] [INFO] [DBG]   k[9] s=0 w=1 len=32 b58=owcNVJ4MMfaDM9nZnFsAjona15P2msRdmGKBUya95LU
[2026-04-10 20:30:04] [INFO] [DBG]   k[10] s=0 w=1 len=32 b58=CSL5rYPRZbKwPBFzRtHmv7ofySJFUMmZiqcdxWLik6e7
[2026-04-10 20:30:04] [INFO] [DBG]   k[11] s=0 w=1 len=32 b58=5LqWtmz8iVFVZRVaPm3tgin6wcEEMMq3B5Bp3AYmAx3d
[2026-04-10 20:30:04] [INFO] [DBG] ix[8] prog=KLend2g3 keys=12 dataLen=17 hex=b97500cb60f5b4ba00902f500900000002
[2026-04-10 20:30:04] [INFO] [DBG]   k[0] s=1 w=0 len=32 b58=ESzi3jyKV4EWi1TC36nRwLiHHDVTmzn9iCFTotToyhC3
[2026-04-10 20:30:04] [INFO] [DBG]   k[1] s=0 w=0 len=32 b58=9DrvZvyWh1HuAoZxvYWMvkf2XCzryCpGgHqrMjyDWpmo
[2026-04-10 20:30:04] [INFO] [DBG]   k[2] s=0 w=0 len=32 b58=7u3HeHxYDLhnCoErrtycNokbQYbWGzLs6JSDqGAv5PfF
[2026-04-10 20:30:04] [INFO] [DBG]   k[3] s=0 w=1 len=32 b58=d4A2prbA2whesmvHaL88BH6Ewn5N4bTSU2Ze8P6Bc4Q
[2026-04-10 20:30:04] [INFO] [DBG]   k[4] s=0 w=0 len=32 b58=So11111111111111111111111111111111111111112
[2026-04-10 20:30:04] [INFO] [DBG]   k[5] s=0 w=1 len=32 b58=GafNuUXj9rxGLn4y79dPu6MHSuPWeJR6UtTWuexpGh3U
[2026-04-10 20:30:04] [INFO] [DBG]   k[6] s=0 w=1 len=32 b58=DQwQCSZL4Wm98FKdbVVw1Vq5txLcKNfxRBQrsy2MtcSa
[2026-04-10 20:30:04] [INFO] [DBG]   k[7] s=0 w=1 len=32 b58=3JNof8s453bwG5UqiXBLJc77NRQXezYYEBbk3fqnoKph
[2026-04-10 20:30:04] [INFO] [DBG]   k[8] s=0 w=0 len=32 b58=KLend2g3cP87fffoy8q1mQqGKjrxjC8boSyAYavgmjD
[2026-04-10 20:30:04] [INFO] [DBG]   k[9] s=0 w=0 len=32 b58=KLend2g3cP87fffoy8q1mQqGKjrxjC8boSyAYavgmjD
[2026-04-10 20:30:04] [INFO] [DBG]   k[10] s=0 w=0 len=32 b58=Sysvar1nstructions1111111111111111111111111
[2026-04-10 20:30:04] [INFO] [DBG]   k[11] s=0 w=0 len=32 b58=TokenkegQfeZyiNwAJbNbGKPFXCWuBvf9Ss623VQ5DA
[2026-04-10 20:30:04] [INFO] [DBG] ix[9] prog=Tokenkeg keys=3 dataLen=1 hex=09
[2026-04-10 20:30:04] [INFO] [DBG]   k[0] s=0 w=1 len=32 b58=DQwQCSZL4Wm98FKdbVVw1Vq5txLcKNfxRBQrsy2MtcSa
[2026-04-10 20:30:04] [INFO] [DBG]   k[1] s=0 w=1 len=32 b58=ESzi3jyKV4EWi1TC36nRwLiHHDVTmzn9iCFTotToyhC3
[2026-04-10 20:30:04] [INFO] [DBG]   k[2] s=1 w=0 len=32 b58=ESzi3jyKV4EWi1TC36nRwLiHHDVTmzn9iCFTotToyhC3
[2026-04-10 20:30:04] [INFO] [LocalExec] Tx size: 907 bytes | 10 instructions
[2026-04-10 20:30:04] [INFO] [LocalExec] Jito accepted via frankfurt
[2026-04-10 20:30:04] [INFO] [LAT] gate=5ms build=329ms sign=13ms submit=26ms TOTAL=373ms
[2026-04-10 20:30:04] [INFO] [LocalExec] ✅ Tx submitted: 4LdHkutGYENg7BFGnftEaCNKrCqBw6TVqxagUSvvW9iCwrn7qKcEzcwT3jEQVdANCHZ6989urMkhYnmCRCEwAHr9
[2026-04-10 20:30:04] [INFO] [LocalExec] Jito accepted via amsterdam
[2026-04-10 20:30:04] [INFO] [LocalExec] Jito accepted via mainnet
[2026-04-10 20:30:05] [INFO] [LocalExec] Tx size: 907 bytes | 10 instructions
[2026-04-10 20:30:05] [ERROR] Unhandled rejection: Error: 429 Too Many Requests: {"jsonrpc":"2.0","error":{"code":-32429,"message":"rate limited"}}
[2026-04-10 20:30:05] [INFO] [LocalExec] Jito accepted via frankfurt
[2026-04-10 20:30:05] [INFO] [LAT] gate=3ms build=214ms sign=14ms submit=38ms TOTAL=269ms
[2026-04-10 20:30:05] [INFO] [LocalExec] ✅ Tx submitted: 24VpJfikVyQxf4rhoURXvejSKwK4bkciTsHUrQJGKtvVBfeKvAWUbctCESKkiRHK3jqcthGuE17fBMjsimtziH7N
[2026-04-10 20:30:05] [ERROR] Unhandled rejection: Error: 429 Too Many Requests: {"jsonrpc":"2.0","error":{"code":-32429,"message":"rate limited"}}
[2026-04-10 20:30:06] [INFO] [XDEX] SOL/BONK | spread: 0.1801% | fees: 0.0600% | PROFITABLE | hi: Orca (14151023.701984) 5zpyutJu9ee6jFymDGoK7F6S5Kczqtc9FomP3ueKuyA9 | lo: Raydium CLMM (14125586.414236) GtKKKs3yaPdHbQd2aZS4SfWhy8zQ988BJGnKNndLxYsN
[2026-04-10 20:30:06] [WARN] [LocalExec] ⚠️  computeSwap BYPASSED — pipeline test mode | gross local: -229.5809 USD
[2026-04-10 20:30:06] [INFO] 🎯 LOCAL EXEC — SOL/BONK | spread: 0.180% | loan: 40.0 SOL | profit: ~$-229.5809 | buy: Orca@5zpyutJu → sell: Raydium CLMM@GtKKKs3y
[2026-04-10 20:30:06] [INFO] [LocalExec] Jito tip: 50000 lamports (~$0.0043)
[2026-04-10 20:30:06] [INFO] [LocalExec] borrowIxIndex dynamically set to 2
[2026-04-10 20:30:06] [INFO] [DBG] innerIxs.length=10
[2026-04-10 20:30:06] [INFO] [DBG] ix[0] prog=11111111 keys=2 dataLen=12 hex=0200000050c3000000000000
[2026-04-10 20:30:06] [INFO] [DBG]   k[0] s=1 w=1 len=32 b58=ESzi3jyKV4EWi1TC36nRwLiHHDVTmzn9iCFTotToyhC3
[2026-04-10 20:30:06] [INFO] [DBG]   k[1] s=0 w=1 len=32 b58=ADaUMid9yfUytqMBgopwjb2DTLSokTSzL1zcaozNr7RD
[2026-04-10 20:30:06] [INFO] [DBG] ix[1] prog=ATokenGP keys=6 dataLen=1 hex=01
[2026-04-10 20:30:06] [INFO] [DBG]   k[0] s=1 w=1 len=32 b58=ESzi3jyKV4EWi1TC36nRwLiHHDVTmzn9iCFTotToyhC3
[2026-04-10 20:30:06] [INFO] [DBG]   k[1] s=0 w=1 len=32 b58=DQwQCSZL4Wm98FKdbVVw1Vq5txLcKNfxRBQrsy2MtcSa
[2026-04-10 20:30:06] [INFO] [DBG]   k[2] s=0 w=0 len=32 b58=ESzi3jyKV4EWi1TC36nRwLiHHDVTmzn9iCFTotToyhC3
[2026-04-10 20:30:06] [INFO] [DBG]   k[3] s=0 w=0 len=32 b58=So11111111111111111111111111111111111111112
[2026-04-10 20:30:06] [INFO] [DBG]   k[4] s=0 w=0 len=32 b58=11111111111111111111111111111111
[2026-04-10 20:30:06] [INFO] [DBG]   k[5] s=0 w=0 len=32 b58=TokenkegQfeZyiNwAJbNbGKPFXCWuBvf9Ss623VQ5DA
[2026-04-10 20:30:06] [INFO] [DBG] ix[2] prog=KLend2g3 keys=12 dataLen=16 hex=87e734a70734d4c100902f5009000000
[2026-04-10 20:30:06] [INFO] [DBG]   k[0] s=1 w=0 len=32 b58=ESzi3jyKV4EWi1TC36nRwLiHHDVTmzn9iCFTotToyhC3
[2026-04-10 20:30:06] [INFO] [DBG]   k[1] s=0 w=0 len=32 b58=9DrvZvyWh1HuAoZxvYWMvkf2XCzryCpGgHqrMjyDWpmo
[2026-04-10 20:30:06] [INFO] [DBG]   k[2] s=0 w=0 len=32 b58=7u3HeHxYDLhnCoErrtycNokbQYbWGzLs6JSDqGAv5PfF
[2026-04-10 20:30:06] [INFO] [DBG]   k[3] s=0 w=1 len=32 b58=d4A2prbA2whesmvHaL88BH6Ewn5N4bTSU2Ze8P6Bc4Q
[2026-04-10 20:30:06] [INFO] [DBG]   k[4] s=0 w=0 len=32 b58=So11111111111111111111111111111111111111112
[2026-04-10 20:30:06] [INFO] [DBG]   k[5] s=0 w=1 len=32 b58=GafNuUXj9rxGLn4y79dPu6MHSuPWeJR6UtTWuexpGh3U
[2026-04-10 20:30:06] [INFO] [DBG]   k[6] s=0 w=1 len=32 b58=DQwQCSZL4Wm98FKdbVVw1Vq5txLcKNfxRBQrsy2MtcSa
[2026-04-10 20:30:06] [INFO] [DBG]   k[7] s=0 w=1 len=32 b58=3JNof8s453bwG5UqiXBLJc77NRQXezYYEBbk3fqnoKph
[2026-04-10 20:30:06] [INFO] [DBG]   k[8] s=0 w=0 len=32 b58=KLend2g3cP87fffoy8q1mQqGKjrxjC8boSyAYavgmjD
[2026-04-10 20:30:06] [INFO] [DBG]   k[9] s=0 w=0 len=32 b58=KLend2g3cP87fffoy8q1mQqGKjrxjC8boSyAYavgmjD
[2026-04-10 20:30:06] [INFO] [DBG]   k[10] s=0 w=0 len=32 b58=Sysvar1nstructions1111111111111111111111111
[2026-04-10 20:30:06] [INFO] [DBG]   k[11] s=0 w=0 len=32 b58=TokenkegQfeZyiNwAJbNbGKPFXCWuBvf9Ss623VQ5DA
[2026-04-10 20:30:06] [INFO] [DBG] ix[3] prog=ComputeB keys=0 dataLen=5 hex=02c0270900
[2026-04-10 20:30:06] [INFO] [DBG] ix[4] prog=ComputeB keys=0 dataLen=9 hex=030100000000000000
[2026-04-10 20:30:06] [INFO] [DBG] ix[5] prog=ATokenGP keys=6 dataLen=1 hex=01
[2026-04-10 20:30:06] [INFO] [DBG]   k[0] s=1 w=1 len=32 b58=ESzi3jyKV4EWi1TC36nRwLiHHDVTmzn9iCFTotToyhC3
[2026-04-10 20:30:06] [INFO] [DBG]   k[1] s=0 w=1 len=32 b58=8ChvMvALunCZrZnbr3Jwf4S8kEKYAqcMGL2C53MFgK87
[2026-04-10 20:30:06] [INFO] [DBG]   k[2] s=0 w=0 len=32 b58=ESzi3jyKV4EWi1TC36nRwLiHHDVTmzn9iCFTotToyhC3
[2026-04-10 20:30:06] [INFO] [DBG]   k[3] s=0 w=0 len=32 b58=DezXAZ8z7PnrnRJjz3wXBoRgixCa6xjnB7YaB1pPB263
[2026-04-10 20:30:06] [INFO] [DBG]   k[4] s=0 w=0 len=32 b58=11111111111111111111111111111111
[2026-04-10 20:30:06] [INFO] [DBG]   k[5] s=0 w=0 len=32 b58=TokenkegQfeZyiNwAJbNbGKPFXCWuBvf9Ss623VQ5DA
[2026-04-10 20:30:06] [INFO] [DBG] ix[6] prog=whirLbMi keys=11 dataLen=42 hex=f8c69e91e17587c800902f5009000000f4f433feb12d0000513b01000100000000000000000000000101
[2026-04-10 20:30:06] [INFO] [DBG]   k[0] s=0 w=0 len=32 b58=TokenkegQfeZyiNwAJbNbGKPFXCWuBvf9Ss623VQ5DA
[2026-04-10 20:30:06] [INFO] [DBG]   k[1] s=1 w=0 len=32 b58=ESzi3jyKV4EWi1TC36nRwLiHHDVTmzn9iCFTotToyhC3
[2026-04-10 20:30:06] [INFO] [DBG]   k[2] s=0 w=1 len=32 b58=5zpyutJu9ee6jFymDGoK7F6S5Kczqtc9FomP3ueKuyA9
[2026-04-10 20:30:06] [INFO] [DBG]   k[3] s=0 w=1 len=32 b58=DQwQCSZL4Wm98FKdbVVw1Vq5txLcKNfxRBQrsy2MtcSa
[2026-04-10 20:30:06] [INFO] [DBG]   k[4] s=0 w=1 len=32 b58=ES7yhSrYeFo4U1PfJHNRkbfCWxCwPLk2DjrEbmN8bg58
[2026-04-10 20:30:06] [INFO] [DBG]   k[5] s=0 w=1 len=32 b58=8ChvMvALunCZrZnbr3Jwf4S8kEKYAqcMGL2C53MFgK87
[2026-04-10 20:30:06] [INFO] [DBG]   k[6] s=0 w=1 len=32 b58=4dmvFGeQH2eqa3ktNHMgm4wZ8vuTukBiK9M7gxW5oR9F
[2026-04-10 20:30:06] [INFO] [DBG]   k[7] s=0 w=1 len=32 b58=EJRTQoUhFocFL4fRwrhERF6wBL4RTZQrKe6dDuwrnRei
[2026-04-10 20:30:06] [INFO] [DBG]   k[8] s=0 w=1 len=32 b58=DTjFaPV7fLHGUQ7XoS2HqW9kUL2F41hAdTu89Hhsonni
[2026-04-10 20:30:06] [INFO] [DBG]   k[9] s=0 w=1 len=32 b58=A7xxBQk2BAEX3ewQrtDA28Mbf722nDmPVtb2UNu9gwCU
[2026-04-10 20:30:06] [INFO] [DBG]   k[10] s=0 w=0 len=32 b58=EXpqcVuTTPEmyeVu2LHM75ha7FwmjJ88MnhSMRRdy5Sh
[2026-04-10 20:30:06] [INFO] [DBG] ix[7] prog=CAMMCzo5 keys=12 dataLen=41 hex=f8c69e91e17587c810491dc5c53200000100000000000000af331ba8327fbb35b1c4feff0000000001
[2026-04-10 20:30:06] [INFO] [DBG]   k[0] s=1 w=1 len=32 b58=ESzi3jyKV4EWi1TC36nRwLiHHDVTmzn9iCFTotToyhC3
[2026-04-10 20:30:06] [INFO] [DBG]   k[1] s=0 w=0 len=32 b58=E64NGkDLLCdQ2yFNPcavaKptrEgmiQaNykUuLC1Qgwyp
[2026-04-10 20:30:06] [INFO] [DBG]   k[2] s=0 w=1 len=32 b58=GtKKKs3yaPdHbQd2aZS4SfWhy8zQ988BJGnKNndLxYsN
[2026-04-10 20:30:06] [INFO] [DBG]   k[3] s=0 w=1 len=32 b58=8ChvMvALunCZrZnbr3Jwf4S8kEKYAqcMGL2C53MFgK87
[2026-04-10 20:30:06] [INFO] [DBG]   k[4] s=0 w=1 len=32 b58=DQwQCSZL4Wm98FKdbVVw1Vq5txLcKNfxRBQrsy2MtcSa
[2026-04-10 20:30:06] [INFO] [DBG]   k[5] s=0 w=1 len=32 b58=2wzaFLYb4JcDrVs8TfU3TfkVwq1Pdp3rRgWdNJzFGXud
[2026-04-10 20:30:06] [INFO] [DBG]   k[6] s=0 w=1 len=32 b58=GDnBvA76ZAJ2K3en2F1iExPZ6qz83Xjj5srXMmSKTYDW
[2026-04-10 20:30:06] [INFO] [DBG]   k[7] s=0 w=1 len=32 b58=Gj8gzDNKmf5y3p1LorKHTvMZ8eCLhbCDnhGiN5xVW8Jq
[2026-04-10 20:30:06] [INFO] [DBG]   k[8] s=0 w=0 len=32 b58=TokenkegQfeZyiNwAJbNbGKPFXCWuBvf9Ss623VQ5DA
[2026-04-10 20:30:06] [INFO] [DBG]   k[9] s=0 w=1 len=32 b58=owcNVJ4MMfaDM9nZnFsAjona15P2msRdmGKBUya95LU
[2026-04-10 20:30:06] [INFO] [DBG]   k[10] s=0 w=1 len=32 b58=CSL5rYPRZbKwPBFzRtHmv7ofySJFUMmZiqcdxWLik6e7
[2026-04-10 20:30:06] [INFO] [DBG]   k[11] s=0 w=1 len=32 b58=5LqWtmz8iVFVZRVaPm3tgin6wcEEMMq3B5Bp3AYmAx3d
[2026-04-10 20:30:06] [INFO] [DBG] ix[8] prog=KLend2g3 keys=12 dataLen=17 hex=b97500cb60f5b4ba00902f500900000002
[2026-04-10 20:30:06] [INFO] [DBG]   k[0] s=1 w=0 len=32 b58=ESzi3jyKV4EWi1TC36nRwLiHHDVTmzn9iCFTotToyhC3
[2026-04-10 20:30:06] [INFO] [DBG]   k[1] s=0 w=0 len=32 b58=9DrvZvyWh1HuAoZxvYWMvkf2XCzryCpGgHqrMjyDWpmo
[2026-04-10 20:30:06] [INFO] [DBG]   k[2] s=0 w=0 len=32 b58=7u3HeHxYDLhnCoErrtycNokbQYbWGzLs6JSDqGAv5PfF
[2026-04-10 20:30:06] [INFO] [DBG]   k[3] s=0 w=1 len=32 b58=d4A2prbA2whesmvHaL88BH6Ewn5N4bTSU2Ze8P6Bc4Q
[2026-04-10 20:30:06] [INFO] [DBG]   k[4] s=0 w=0 len=32 b58=So11111111111111111111111111111111111111112
[2026-04-10 20:30:06] [INFO] [DBG]   k[5] s=0 w=1 len=32 b58=GafNuUXj9rxGLn4y79dPu6MHSuPWeJR6UtTWuexpGh3U
[2026-04-10 20:30:06] [INFO] [DBG]   k[6] s=0 w=1 len=32 b58=DQwQCSZL4Wm98FKdbVVw1Vq5txLcKNfxRBQrsy2MtcSa
[2026-04-10 20:30:06] [INFO] [DBG]   k[7] s=0 w=1 len=32 b58=3JNof8s453bwG5UqiXBLJc77NRQXezYYEBbk3fqnoKph
[2026-04-10 20:30:06] [INFO] [DBG]   k[8] s=0 w=0 len=32 b58=KLend2g3cP87fffoy8q1mQqGKjrxjC8boSyAYavgmjD
[2026-04-10 20:30:06] [INFO] [DBG]   k[9] s=0 w=0 len=32 b58=KLend2g3cP87fffoy8q1mQqGKjrxjC8boSyAYavgmjD
[2026-04-10 20:30:06] [INFO] [DBG]   k[10] s=0 w=0 len=32 b58=Sysvar1nstructions1111111111111111111111111
[2026-04-10 20:30:06] [INFO] [DBG]   k[11] s=0 w=0 len=32 b58=TokenkegQfeZyiNwAJbNbGKPFXCWuBvf9Ss623VQ5DA
[2026-04-10 20:30:06] [INFO] [DBG] ix[9] prog=Tokenkeg keys=3 dataLen=1 hex=09
[2026-04-10 20:30:06] [INFO] [DBG]   k[0] s=0 w=1 len=32 b58=DQwQCSZL4Wm98FKdbVVw1Vq5txLcKNfxRBQrsy2MtcSa
[2026-04-10 20:30:06] [INFO] [DBG]   k[1] s=0 w=1 len=32 b58=ESzi3jyKV4EWi1TC36nRwLiHHDVTmzn9iCFTotToyhC3
[2026-04-10 20:30:06] [INFO] [DBG]   k[2] s=1 w=0 len=32 b58=ESzi3jyKV4EWi1TC36nRwLiHHDVTmzn9iCFTotToyhC3
[2026-04-10 20:30:06] [ERROR] [LocalExec] Error: failed to get recent blockhash: Error: 429 Too Many Requests: {"jsonrpc":"2.0","error":{"code":-32429,"message":"rate limited"}}
[2026-04-10 20:30:06] [ERROR] [LocalExec] Stack: Error: failed to get recent blockhash: Error: 429 Too Many Requests: {"jsonrpc":"2.0","error":{"code":-32429,"message":"rate limited"}}
    at Connection.getLatestBlockhash (/home/ubuntu/ARB-BOT/node_modules/@solana/web3.js/lib/index.cjs.js:7238:13)
    at process.processTicksAndRejections (node:internal/process/task_queues:95:5)
    at async Executor.executeLocal (/home/ubuntu/ARB-BOT/src/executor.js:1314:29)
    at async wsCallback (/home/ubuntu/ARB-BOT/src/bot.js:297:44)
[2026-04-10 20:30:06] [WARN] [LocalExec] ⚠️  computeSwap BYPASSED — pipeline test mode | gross local: -58.4388 USD
[2026-04-10 20:30:06] [INFO] 🎯 LOCAL EXEC — SOL/BONK | spread: 0.180% | loan: 20.0 SOL | profit: ~$-58.4388 | buy: Orca@5zpyutJu → sell: Raydium CLMM@GtKKKs3y
[2026-04-10 20:30:06] [INFO] [LocalExec] Jito tip: 50000 lamports (~$0.0043)
[2026-04-10 20:30:06] [INFO] [LocalExec] borrowIxIndex dynamically set to 2
[2026-04-10 20:30:06] [INFO] [DBG] innerIxs.length=10
[2026-04-10 20:30:06] [INFO] [DBG] ix[0] prog=11111111 keys=2 dataLen=12 hex=0200000050c3000000000000
[2026-04-10 20:30:06] [INFO] [DBG]   k[0] s=1 w=1 len=32 b58=ESzi3jyKV4EWi1TC36nRwLiHHDVTmzn9iCFTotToyhC3
[2026-04-10 20:30:06] [INFO] [DBG]   k[1] s=0 w=1 len=32 b58=DfXygSm4jCyNCybVYYK6DwvWqjKee8pbDmJGcLWNDXjh
[2026-04-10 20:30:06] [INFO] [DBG] ix[1] prog=ATokenGP keys=6 dataLen=1 hex=01
[2026-04-10 20:30:06] [INFO] [DBG]   k[0] s=1 w=1 len=32 b58=ESzi3jyKV4EWi1TC36nRwLiHHDVTmzn9iCFTotToyhC3
[2026-04-10 20:30:06] [INFO] [DBG]   k[1] s=0 w=1 len=32 b58=DQwQCSZL4Wm98FKdbVVw1Vq5txLcKNfxRBQrsy2MtcSa
[2026-04-10 20:30:06] [INFO] [DBG]   k[2] s=0 w=0 len=32 b58=ESzi3jyKV4EWi1TC36nRwLiHHDVTmzn9iCFTotToyhC3
[2026-04-10 20:30:06] [INFO] [DBG]   k[3] s=0 w=0 len=32 b58=So11111111111111111111111111111111111111112
[2026-04-10 20:30:06] [INFO] [DBG]   k[4] s=0 w=0 len=32 b58=11111111111111111111111111111111
[2026-04-10 20:30:06] [INFO] [DBG]   k[5] s=0 w=0 len=32 b58=TokenkegQfeZyiNwAJbNbGKPFXCWuBvf9Ss623VQ5DA
[2026-04-10 20:30:06] [INFO] [DBG] ix[2] prog=KLend2g3 keys=12 dataLen=16 hex=87e734a70734d4c100c817a804000000
[2026-04-10 20:30:06] [INFO] [DBG]   k[0] s=1 w=0 len=32 b58=ESzi3jyKV4EWi1TC36nRwLiHHDVTmzn9iCFTotToyhC3
[2026-04-10 20:30:06] [INFO] [DBG]   k[1] s=0 w=0 len=32 b58=9DrvZvyWh1HuAoZxvYWMvkf2XCzryCpGgHqrMjyDWpmo
[2026-04-10 20:30:06] [INFO] [DBG]   k[2] s=0 w=0 len=32 b58=7u3HeHxYDLhnCoErrtycNokbQYbWGzLs6JSDqGAv5PfF
[2026-04-10 20:30:06] [INFO] [DBG]   k[3] s=0 w=1 len=32 b58=d4A2prbA2whesmvHaL88BH6Ewn5N4bTSU2Ze8P6Bc4Q
[2026-04-10 20:30:06] [INFO] [DBG]   k[4] s=0 w=0 len=32 b58=So11111111111111111111111111111111111111112
[2026-04-10 20:30:06] [INFO] [DBG]   k[5] s=0 w=1 len=32 b58=GafNuUXj9rxGLn4y79dPu6MHSuPWeJR6UtTWuexpGh3U
[2026-04-10 20:30:06] [INFO] [DBG]   k[6] s=0 w=1 len=32 b58=DQwQCSZL4Wm98FKdbVVw1Vq5txLcKNfxRBQrsy2MtcSa
[2026-04-10 20:30:06] [INFO] [DBG]   k[7] s=0 w=1 len=32 b58=3JNof8s453bwG5UqiXBLJc77NRQXezYYEBbk3fqnoKph
[2026-04-10 20:30:06] [INFO] [DBG]   k[8] s=0 w=0 len=32 b58=KLend2g3cP87fffoy8q1mQqGKjrxjC8boSyAYavgmjD
[2026-04-10 20:30:06] [INFO] [DBG]   k[9] s=0 w=0 len=32 b58=KLend2g3cP87fffoy8q1mQqGKjrxjC8boSyAYavgmjD
[2026-04-10 20:30:06] [INFO] [DBG]   k[10] s=0 w=0 len=32 b58=Sysvar1nstructions1111111111111111111111111
[2026-04-10 20:30:06] [INFO] [DBG]   k[11] s=0 w=0 len=32 b58=TokenkegQfeZyiNwAJbNbGKPFXCWuBvf9Ss623VQ5DA
[2026-04-10 20:30:06] [INFO] [DBG] ix[3] prog=ComputeB keys=0 dataLen=5 hex=02c0270900
[2026-04-10 20:30:06] [INFO] [DBG] ix[4] prog=ComputeB keys=0 dataLen=9 hex=030100000000000000
[2026-04-10 20:30:06] [INFO] [DBG] ix[5] prog=ATokenGP keys=6 dataLen=1 hex=01
[2026-04-10 20:30:06] [INFO] [DBG]   k[0] s=1 w=1 len=32 b58=ESzi3jyKV4EWi1TC36nRwLiHHDVTmzn9iCFTotToyhC3
[2026-04-10 20:30:06] [INFO] [DBG]   k[1] s=0 w=1 len=32 b58=8ChvMvALunCZrZnbr3Jwf4S8kEKYAqcMGL2C53MFgK87
[2026-04-10 20:30:06] [INFO] [DBG]   k[2] s=0 w=0 len=32 b58=ESzi3jyKV4EWi1TC36nRwLiHHDVTmzn9iCFTotToyhC3
[2026-04-10 20:30:06] [INFO] [DBG]   k[3] s=0 w=0 len=32 b58=DezXAZ8z7PnrnRJjz3wXBoRgixCa6xjnB7YaB1pPB263
[2026-04-10 20:30:06] [INFO] [DBG]   k[4] s=0 w=0 len=32 b58=11111111111111111111111111111111
[2026-04-10 20:30:06] [INFO] [DBG]   k[5] s=0 w=0 len=32 b58=TokenkegQfeZyiNwAJbNbGKPFXCWuBvf9Ss623VQ5DA
[2026-04-10 20:30:06] [INFO] [DBG] ix[6] prog=whirLbMi keys=11 dataLen=42 hex=f8c69e91e17587c800c817a80400000051f8cc1000170000513b01000100000000000000000000000101
[2026-04-10 20:30:06] [INFO] [DBG]   k[0] s=0 w=0 len=32 b58=TokenkegQfeZyiNwAJbNbGKPFXCWuBvf9Ss623VQ5DA
[2026-04-10 20:30:06] [INFO] [DBG]   k[1] s=1 w=0 len=32 b58=ESzi3jyKV4EWi1TC36nRwLiHHDVTmzn9iCFTotToyhC3
[2026-04-10 20:30:06] [INFO] [DBG]   k[2] s=0 w=1 len=32 b58=5zpyutJu9ee6jFymDGoK7F6S5Kczqtc9FomP3ueKuyA9
[2026-04-10 20:30:06] [INFO] [DBG]   k[3] s=0 w=1 len=32 b58=DQwQCSZL4Wm98FKdbVVw1Vq5txLcKNfxRBQrsy2MtcSa
[2026-04-10 20:30:06] [INFO] [DBG]   k[4] s=0 w=1 len=32 b58=ES7yhSrYeFo4U1PfJHNRkbfCWxCwPLk2DjrEbmN8bg58
[2026-04-10 20:30:06] [INFO] [DBG]   k[5] s=0 w=1 len=32 b58=8ChvMvALunCZrZnbr3Jwf4S8kEKYAqcMGL2C53MFgK87
[2026-04-10 20:30:06] [INFO] [DBG]   k[6] s=0 w=1 len=32 b58=4dmvFGeQH2eqa3ktNHMgm4wZ8vuTukBiK9M7gxW5oR9F
[2026-04-10 20:30:06] [INFO] [DBG]   k[7] s=0 w=1 len=32 b58=EJRTQoUhFocFL4fRwrhERF6wBL4RTZQrKe6dDuwrnRei
[2026-04-10 20:30:06] [INFO] [DBG]   k[8] s=0 w=1 len=32 b58=DTjFaPV7fLHGUQ7XoS2HqW9kUL2F41hAdTu89Hhsonni
[2026-04-10 20:30:06] [INFO] [DBG]   k[9] s=0 w=1 len=32 b58=A7xxBQk2BAEX3ewQrtDA28Mbf722nDmPVtb2UNu9gwCU
[2026-04-10 20:30:06] [INFO] [DBG]   k[10] s=0 w=0 len=32 b58=EXpqcVuTTPEmyeVu2LHM75ha7FwmjJ88MnhSMRRdy5Sh
[2026-04-10 20:30:06] [INFO] [DBG] ix[7] prog=CAMMCzo5 keys=12 dataLen=41 hex=f8c69e91e17587c83e698e4b8e1900000100000000000000af331ba8327fbb35b1c4feff0000000001
[2026-04-10 20:30:06] [INFO] [DBG]   k[0] s=1 w=1 len=32 b58=ESzi3jyKV4EWi1TC36nRwLiHHDVTmzn9iCFTotToyhC3
[2026-04-10 20:30:06] [INFO] [DBG]   k[1] s=0 w=0 len=32 b58=E64NGkDLLCdQ2yFNPcavaKptrEgmiQaNykUuLC1Qgwyp
[2026-04-10 20:30:06] [INFO] [DBG]   k[2] s=0 w=1 len=32 b58=GtKKKs3yaPdHbQd2aZS4SfWhy8zQ988BJGnKNndLxYsN
[2026-04-10 20:30:06] [INFO] [DBG]   k[3] s=0 w=1 len=32 b58=8ChvMvALunCZrZnbr3Jwf4S8kEKYAqcMGL2C53MFgK87
[2026-04-10 20:30:06] [INFO] [DBG]   k[4] s=0 w=1 len=32 b58=DQwQCSZL4Wm98FKdbVVw1Vq5txLcKNfxRBQrsy2MtcSa
[2026-04-10 20:30:06] [INFO] [DBG]   k[5] s=0 w=1 len=32 b58=2wzaFLYb4JcDrVs8TfU3TfkVwq1Pdp3rRgWdNJzFGXud
[2026-04-10 20:30:06] [INFO] [DBG]   k[6] s=0 w=1 len=32 b58=GDnBvA76ZAJ2K3en2F1iExPZ6qz83Xjj5srXMmSKTYDW
[2026-04-10 20:30:06] [INFO] [DBG]   k[7] s=0 w=1 len=32 b58=Gj8gzDNKmf5y3p1LorKHTvMZ8eCLhbCDnhGiN5xVW8Jq
[2026-04-10 20:30:06] [INFO] [DBG]   k[8] s=0 w=0 len=32 b58=TokenkegQfeZyiNwAJbNbGKPFXCWuBvf9Ss623VQ5DA
[2026-04-10 20:30:06] [INFO] [DBG]   k[9] s=0 w=1 len=32 b58=owcNVJ4MMfaDM9nZnFsAjona15P2msRdmGKBUya95LU
[2026-04-10 20:30:06] [INFO] [DBG]   k[10] s=0 w=1 len=32 b58=CSL5rYPRZbKwPBFzRtHmv7ofySJFUMmZiqcdxWLik6e7
[2026-04-10 20:30:06] [INFO] [DBG]   k[11] s=0 w=1 len=32 b58=5LqWtmz8iVFVZRVaPm3tgin6wcEEMMq3B5Bp3AYmAx3d
[2026-04-10 20:30:06] [INFO] [DBG] ix[8] prog=KLend2g3 keys=12 dataLen=17 hex=b97500cb60f5b4ba00c817a80400000002
[2026-04-10 20:30:06] [INFO] [DBG]   k[0] s=1 w=0 len=32 b58=ESzi3jyKV4EWi1TC36nRwLiHHDVTmzn9iCFTotToyhC3
[2026-04-10 20:30:06] [INFO] [DBG]   k[1] s=0 w=0 len=32 b58=9DrvZvyWh1HuAoZxvYWMvkf2XCzryCpGgHqrMjyDWpmo
[2026-04-10 20:30:06] [INFO] [DBG]   k[2] s=0 w=0 len=32 b58=7u3HeHxYDLhnCoErrtycNokbQYbWGzLs6JSDqGAv5PfF
[2026-04-10 20:30:06] [INFO] [DBG]   k[3] s=0 w=1 len=32 b58=d4A2prbA2whesmvHaL88BH6Ewn5N4bTSU2Ze8P6Bc4Q
[2026-04-10 20:30:06] [INFO] [DBG]   k[4] s=0 w=0 len=32 b58=So11111111111111111111111111111111111111112
[2026-04-10 20:30:06] [INFO] [DBG]   k[5] s=0 w=1 len=32 b58=GafNuUXj9rxGLn4y79dPu6MHSuPWeJR6UtTWuexpGh3U
[2026-04-10 20:30:06] [INFO] [DBG]   k[6] s=0 w=1 len=32 b58=DQwQCSZL4Wm98FKdbVVw1Vq5txLcKNfxRBQrsy2MtcSa
[2026-04-10 20:30:06] [INFO] [DBG]   k[7] s=0 w=1 len=32 b58=3JNof8s453bwG5UqiXBLJc77NRQXezYYEBbk3fqnoKph
[2026-04-10 20:30:06] [INFO] [DBG]   k[8] s=0 w=0 len=32 b58=KLend2g3cP87fffoy8q1mQqGKjrxjC8boSyAYavgmjD
[2026-04-10 20:30:06] [INFO] [DBG]   k[9] s=0 w=0 len=32 b58=KLend2g3cP87fffoy8q1mQqGKjrxjC8boSyAYavgmjD
[2026-04-10 20:30:06] [INFO] [DBG]   k[10] s=0 w=0 len=32 b58=Sysvar1nstructions1111111111111111111111111
[2026-04-10 20:30:06] [INFO] [DBG]   k[11] s=0 w=0 len=32 b58=TokenkegQfeZyiNwAJbNbGKPFXCWuBvf9Ss623VQ5DA
[2026-04-10 20:30:06] [INFO] [DBG] ix[9] prog=Tokenkeg keys=3 dataLen=1 hex=09
[2026-04-10 20:30:06] [INFO] [DBG]   k[0] s=0 w=1 len=32 b58=DQwQCSZL4Wm98FKdbVVw1Vq5txLcKNfxRBQrsy2MtcSa
[2026-04-10 20:30:06] [INFO] [DBG]   k[1] s=0 w=1 len=32 b58=ESzi3jyKV4EWi1TC36nRwLiHHDVTmzn9iCFTotToyhC3
[2026-04-10 20:30:06] [INFO] [DBG]   k[2] s=1 w=0 len=32 b58=ESzi3jyKV4EWi1TC36nRwLiHHDVTmzn9iCFTotToyhC3
[2026-04-10 20:30:06] [INFO] [LocalExec] Tx size: 907 bytes | 10 instructions
[2026-04-10 20:30:06] [INFO] [LocalExec] Jito accepted via frankfurt
[2026-04-10 20:30:06] [INFO] [LAT] gate=3ms build=151ms sign=29ms submit=26ms TOTAL=209ms
[2026-04-10 20:30:06] [INFO] [LocalExec] ✅ Tx submitted: 3HpZt57wFyd7272epDdvLRWQ5px5TNXutQDxcvM9ZEfdDzuVu3ZkazZhpawm8zpmSg8xdnjCRTb34qvswUoF4b2j
[2026-04-10 20:30:06] [INFO] [LocalExec] Jito accepted via amsterdam
[2026-04-10 20:30:06] [INFO] [LocalExec] Jito accepted via mainnet
[2026-04-10 20:30:06] [INFO] [XDEX] SOL/BONK | spread: 0.1801% | fees: 0.0600% | PROFITABLE | hi: Orca (14151023.701984) 5zpyutJu9ee6jFymDGoK7F6S5Kczqtc9FomP3ueKuyA9 | lo: Raydium CLMM (14125586.414236) GtKKKs3yaPdHbQd2aZS4SfWhy8zQ988BJGnKNndLxYsN
[2026-04-10 20:30:06] [WARN] [LocalExec] ⚠️  computeSwap BYPASSED — pipeline test mode | gross local: -229.5809 USD
[2026-04-10 20:30:06] [INFO] 🎯 LOCAL EXEC — SOL/BONK | spread: 0.180% | loan: 40.0 SOL | profit: ~$-229.5809 | buy: Orca@5zpyutJu → sell: Raydium CLMM@GtKKKs3y
[2026-04-10 20:30:06] [INFO] [LocalExec] Jito tip: 50000 lamports (~$0.0043)
[2026-04-10 20:30:06] [INFO] [LocalExec] borrowIxIndex dynamically set to 2
[2026-04-10 20:30:06] [INFO] [DBG] innerIxs.length=10
[2026-04-10 20:30:06] [INFO] [DBG] ix[0] prog=11111111 keys=2 dataLen=12 hex=0200000050c3000000000000
[2026-04-10 20:30:06] [INFO] [DBG]   k[0] s=1 w=1 len=32 b58=ESzi3jyKV4EWi1TC36nRwLiHHDVTmzn9iCFTotToyhC3
[2026-04-10 20:30:06] [INFO] [DBG]   k[1] s=0 w=1 len=32 b58=DfXygSm4jCyNCybVYYK6DwvWqjKee8pbDmJGcLWNDXjh
[2026-04-10 20:30:06] [INFO] [DBG] ix[1] prog=ATokenGP keys=6 dataLen=1 hex=01
[2026-04-10 20:30:06] [INFO] [DBG]   k[0] s=1 w=1 len=32 b58=ESzi3jyKV4EWi1TC36nRwLiHHDVTmzn9iCFTotToyhC3
[2026-04-10 20:30:06] [INFO] [DBG]   k[1] s=0 w=1 len=32 b58=DQwQCSZL4Wm98FKdbVVw1Vq5txLcKNfxRBQrsy2MtcSa
[2026-04-10 20:30:06] [INFO] [DBG]   k[2] s=0 w=0 len=32 b58=ESzi3jyKV4EWi1TC36nRwLiHHDVTmzn9iCFTotToyhC3
[2026-04-10 20:30:06] [INFO] [DBG]   k[3] s=0 w=0 len=32 b58=So11111111111111111111111111111111111111112
[2026-04-10 20:30:06] [INFO] [DBG]   k[4] s=0 w=0 len=32 b58=11111111111111111111111111111111
[2026-04-10 20:30:06] [INFO] [DBG]   k[5] s=0 w=0 len=32 b58=TokenkegQfeZyiNwAJbNbGKPFXCWuBvf9Ss623VQ5DA
[2026-04-10 20:30:06] [INFO] [DBG] ix[2] prog=KLend2g3 keys=12 dataLen=16 hex=87e734a70734d4c100902f5009000000
[2026-04-10 20:30:06] [INFO] [DBG]   k[0] s=1 w=0 len=32 b58=ESzi3jyKV4EWi1TC36nRwLiHHDVTmzn9iCFTotToyhC3
[2026-04-10 20:30:06] [INFO] [DBG]   k[1] s=0 w=0 len=32 b58=9DrvZvyWh1HuAoZxvYWMvkf2XCzryCpGgHqrMjyDWpmo
[2026-04-10 20:30:06] [INFO] [DBG]   k[2] s=0 w=0 len=32 b58=7u3HeHxYDLhnCoErrtycNokbQYbWGzLs6JSDqGAv5PfF
[2026-04-10 20:30:06] [INFO] [DBG]   k[3] s=0 w=1 len=32 b58=d4A2prbA2whesmvHaL88BH6Ewn5N4bTSU2Ze8P6Bc4Q
[2026-04-10 20:30:06] [INFO] [DBG]   k[4] s=0 w=0 len=32 b58=So11111111111111111111111111111111111111112
[2026-04-10 20:30:06] [INFO] [DBG]   k[5] s=0 w=1 len=32 b58=GafNuUXj9rxGLn4y79dPu6MHSuPWeJR6UtTWuexpGh3U
[2026-04-10 20:30:06] [INFO] [DBG]   k[6] s=0 w=1 len=32 b58=DQwQCSZL4Wm98FKdbVVw1Vq5txLcKNfxRBQrsy2MtcSa
[2026-04-10 20:30:06] [INFO] [DBG]   k[7] s=0 w=1 len=32 b58=3JNof8s453bwG5UqiXBLJc77NRQXezYYEBbk3fqnoKph
[2026-04-10 20:30:06] [INFO] [DBG]   k[8] s=0 w=0 len=32 b58=KLend2g3cP87fffoy8q1mQqGKjrxjC8boSyAYavgmjD
[2026-04-10 20:30:06] [INFO] [DBG]   k[9] s=0 w=0 len=32 b58=KLend2g3cP87fffoy8q1mQqGKjrxjC8boSyAYavgmjD
[2026-04-10 20:30:06] [INFO] [DBG]   k[10] s=0 w=0 len=32 b58=Sysvar1nstructions1111111111111111111111111
[2026-04-10 20:30:06] [INFO] [DBG]   k[11] s=0 w=0 len=32 b58=TokenkegQfeZyiNwAJbNbGKPFXCWuBvf9Ss623VQ5DA
[2026-04-10 20:30:06] [INFO] [DBG] ix[3] prog=ComputeB keys=0 dataLen=5 hex=02c0270900
[2026-04-10 20:30:06] [INFO] [DBG] ix[4] prog=ComputeB keys=0 dataLen=9 hex=030100000000000000
[2026-04-10 20:30:06] [INFO] [DBG] ix[5] prog=ATokenGP keys=6 dataLen=1 hex=01
[2026-04-10 20:30:06] [INFO] [DBG]   k[0] s=1 w=1 len=32 b58=ESzi3jyKV4EWi1TC36nRwLiHHDVTmzn9iCFTotToyhC3
[2026-04-10 20:30:06] [INFO] [DBG]   k[1] s=0 w=1 len=32 b58=8ChvMvALunCZrZnbr3Jwf4S8kEKYAqcMGL2C53MFgK87
[2026-04-10 20:30:06] [INFO] [DBG]   k[2] s=0 w=0 len=32 b58=ESzi3jyKV4EWi1TC36nRwLiHHDVTmzn9iCFTotToyhC3
[2026-04-10 20:30:06] [INFO] [DBG]   k[3] s=0 w=0 len=32 b58=DezXAZ8z7PnrnRJjz3wXBoRgixCa6xjnB7YaB1pPB263
[2026-04-10 20:30:06] [INFO] [DBG]   k[4] s=0 w=0 len=32 b58=11111111111111111111111111111111
[2026-04-10 20:30:06] [INFO] [DBG]   k[5] s=0 w=0 len=32 b58=TokenkegQfeZyiNwAJbNbGKPFXCWuBvf9Ss623VQ5DA
[2026-04-10 20:30:06] [INFO] [DBG] ix[6] prog=whirLbMi keys=11 dataLen=42 hex=f8c69e91e17587c800902f5009000000f4f433feb12d0000513b01000100000000000000000000000101
[2026-04-10 20:30:06] [INFO] [DBG]   k[0] s=0 w=0 len=32 b58=TokenkegQfeZyiNwAJbNbGKPFXCWuBvf9Ss623VQ5DA
[2026-04-10 20:30:06] [INFO] [DBG]   k[1] s=1 w=0 len=32 b58=ESzi3jyKV4EWi1TC36nRwLiHHDVTmzn9iCFTotToyhC3
[2026-04-10 20:30:06] [INFO] [DBG]   k[2] s=0 w=1 len=32 b58=5zpyutJu9ee6jFymDGoK7F6S5Kczqtc9FomP3ueKuyA9
[2026-04-10 20:30:06] [INFO] [DBG]   k[3] s=0 w=1 len=32 b58=DQwQCSZL4Wm98FKdbVVw1Vq5txLcKNfxRBQrsy2MtcSa
[2026-04-10 20:30:06] [INFO] [DBG]   k[4] s=0 w=1 len=32 b58=ES7yhSrYeFo4U1PfJHNRkbfCWxCwPLk2DjrEbmN8bg58
[2026-04-10 20:30:06] [INFO] [DBG]   k[5] s=0 w=1 len=32 b58=8ChvMvALunCZrZnbr3Jwf4S8kEKYAqcMGL2C53MFgK87
[2026-04-10 20:30:06] [INFO] [DBG]   k[6] s=0 w=1 len=32 b58=4dmvFGeQH2eqa3ktNHMgm4wZ8vuTukBiK9M7gxW5oR9F
[2026-04-10 20:30:06] [INFO] [DBG]   k[7] s=0 w=1 len=32 b58=EJRTQoUhFocFL4fRwrhERF6wBL4RTZQrKe6dDuwrnRei
[2026-04-10 20:30:06] [INFO] [DBG]   k[8] s=0 w=1 len=32 b58=DTjFaPV7fLHGUQ7XoS2HqW9kUL2F41hAdTu89Hhsonni
[2026-04-10 20:30:06] [INFO] [DBG]   k[9] s=0 w=1 len=32 b58=A7xxBQk2BAEX3ewQrtDA28Mbf722nDmPVtb2UNu9gwCU
[2026-04-10 20:30:06] [INFO] [DBG]   k[10] s=0 w=0 len=32 b58=EXpqcVuTTPEmyeVu2LHM75ha7FwmjJ88MnhSMRRdy5Sh
[2026-04-10 20:30:06] [INFO] [DBG] ix[7] prog=CAMMCzo5 keys=12 dataLen=41 hex=f8c69e91e17587c810491dc5c53200000100000000000000af331ba8327fbb35b1c4feff0000000001
[2026-04-10 20:30:06] [INFO] [DBG]   k[0] s=1 w=1 len=32 b58=ESzi3jyKV4EWi1TC36nRwLiHHDVTmzn9iCFTotToyhC3
[2026-04-10 20:30:06] [INFO] [DBG]   k[1] s=0 w=0 len=32 b58=E64NGkDLLCdQ2yFNPcavaKptrEgmiQaNykUuLC1Qgwyp
[2026-04-10 20:30:06] [INFO] [DBG]   k[2] s=0 w=1 len=32 b58=GtKKKs3yaPdHbQd2aZS4SfWhy8zQ988BJGnKNndLxYsN
[2026-04-10 20:30:06] [INFO] [DBG]   k[3] s=0 w=1 len=32 b58=8ChvMvALunCZrZnbr3Jwf4S8kEKYAqcMGL2C53MFgK87
[2026-04-10 20:30:06] [INFO] [DBG]   k[4] s=0 w=1 len=32 b58=DQwQCSZL4Wm98FKdbVVw1Vq5txLcKNfxRBQrsy2MtcSa
[2026-04-10 20:30:06] [INFO] [DBG]   k[5] s=0 w=1 len=32 b58=2wzaFLYb4JcDrVs8TfU3TfkVwq1Pdp3rRgWdNJzFGXud
[2026-04-10 20:30:06] [INFO] [DBG]   k[6] s=0 w=1 len=32 b58=GDnBvA76ZAJ2K3en2F1iExPZ6qz83Xjj5srXMmSKTYDW
[2026-04-10 20:30:06] [INFO] [DBG]   k[7] s=0 w=1 len=32 b58=Gj8gzDNKmf5y3p1LorKHTvMZ8eCLhbCDnhGiN5xVW8Jq
[2026-04-10 20:30:06] [INFO] [DBG]   k[8] s=0 w=0 len=32 b58=TokenkegQfeZyiNwAJbNbGKPFXCWuBvf9Ss623VQ5DA
[2026-04-10 20:30:06] [INFO] [DBG]   k[9] s=0 w=1 len=32 b58=owcNVJ4MMfaDM9nZnFsAjona15P2msRdmGKBUya95LU
[2026-04-10 20:30:06] [INFO] [DBG]   k[10] s=0 w=1 len=32 b58=CSL5rYPRZbKwPBFzRtHmv7ofySJFUMmZiqcdxWLik6e7
[2026-04-10 20:30:06] [INFO] [DBG]   k[11] s=0 w=1 len=32 b58=5LqWtmz8iVFVZRVaPm3tgin6wcEEMMq3B5Bp3AYmAx3d
[2026-04-10 20:30:06] [INFO] [DBG] ix[8] prog=KLend2g3 keys=12 dataLen=17 hex=b97500cb60f5b4ba00902f500900000002
[2026-04-10 20:30:06] [INFO] [DBG]   k[0] s=1 w=0 len=32 b58=ESzi3jyKV4EWi1TC36nRwLiHHDVTmzn9iCFTotToyhC3
[2026-04-10 20:30:06] [INFO] [DBG]   k[1] s=0 w=0 len=32 b58=9DrvZvyWh1HuAoZxvYWMvkf2XCzryCpGgHqrMjyDWpmo
[2026-04-10 20:30:06] [INFO] [DBG]   k[2] s=0 w=0 len=32 b58=7u3HeHxYDLhnCoErrtycNokbQYbWGzLs6JSDqGAv5PfF
[2026-04-10 20:30:06] [INFO] [DBG]   k[3] s=0 w=1 len=32 b58=d4A2prbA2whesmvHaL88BH6Ewn5N4bTSU2Ze8P6Bc4Q
[2026-04-10 20:30:06] [INFO] [DBG]   k[4] s=0 w=0 len=32 b58=So11111111111111111111111111111111111111112
[2026-04-10 20:30:06] [INFO] [DBG]   k[5] s=0 w=1 len=32 b58=GafNuUXj9rxGLn4y79dPu6MHSuPWeJR6UtTWuexpGh3U
[2026-04-10 20:30:06] [INFO] [DBG]   k[6] s=0 w=1 len=32 b58=DQwQCSZL4Wm98FKdbVVw1Vq5txLcKNfxRBQrsy2MtcSa
[2026-04-10 20:30:06] [INFO] [DBG]   k[7] s=0 w=1 len=32 b58=3JNof8s453bwG5UqiXBLJc77NRQXezYYEBbk3fqnoKph
[2026-04-10 20:30:06] [INFO] [DBG]   k[8] s=0 w=0 len=32 b58=KLend2g3cP87fffoy8q1mQqGKjrxjC8boSyAYavgmjD
[2026-04-10 20:30:06] [INFO] [DBG]   k[9] s=0 w=0 len=32 b58=KLend2g3cP87fffoy8q1mQqGKjrxjC8boSyAYavgmjD
[2026-04-10 20:30:06] [INFO] [DBG]   k[10] s=0 w=0 len=32 b58=Sysvar1nstructions1111111111111111111111111
[2026-04-10 20:30:06] [INFO] [DBG]   k[11] s=0 w=0 len=32 b58=TokenkegQfeZyiNwAJbNbGKPFXCWuBvf9Ss623VQ5DA
[2026-04-10 20:30:06] [INFO] [DBG] ix[9] prog=Tokenkeg keys=3 dataLen=1 hex=09
[2026-04-10 20:30:06] [INFO] [DBG]   k[0] s=0 w=1 len=32 b58=DQwQCSZL4Wm98FKdbVVw1Vq5txLcKNfxRBQrsy2MtcSa
[2026-04-10 20:30:06] [INFO] [DBG]   k[1] s=0 w=1 len=32 b58=ESzi3jyKV4EWi1TC36nRwLiHHDVTmzn9iCFTotToyhC3
[2026-04-10 20:30:06] [INFO] [DBG]   k[2] s=1 w=0 len=32 b58=ESzi3jyKV4EWi1TC36nRwLiHHDVTmzn9iCFTotToyhC3
[2026-04-10 20:30:06] [INFO] [LocalExec] Tx size: 907 bytes | 10 instructions
[2026-04-10 20:30:06] [INFO] [LocalExec] Jito accepted via amsterdam
[2026-04-10 20:30:06] [INFO] [LAT] gate=1ms build=109ms sign=16ms submit=22ms TOTAL=148ms
[2026-04-10 20:30:06] [INFO] [LocalExec] ✅ Tx submitted: 44ZifN5B6XV5JZUKJJ8msFHWJD1hXvdtsqnJjaL9F5G36ejavddEAvfTZRiroAJKKXXKQ1cikZ9gnM85vsMhUFya
[2026-04-10 20:30:06] [INFO] [LocalExec] Jito accepted via frankfurt
[2026-04-10 20:30:06] [INFO] [LocalExec] Jito accepted via mainnet
[2026-04-10 20:30:07] [ERROR] Unhandled rejection: Error: 429 Too Many Requests: {"jsonrpc":"2.0","error":{"code":-32429,"message":"rate limited"}}
[2026-04-10 20:30:10] [ERROR] [Executor] Tx failed on-chain: {"InstructionError":[7,{"Custom":3007}]}
[2026-04-10 20:30:10] [INFO] 
SIGINT received — shutting down...
[2026-04-10 20:30:10] [INFO] 📊 STATS | Slots: 78 | Detected: 12 | Attempted: 12 | Sent: 10 | Success: 0 | Profit: ~$0.00
[2026-04-10 20:30:10] [INFO] [PoolWatcher] All subscriptions removed
[2026-04-13 11:23:02] [INFO] ════════════════════════════════════════════════════════════
[2026-04-13 11:23:02] [INFO]   🤖 SOLANA FLASHLOAN ARB BOT — STARTING
[2026-04-13 11:23:02] [INFO] ════════════════════════════════════════════════════════════
[2026-04-13 11:23:02] [INFO] ✅ Discord alerts enabled
[2026-04-13 11:23:02] [INFO] ✅ Discord tx-log channel enabled
[2026-04-13 11:23:02] [INFO] ✅ Connected to primary RPC (mainnet.helius-rpc.com)
[2026-04-13 11:23:03] [INFO] Wallet:          ESzi3jyKV4EWi1TC36nRwLiHHDVTmzn9iCFTotToyhC3
[2026-04-13 11:23:03] [INFO] SOL Balance:     0.1822 SOL
[2026-04-13 11:23:03] [INFO] [Scanner] Loaded 5 pairs from pairs.json
[2026-04-13 11:23:03] [INFO] [Executor] Initializing MarginFi flashloan client...
[2026-04-13 11:23:03] [INFO] [Executor] 429 circuit breaker installed on MarginFi connection
[2026-04-13 11:23:03] [INFO] [Price] Seeded SOL/USD = $81.91
[2026-04-13 11:23:03] [INFO] [Executor] MarginFi loaded. Banks: 1
[2026-04-13 11:23:03] [INFO] [Price] ✅ Binance WS connected — SOL/USD updating in real-time
[2026-04-13 11:23:03] [INFO] [Executor] Loaded saved MarginFi account: 9H89EXD35fcEHV5Sj3c1662GWZzLrPZ89zm2EMFyP9n8
[2026-04-13 11:23:03] [INFO] [Executor] MarginFi account: 9H89EXD35fcEHV5Sj3c1662GWZzLrPZ89zm2EMFyP9n8
[2026-04-13 11:23:03] [INFO] [Executor] ✅ Flash loan ready (all MarginFi accounts support flashloans)
[2026-04-13 11:23:03] [INFO] [Executor] MFI account overrides cached (group: 4qp6Fx6t...)
[2026-04-13 11:23:03] [INFO] [Executor] MFI instruction templates cached ✅
[2026-04-13 11:23:03] [INFO] [Executor] Initializing Kamino flashloan templates...
[2026-04-13 11:23:04] [INFO] [Executor] Kamino flashloan templates cached ✅ (wsolAta: DQwQCSZL...)
[2026-04-13 11:23:04] [INFO] [Executor] Blockhash cache started (refresh every 200ms) ✅
[2026-04-13 11:23:04] [INFO] 
[2026-04-13 11:23:04] [INFO] Active pairs (5):
[2026-04-13 11:23:04] [INFO]   1. SOL/USDT [anchor]
[2026-04-13 11:23:04] [INFO]   2. SOL/USDC
[2026-04-13 11:23:04] [INFO]   3. SOL/BONK
[2026-04-13 11:23:04] [INFO]   4. SOL/WIF
[2026-04-13 11:23:04] [INFO]   5. SOL/FARTCOIN
[2026-04-13 11:23:04] [INFO] 
[2026-04-13 11:23:04] [INFO] [Scheduler] Next update in 13 day(s) on 26/4/2026
[2026-04-13 11:23:04] [INFO] 
[2026-04-13 11:23:04] [INFO] Trigger:         WebSocket pool subscriptions (~50-100ms) + slot fallback every 62 slots
[2026-04-13 11:23:04] [INFO] Flashloan size:  1–100 SOL (dynamic)
[2026-04-13 11:23:04] [INFO] Min profit:      $0.05
[2026-04-13 11:23:04] [INFO] 
[2026-04-13 11:23:04] [INFO] [PoolWatcher] Fetching pool addresses (Orca + Raydium + Meteora)...
[2026-04-13 11:23:11] [INFO] [PoolWatcher] ✅ 43 subscriptions — Orca:30 | Raydium CLMM:5 | Raydium AMM:5 | Meteora:3
[2026-04-13 11:23:11] [INFO] [PoolWatcher]   SOL/USDT → 8 subs (Orca:6 Raydium CLMM:1 Raydium AMM:1)
[2026-04-13 11:23:11] [INFO] [PoolWatcher]   SOL/USDC → 8 subs (Orca:6 Raydium CLMM:1 Raydium AMM:1)
[2026-04-13 11:23:11] [INFO] [PoolWatcher]   SOL/BONK → 9 subs (Orca:6 Raydium CLMM:1 Raydium AMM:1 Meteora:1)
[2026-04-13 11:23:11] [INFO] [PoolWatcher]   SOL/WIF → 9 subs (Orca:6 Raydium CLMM:1 Raydium AMM:1 Meteora:1)
[2026-04-13 11:23:11] [INFO] [PoolWatcher]   SOL/FARTCOIN → 9 subs (Orca:6 Raydium CLMM:1 Raydium AMM:1 Meteora:1)
[2026-04-13 11:23:11] [INFO] [LocalPools] Registered 38 pools (Orca + Raydium CLMM + Meteora) for local math
[2026-04-13 11:23:11] [INFO] [LocalPools] Seeding pool cache with initial RPC data...
[2026-04-13 11:23:11] [INFO] [LocalPools] Seeded 33 pools in cache
[2026-04-13 11:23:11] [INFO] [Scheduler] Monthly pair updater scheduled ✅
[2026-04-13 11:23:11] [INFO] ✅ Bot is live. Press Ctrl+C to stop.

[2026-04-13 11:23:47] [INFO] [XDEX] SOL/BONK | spread: 0.0734% | fees: 0.3000% | PROFITABLE | hi: Orca (14575106.221060) 5zpyutJu9ee6jFymDGoK7F6S5Kczqtc9FomP3ueKuyA9 | lo: Raydium CLMM (14564409.058191) GtKKKs3yaPdHbQd2aZS4SfWhy8zQ988BJGnKNndLxYsN
[2026-04-13 11:23:47] [WARN] [LocalExec] ⚠️  computeSwap BYPASSED — pipeline test mode | gross local: -231.6148 USD
[2026-04-13 11:23:47] [INFO] 🎯 LOCAL EXEC — SOL/BONK | spread: 0.073% | loan: 40.0 SOL | profit: ~$-231.6148 | buy: Orca@5zpyutJu → sell: Raydium CLMM@GtKKKs3y
[2026-04-13 11:23:47] [INFO] [LocalExec] Refreshed Raydium pool state for GtKKKs3y
[2026-04-13 11:23:47] [INFO] [LocalExec] Jito tip: 50000 lamports (~$0.0041)
[2026-04-13 11:23:47] [INFO] [LocalExec] borrowIxIndex dynamically set to 2
[2026-04-13 11:23:47] [INFO] [LocalExec] Tx size: 907 bytes | 10 instructions
[2026-04-13 11:23:47] [INFO] [LocalExec] Jito accepted via mainnet
[2026-04-13 11:23:47] [INFO] [LAT] gate=9ms build=129ms sign=27ms submit=36ms TOTAL=201ms
[2026-04-13 11:23:47] [INFO] [LocalExec] ✅ Tx submitted: 27nup5AeWHPwJWmUAaM94osQ9GuAusYe87HCj1SL3pjxcdsCmhX1mcAL4u5BBRQj9ZbRPnmccovnVi8NTSH3YcuP
[2026-04-13 11:23:47] [INFO] [LocalExec] Jito accepted via frankfurt
[2026-04-13 11:23:48] [INFO] [LocalExec] Jito accepted via amsterdam
[2026-04-13 11:24:01] [ERROR] [Executor] Tx failed on-chain: {"InstructionError":[7,{"Custom":3007}]}
[2026-04-13 11:24:04] [INFO] [XDEX] SOL/BONK | spread: 0.0734% | fees: 0.3000% | PROFITABLE | hi: Orca (14575106.221060) 5zpyutJu9ee6jFymDGoK7F6S5Kczqtc9FomP3ueKuyA9 | lo: Raydium CLMM (14564409.058191) GtKKKs3yaPdHbQd2aZS4SfWhy8zQ988BJGnKNndLxYsN
[2026-04-13 11:24:04] [WARN] [LocalExec] ⚠️  computeSwap BYPASSED — pipeline test mode | gross local: -231.6431 USD
[2026-04-13 11:24:04] [INFO] 🎯 LOCAL EXEC — SOL/BONK | spread: 0.073% | loan: 40.0 SOL | profit: ~$-231.6431 | buy: Orca@5zpyutJu → sell: Raydium CLMM@GtKKKs3y
[2026-04-13 11:24:04] [INFO] [LocalExec] Refreshed Raydium pool state for GtKKKs3y
[2026-04-13 11:24:04] [INFO] [LocalExec] Jito tip: 50000 lamports (~$0.0041)
[2026-04-13 11:24:04] [INFO] [LocalExec] borrowIxIndex dynamically set to 2
[2026-04-13 11:24:04] [INFO] [LocalExec] Tx size: 907 bytes | 10 instructions
[2026-04-13 11:24:04] [INFO] [LocalExec] Jito accepted via mainnet
[2026-04-13 11:24:04] [INFO] [LAT] gate=1ms build=103ms sign=7ms submit=27ms TOTAL=138ms
[2026-04-13 11:24:04] [INFO] [LocalExec] ✅ Tx submitted: 2Ka13HgNUXEeDGHwKfFDun8sLTDwtAVP3xHrjiTA2w3u565FNVMrQdrd6w2XrGFJxfmQQX7XFXs9RZUZSFkTmr8j
[2026-04-13 11:24:04] [INFO] [LocalExec] Jito accepted via frankfurt
[2026-04-13 11:24:04] [INFO] [LocalExec] Jito accepted via amsterdam
[2026-04-13 11:24:08] [INFO] [XDEX] SOL/BONK | spread: 0.0734% | fees: 0.3000% | PROFITABLE | hi: Orca (14575106.221060) 5zpyutJu9ee6jFymDGoK7F6S5Kczqtc9FomP3ueKuyA9 | lo: Raydium CLMM (14564409.058191) GtKKKs3yaPdHbQd2aZS4SfWhy8zQ988BJGnKNndLxYsN
[2026-04-13 11:24:08] [WARN] [LocalExec] ⚠️  computeSwap BYPASSED — pipeline test mode | gross local: -231.6148 USD
[2026-04-13 11:24:08] [INFO] 🎯 LOCAL EXEC — SOL/BONK | spread: 0.073% | loan: 40.0 SOL | profit: ~$-231.6148 | buy: Orca@5zpyutJu → sell: Raydium CLMM@GtKKKs3y
[2026-04-13 11:24:08] [INFO] [LocalExec] Refreshed Raydium pool state for GtKKKs3y
[2026-04-13 11:24:08] [INFO] [LocalExec] Jito tip: 50000 lamports (~$0.0041)
[2026-04-13 11:24:08] [INFO] [LocalExec] borrowIxIndex dynamically set to 2
[2026-04-13 11:24:08] [INFO] [LocalExec] Tx size: 907 bytes | 10 instructions
[2026-04-13 11:24:08] [INFO] [LocalExec] Jito accepted via mainnet
[2026-04-13 11:24:08] [INFO] [LAT] gate=1ms build=81ms sign=10ms submit=18ms TOTAL=110ms
[2026-04-13 11:24:08] [INFO] [LocalExec] ✅ Tx submitted: 2cHuVw1UVRPfXPksatFua7hBPJAy2nMHovAWfsLD8pFbjhmzS8QjcxTfs6yq7tUWvZdfSYWddXDLEuEY6B3br6FV
[2026-04-13 11:24:08] [INFO] [LocalExec] Jito accepted via frankfurt
[2026-04-13 11:24:08] [INFO] [LocalExec] Jito accepted via amsterdam
[2026-04-13 11:24:14] [INFO] [XDEX] SOL/BONK | spread: 0.0734% | fees: 0.3000% | PROFITABLE | hi: Orca (14575106.221060) 5zpyutJu9ee6jFymDGoK7F6S5Kczqtc9FomP3ueKuyA9 | lo: Raydium CLMM (14564409.058191) GtKKKs3yaPdHbQd2aZS4SfWhy8zQ988BJGnKNndLxYsN
[2026-04-13 11:24:14] [WARN] [LocalExec] ⚠️  computeSwap BYPASSED — pipeline test mode | gross local: -231.6148 USD
[2026-04-13 11:24:14] [INFO] 🎯 LOCAL EXEC — SOL/BONK | spread: 0.073% | loan: 40.0 SOL | profit: ~$-231.6148 | buy: Orca@5zpyutJu → sell: Raydium CLMM@GtKKKs3y
[2026-04-13 11:24:14] [ERROR] [LocalExec] Error: failed to get info about account GtKKKs3yaPdHbQd2aZS4SfWhy8zQ988BJGnKNndLxYsN: Error: 429 Too Many Requests: {"jsonrpc":"2.0","error":{"code":-32429,"message":"rate limited"}}
[2026-04-13 11:24:14] [ERROR] [LocalExec] Stack: Error: failed to get info about account GtKKKs3yaPdHbQd2aZS4SfWhy8zQ988BJGnKNndLxYsN: Error: 429 Too Many Requests: {"jsonrpc":"2.0","error":{"code":-32429,"message":"rate limited"}}
    at Connection.getAccountInfo (/home/mohitsingh_pop1/ARB-BOT/node_modules/@solana/web3.js/lib/index.cjs.js:6368:13)
    at process.processTicksAndRejections (node:internal/process/task_queues:95:5)
    at async Executor.executeLocal (/home/mohitsingh_pop1/ARB-BOT/src/executor.js:1154:35)
    at async wsCallback (/home/mohitsingh_pop1/ARB-BOT/src/bot.js:298:44)
[2026-04-13 11:24:14] [WARN] [LocalExec] ⚠️  computeSwap BYPASSED — pipeline test mode | gross local: -61.7503 USD
[2026-04-13 11:24:14] [INFO] 🎯 LOCAL EXEC — SOL/BONK | spread: 0.073% | loan: 20.0 SOL | profit: ~$-61.7503 | buy: Orca@5zpyutJu → sell: Raydium CLMM@GtKKKs3y
[2026-04-13 11:24:14] [ERROR] [LocalExec] Error: failed to get info about account GtKKKs3yaPdHbQd2aZS4SfWhy8zQ988BJGnKNndLxYsN: Error: 429 Too Many Requests: {"jsonrpc":"2.0","error":{"code":-32429,"message":"rate limited"}}
[2026-04-13 11:24:14] [ERROR] [LocalExec] Stack: Error: failed to get info about account GtKKKs3yaPdHbQd2aZS4SfWhy8zQ988BJGnKNndLxYsN: Error: 429 Too Many Requests: {"jsonrpc":"2.0","error":{"code":-32429,"message":"rate limited"}}
    at Connection.getAccountInfo (/home/mohitsingh_pop1/ARB-BOT/node_modules/@solana/web3.js/lib/index.cjs.js:6368:13)
    at process.processTicksAndRejections (node:internal/process/task_queues:95:5)
    at async Executor.executeLocal (/home/mohitsingh_pop1/ARB-BOT/src/executor.js:1154:35)
    at async wsCallback (/home/mohitsingh_pop1/ARB-BOT/src/bot.js:298:44)
[2026-04-13 11:24:14] [WARN] [LocalExec] ⚠️  computeSwap BYPASSED — pipeline test mode | gross local: -16.6281 USD
[2026-04-13 11:24:14] [INFO] 🎯 LOCAL EXEC — SOL/BONK | spread: 0.073% | loan: 10.0 SOL | profit: ~$-16.6281 | buy: Orca@5zpyutJu → sell: Raydium CLMM@GtKKKs3y
[2026-04-13 11:24:14] [ERROR] [LocalExec] Error: failed to get info about account GtKKKs3yaPdHbQd2aZS4SfWhy8zQ988BJGnKNndLxYsN: Error: 429 Too Many Requests: {"jsonrpc":"2.0","error":{"code":-32429,"message":"rate limited"}}
[2026-04-13 11:24:14] [ERROR] [LocalExec] Stack: Error: failed to get info about account GtKKKs3yaPdHbQd2aZS4SfWhy8zQ988BJGnKNndLxYsN: Error: 429 Too Many Requests: {"jsonrpc":"2.0","error":{"code":-32429,"message":"rate limited"}}
    at Connection.getAccountInfo (/home/mohitsingh_pop1/ARB-BOT/node_modules/@solana/web3.js/lib/index.cjs.js:6368:13)
    at process.processTicksAndRejections (node:internal/process/task_queues:95:5)
    at async Executor.executeLocal (/home/mohitsingh_pop1/ARB-BOT/src/executor.js:1154:35)
    at async wsCallback (/home/mohitsingh_pop1/ARB-BOT/src/bot.js:298:44)
[2026-04-13 11:24:14] [WARN] [LocalExec] ⚠️  computeSwap BYPASSED — pipeline test mode | gross local: -3.1320 USD
[2026-04-13 11:24:14] [INFO] 🎯 LOCAL EXEC — SOL/BONK | spread: 0.073% | loan: 4.0 SOL | profit: ~$-3.1320 | buy: Orca@5zpyutJu → sell: Raydium CLMM@GtKKKs3y
[2026-04-13 11:24:14] [INFO] [LocalExec] Refreshed Raydium pool state for GtKKKs3y
[2026-04-13 11:24:14] [INFO] [LocalExec] Jito tip: 50000 lamports (~$0.0041)
[2026-04-13 11:24:14] [INFO] [LocalExec] borrowIxIndex dynamically set to 2
[2026-04-13 11:24:14] [INFO] [LocalExec] Tx size: 907 bytes | 10 instructions
[2026-04-13 11:24:14] [INFO] [LocalExec] Jito accepted via frankfurt
[2026-04-13 11:24:14] [INFO] [LAT] gate=1ms build=91ms sign=13ms submit=23ms TOTAL=128ms
[2026-04-13 11:24:14] [INFO] [LocalExec] ✅ Tx submitted: 2saGgg6VKQaeNU5TkvoY7s4TpojKAEYJJTnA7vDoMh2wS4YLSKyT89bKpxwFRvfB8o1Uj38JWMwZ3q8kXakFUQMH
[2026-04-13 11:24:14] [INFO] [LocalExec] Jito accepted via mainnet
[2026-04-13 11:24:14] [INFO] [LocalExec] Jito accepted via amsterdam
[2026-04-13 11:24:17] [ERROR] [Executor] Tx failed on-chain: {"InstructionError":[7,{"Custom":3007}]}
[2026-04-13 11:24:20] [ERROR] [Executor] Tx failed on-chain: {"InstructionError":[7,{"Custom":3007}]}
[2026-04-13 11:24:23] [INFO] [XDEX] SOL/BONK | spread: 0.0735% | fees: 0.3000% | PROFITABLE | hi: Orca (14575113.306972) 5zpyutJu9ee6jFymDGoK7F6S5Kczqtc9FomP3ueKuyA9 | lo: Raydium CLMM (14564409.058191) GtKKKs3yaPdHbQd2aZS4SfWhy8zQ988BJGnKNndLxYsN
[2026-04-13 11:24:23] [WARN] [LocalExec] ⚠️  computeSwap BYPASSED — pipeline test mode | gross local: -231.6417 USD
[2026-04-13 11:24:23] [INFO] 🎯 LOCAL EXEC — SOL/BONK | spread: 0.073% | loan: 40.0 SOL | profit: ~$-231.6417 | buy: Orca@5zpyutJu → sell: Raydium CLMM@GtKKKs3y
[2026-04-13 11:24:23] [ERROR] [LocalExec] Error: failed to get info about account GtKKKs3yaPdHbQd2aZS4SfWhy8zQ988BJGnKNndLxYsN: Error: 429 Too Many Requests: {"jsonrpc":"2.0","error":{"code":-32429,"message":"rate limited"}}
[2026-04-13 11:24:23] [ERROR] [LocalExec] Stack: Error: failed to get info about account GtKKKs3yaPdHbQd2aZS4SfWhy8zQ988BJGnKNndLxYsN: Error: 429 Too Many Requests: {"jsonrpc":"2.0","error":{"code":-32429,"message":"rate limited"}}
    at Connection.getAccountInfo (/home/mohitsingh_pop1/ARB-BOT/node_modules/@solana/web3.js/lib/index.cjs.js:6368:13)
    at process.processTicksAndRejections (node:internal/process/task_queues:95:5)
    at async Executor.executeLocal (/home/mohitsingh_pop1/ARB-BOT/src/executor.js:1154:35)
    at async wsCallback (/home/mohitsingh_pop1/ARB-BOT/src/bot.js:298:44)
[2026-04-13 11:24:23] [WARN] [LocalExec] ⚠️  computeSwap BYPASSED — pipeline test mode | gross local: -61.7571 USD
[2026-04-13 11:24:23] [INFO] 🎯 LOCAL EXEC — SOL/BONK | spread: 0.073% | loan: 20.0 SOL | profit: ~$-61.7571 | buy: Orca@5zpyutJu → sell: Raydium CLMM@GtKKKs3y
[2026-04-13 11:24:23] [INFO] [LocalExec] Refreshed Raydium pool state for GtKKKs3y
[2026-04-13 11:24:23] [INFO] [LocalExec] Jito tip: 50000 lamports (~$0.0041)
[2026-04-13 11:24:23] [INFO] [LocalExec] borrowIxIndex dynamically set to 2
[2026-04-13 11:24:23] [INFO] [LocalExec] Tx size: 907 bytes | 10 instructions
[2026-04-13 11:24:23] [INFO] [LocalExec] Jito accepted via mainnet
[2026-04-13 11:24:23] [INFO] [LAT] gate=1ms build=222ms sign=6ms submit=35ms TOTAL=264ms
[2026-04-13 11:24:23] [INFO] [LocalExec] ✅ Tx submitted: 51ykmueqvxgv7Z3TDfPYcXpFVfe2kjACrgrVcKn1d9RKqN5bz5CrQ9wj5sbjZWtazyqNM5ufx11cBtAngYtsA6tQ
[2026-04-13 11:24:23] [INFO] [LocalExec] Jito accepted via frankfurt
[2026-04-13 11:24:23] [INFO] [LocalExec] Jito accepted via amsterdam
[2026-04-13 11:24:23] [ERROR] Unhandled rejection: Error: 429 Too Many Requests: {"jsonrpc":"2.0","error":{"code":-32429,"message":"rate limited"}}
[2026-04-13 11:24:28] [ERROR] [Executor] Tx failed on-chain: {"InstructionError":[7,{"Custom":3007}]}
[2026-04-13 11:24:32] [INFO] [XDEX] SOL/BONK | spread: 0.0735% | fees: 0.3000% | PROFITABLE | hi: Orca (14575113.306972) 5zpyutJu9ee6jFymDGoK7F6S5Kczqtc9FomP3ueKuyA9 | lo: Raydium CLMM (14564409.058191) GtKKKs3yaPdHbQd2aZS4SfWhy8zQ988BJGnKNndLxYsN
[2026-04-13 11:24:32] [WARN] [LocalExec] ⚠️  computeSwap BYPASSED — pipeline test mode | gross local: -231.6134 USD
[2026-04-13 11:24:32] [INFO] 🎯 LOCAL EXEC — SOL/BONK | spread: 0.073% | loan: 40.0 SOL | profit: ~$-231.6134 | buy: Orca@5zpyutJu → sell: Raydium CLMM@GtKKKs3y
[2026-04-13 11:24:32] [ERROR] [LocalExec] Error: failed to get info about account GtKKKs3yaPdHbQd2aZS4SfWhy8zQ988BJGnKNndLxYsN: Error: 429 Too Many Requests: {"jsonrpc":"2.0","error":{"code":-32429,"message":"rate limited"}}
[2026-04-13 11:24:32] [ERROR] [LocalExec] Stack: Error: failed to get info about account GtKKKs3yaPdHbQd2aZS4SfWhy8zQ988BJGnKNndLxYsN: Error: 429 Too Many Requests: {"jsonrpc":"2.0","error":{"code":-32429,"message":"rate limited"}}
    at Connection.getAccountInfo (/home/mohitsingh_pop1/ARB-BOT/node_modules/@solana/web3.js/lib/index.cjs.js:6368:13)
    at process.processTicksAndRejections (node:internal/process/task_queues:95:5)
    at async Executor.executeLocal (/home/mohitsingh_pop1/ARB-BOT/src/executor.js:1154:35)
    at async wsCallback (/home/mohitsingh_pop1/ARB-BOT/src/bot.js:298:44)
[2026-04-13 11:24:32] [WARN] [LocalExec] ⚠️  computeSwap BYPASSED — pipeline test mode | gross local: -61.7496 USD
[2026-04-13 11:24:32] [INFO] 🎯 LOCAL EXEC — SOL/BONK | spread: 0.073% | loan: 20.0 SOL | profit: ~$-61.7496 | buy: Orca@5zpyutJu → sell: Raydium CLMM@GtKKKs3y
[2026-04-13 11:24:32] [INFO] [LocalExec] Refreshed Raydium pool state for GtKKKs3y
[2026-04-13 11:24:32] [INFO] [LocalExec] Jito tip: 50000 lamports (~$0.0041)
[2026-04-13 11:24:32] [INFO] [LocalExec] borrowIxIndex dynamically set to 2
[2026-04-13 11:24:32] [ERROR] [LocalExec] Error: failed to get recent blockhash: Error: 429 Too Many Requests: {"jsonrpc":"2.0","error":{"code":-32429,"message":"rate limited"}}
[2026-04-13 11:24:32] [ERROR] [LocalExec] Stack: Error: failed to get recent blockhash: Error: 429 Too Many Requests: {"jsonrpc":"2.0","error":{"code":-32429,"message":"rate limited"}}
    at Connection.getLatestBlockhash (/home/mohitsingh_pop1/ARB-BOT/node_modules/@solana/web3.js/lib/index.cjs.js:7228:13)
    at process.processTicksAndRejections (node:internal/process/task_queues:95:5)
    at async Executor.executeLocal (/home/mohitsingh_pop1/ARB-BOT/src/executor.js:1304:29)
    at async wsCallback (/home/mohitsingh_pop1/ARB-BOT/src/bot.js:298:44)
[2026-04-13 11:24:32] [WARN] [LocalExec] ⚠️  computeSwap BYPASSED — pipeline test mode | gross local: -16.6277 USD
[2026-04-13 11:24:32] [INFO] 🎯 LOCAL EXEC — SOL/BONK | spread: 0.073% | loan: 10.0 SOL | profit: ~$-16.6277 | buy: Orca@5zpyutJu → sell: Raydium CLMM@GtKKKs3y
[2026-04-13 11:24:32] [ERROR] [LocalExec] Error: failed to get info about account GtKKKs3yaPdHbQd2aZS4SfWhy8zQ988BJGnKNndLxYsN: Error: 429 Too Many Requests: {"jsonrpc":"2.0","error":{"code":-32429,"message":"rate limited"}}
[2026-04-13 11:24:32] [ERROR] [LocalExec] Stack: Error: failed to get info about account GtKKKs3yaPdHbQd2aZS4SfWhy8zQ988BJGnKNndLxYsN: Error: 429 Too Many Requests: {"jsonrpc":"2.0","error":{"code":-32429,"message":"rate limited"}}
    at Connection.getAccountInfo (/home/mohitsingh_pop1/ARB-BOT/node_modules/@solana/web3.js/lib/index.cjs.js:6368:13)
    at process.processTicksAndRejections (node:internal/process/task_queues:95:5)
    at async Executor.executeLocal (/home/mohitsingh_pop1/ARB-BOT/src/executor.js:1154:35)
    at async wsCallback (/home/mohitsingh_pop1/ARB-BOT/src/bot.js:298:44)
[2026-04-13 11:24:32] [WARN] [LocalExec] ⚠️  computeSwap BYPASSED — pipeline test mode | gross local: -3.1318 USD
[2026-04-13 11:24:32] [INFO] 🎯 LOCAL EXEC — SOL/BONK | spread: 0.073% | loan: 4.0 SOL | profit: ~$-3.1318 | buy: Orca@5zpyutJu → sell: Raydium CLMM@GtKKKs3y
[2026-04-13 11:24:32] [INFO] [LocalExec] Refreshed Raydium pool state for GtKKKs3y
[2026-04-13 11:24:32] [INFO] [LocalExec] Jito tip: 50000 lamports (~$0.0041)
[2026-04-13 11:24:32] [INFO] [LocalExec] borrowIxIndex dynamically set to 2
[2026-04-13 11:24:32] [INFO] [LocalExec] Tx size: 907 bytes | 10 instructions
[2026-04-13 11:24:32] [INFO] [LocalExec] Jito accepted via mainnet
[2026-04-13 11:24:32] [INFO] [LAT] gate=1ms build=118ms sign=5ms submit=21ms TOTAL=145ms
[2026-04-13 11:24:32] [INFO] [LocalExec] ✅ Tx submitted: 477YaSiW2WXwC9Qhx4hRj2UsDy1ewY4rseJz68bhHT2f7nTqLy8TZvFq7KwsANChHD4QWbULCXv9bMA1sFCiuVF
[2026-04-13 11:24:32] [INFO] [LocalExec] Jito accepted via frankfurt
[2026-04-13 11:24:32] [INFO] [LocalExec] Jito accepted via amsterdam
[2026-04-13 11:24:36] [INFO] 
SIGINT received — shutting down...
[2026-04-13 11:24:36] [INFO] 📊 STATS | Slots: 73 | Detected: 0 | Attempted: 13 | Sent: 6 | Success: 0 | Profit: ~$0.00
[2026-04-13 11:24:36] [INFO] [PoolWatcher] All subscriptions removed
[2026-04-13 11:24:36] [ERROR] [Executor] Tx failed on-chain: {"InstructionError":[7,{"Custom":3007}]}
[2026-04-13 11:38:56] [INFO] ════════════════════════════════════════════════════════════
[2026-04-13 11:38:56] [INFO]   🤖 SOLANA FLASHLOAN ARB BOT — STARTING
[2026-04-13 11:38:56] [INFO] ════════════════════════════════════════════════════════════
[2026-04-13 11:38:56] [INFO] ✅ Discord alerts enabled
[2026-04-13 11:38:56] [INFO] ✅ Discord tx-log channel enabled
[2026-04-13 11:38:57] [INFO] ✅ Connected to primary RPC (mainnet.helius-rpc.com)
[2026-04-13 11:38:57] [INFO] [Price] Seeded SOL/USD = $81.90
[2026-04-13 11:38:57] [INFO] Wallet:          ESzi3jyKV4EWi1TC36nRwLiHHDVTmzn9iCFTotToyhC3
[2026-04-13 11:38:57] [INFO] SOL Balance:     0.1822 SOL
[2026-04-13 11:38:57] [INFO] [Scanner] Loaded 5 pairs from pairs.json
[2026-04-13 11:38:57] [INFO] [Executor] Initializing MarginFi flashloan client...
[2026-04-13 11:38:57] [INFO] [Executor] 429 circuit breaker installed on MarginFi connection
[2026-04-13 11:38:57] [INFO] [Executor] MarginFi loaded. Banks: 1
[2026-04-13 11:38:57] [INFO] [Executor] Loaded saved MarginFi account: 9H89EXD35fcEHV5Sj3c1662GWZzLrPZ89zm2EMFyP9n8
[2026-04-13 11:38:57] [INFO] [Executor] MarginFi account: 9H89EXD35fcEHV5Sj3c1662GWZzLrPZ89zm2EMFyP9n8
[2026-04-13 11:38:57] [INFO] [Executor] ✅ Flash loan ready (all MarginFi accounts support flashloans)
[2026-04-13 11:38:57] [INFO] [Executor] MFI account overrides cached (group: 4qp6Fx6t...)
[2026-04-13 11:38:57] [INFO] [Price] ✅ Binance WS connected — SOL/USD updating in real-time
[2026-04-13 11:38:57] [INFO] [Executor] MFI instruction templates cached ✅
[2026-04-13 11:38:57] [INFO] [Executor] Initializing Kamino flashloan templates...
[2026-04-13 11:38:58] [INFO] [Executor] Kamino flashloan templates cached ✅ (wsolAta: DQwQCSZL...)
[2026-04-13 11:38:58] [INFO] [Executor] Blockhash cache started (refresh every 200ms) ✅
[2026-04-13 11:38:58] [INFO] 
[2026-04-13 11:38:58] [INFO] Active pairs (5):
[2026-04-13 11:38:58] [INFO]   1. SOL/USDT [anchor]
[2026-04-13 11:38:58] [INFO]   2. SOL/USDC
[2026-04-13 11:38:58] [INFO]   3. SOL/BONK
[2026-04-13 11:38:58] [INFO]   4. SOL/WIF
[2026-04-13 11:38:58] [INFO]   5. SOL/FARTCOIN
[2026-04-13 11:38:58] [INFO] 
[2026-04-13 11:38:58] [INFO] [Scheduler] Next update in 13 day(s) on 26/4/2026
[2026-04-13 11:38:58] [INFO] 
[2026-04-13 11:38:58] [INFO] Trigger:         WebSocket pool subscriptions (~50-100ms) + slot fallback every 62 slots
[2026-04-13 11:38:58] [INFO] Flashloan size:  1–100 SOL (dynamic)
[2026-04-13 11:38:58] [INFO] Min profit:      $0.05
[2026-04-13 11:38:58] [INFO] 
[2026-04-13 11:38:58] [INFO] [PoolWatcher] Fetching pool addresses (Orca + Raydium + Meteora)...
[2026-04-13 11:39:05] [INFO] [PoolWatcher] ✅ 53 subscriptions — Orca:40 | Raydium CLMM:5 | Raydium AMM:5 | Meteora:3
[2026-04-13 11:39:05] [INFO] [PoolWatcher]   SOL/USDT → 10 subs (Orca:8 Raydium CLMM:1 Raydium AMM:1)
[2026-04-13 11:39:05] [INFO] [PoolWatcher]   SOL/USDC → 10 subs (Orca:8 Raydium CLMM:1 Raydium AMM:1)
[2026-04-13 11:39:05] [INFO] [PoolWatcher]   SOL/BONK → 11 subs (Orca:8 Raydium CLMM:1 Raydium AMM:1 Meteora:1)
[2026-04-13 11:39:05] [INFO] [PoolWatcher]   SOL/WIF → 11 subs (Orca:8 Raydium CLMM:1 Raydium AMM:1 Meteora:1)
[2026-04-13 11:39:05] [INFO] [PoolWatcher]   SOL/FARTCOIN → 11 subs (Orca:8 Raydium CLMM:1 Raydium AMM:1 Meteora:1)
[2026-04-13 11:39:05] [INFO] [LocalPools] Registered 48 pools (Orca + Raydium CLMM + Meteora) for local math
[2026-04-13 11:39:05] [INFO] [LocalPools] Seeding pool cache with initial RPC data...
[2026-04-13 11:39:05] [INFO] [LocalPools] Seeded 43 pools in cache
[2026-04-13 11:39:05] [INFO] [Scheduler] Monthly pair updater scheduled ✅
[2026-04-13 11:39:05] [INFO] ✅ Bot is live. Press Ctrl+C to stop.

[2026-04-13 11:39:06] [INFO] [XDEX] SOL/BONK | spread: 2.0218% | fees: 2.0500% | PROFITABLE | hi: Orca (14570647.404507) 5zpyutJu9ee6jFymDGoK7F6S5Kczqtc9FomP3ueKuyA9 | lo: Orca (14281893.059719) 73dU6HLBhtAw1jQT4EERrkyDkoXUSarEh82H8J3Pffsb
[2026-04-13 11:39:06] [WARN] [LocalExec] ⚠️  computeSwap BYPASSED — pipeline test mode | gross local: -3275.1865 USD
[2026-04-13 11:39:06] [INFO] 🎯 LOCAL EXEC — SOL/BONK | spread: 2.022% | loan: 40.0 SOL | profit: ~$-3275.1865 | buy: Orca@5zpyutJu → sell: Orca@73dU6HLB
[2026-04-13 11:39:06] [INFO] [LocalExec] Jito tip: 50000 lamports (~$0.0041)
[2026-04-13 11:39:06] [INFO] [LocalExec] borrowIxIndex dynamically set to 2
[2026-04-13 11:39:06] [INFO] [LocalExec] Tx size: 998 bytes | 10 instructions
[2026-04-13 11:39:06] [INFO] [LocalExec] Jito accepted via frankfurt
[2026-04-13 11:39:06] [INFO] [LAT] gate=3ms build=72ms sign=24ms submit=42ms TOTAL=141ms
[2026-04-13 11:39:06] [INFO] [LocalExec] ✅ Tx submitted: FQ3TUB54kD1p9Bk26HRGak5Wh2ZBmQfxRzkyTTNhgoWVapEtYWJqmNfqKG4uQNk43wdqTmcVCzNGspwZKLznwa2
[2026-04-13 11:39:06] [INFO] [LocalExec] Jito accepted via mainnet
[2026-04-13 11:39:06] [INFO] [LocalExec] Jito accepted via amsterdam
[2026-04-13 11:39:07] [INFO] [XDEX] SOL/USDC | spread: 1.4146% | fees: 2.0500% | PROFITABLE | hi: Orca (83.031875) 7xuPLn8Bun4ZGHeD95xYLnPKReKtSe7zfVRzRJWJZVZW | lo: Orca (81.873693) 7qbRF6YsyGuLUVs6Y1q64bdVrfe4ZcUUz1JRdoVNUJnm
[2026-04-13 11:39:07] [WARN] [LocalExec] ⚠️  computeSwap BYPASSED — pipeline test mode | gross local: -2474.0666 USD
[2026-04-13 11:39:07] [INFO] 🎯 LOCAL EXEC — SOL/USDC | spread: 1.415% | loan: 40.0 SOL | profit: ~$-2474.0666 | buy: Orca@7xuPLn8B → sell: Orca@7qbRF6Ys
[2026-04-13 11:39:07] [INFO] [LocalExec] Jito tip: 50000 lamports (~$0.0041)
[2026-04-13 11:39:07] [INFO] [LocalExec] borrowIxIndex dynamically set to 2
[2026-04-13 11:39:07] [INFO] [LocalExec] Tx size: 1153 bytes | 10 instructions
[2026-04-13 11:39:07] [INFO] [LocalExec] Jito accepted via amsterdam
[2026-04-13 11:39:07] [INFO] [LAT] gate=1ms build=50ms sign=8ms submit=26ms TOTAL=85ms
[2026-04-13 11:39:07] [INFO] [LocalExec] ✅ Tx submitted: 4i9MSftmSu4Wg22ZcK3Fm8Bxs8PhfFt7z8UsRyB6yc6qDJx4DwhSYxEC4HUpx9WDmpEapo4reDWLzBDttakcULL1
[2026-04-13 11:39:11] [INFO] [XDEX] SOL/USDC | spread: 1.4049% | fees: 2.0500% | PROFITABLE | hi: Orca (83.031875) 7xuPLn8Bun4ZGHeD95xYLnPKReKtSe7zfVRzRJWJZVZW | lo: Orca (81.881548) 7qbRF6YsyGuLUVs6Y1q64bdVrfe4ZcUUz1JRdoVNUJnm
[2026-04-13 11:39:11] [WARN] [LocalExec] ⚠️  computeSwap BYPASSED — pipeline test mode | gross local: -2474.1432 USD
[2026-04-13 11:39:11] [INFO] 🎯 LOCAL EXEC — SOL/USDC | spread: 1.405% | loan: 40.0 SOL | profit: ~$-2474.1432 | buy: Orca@7xuPLn8B → sell: Orca@7qbRF6Ys
[2026-04-13 11:39:11] [INFO] [LocalExec] Jito tip: 50000 lamports (~$0.0041)
[2026-04-13 11:39:11] [INFO] [LocalExec] borrowIxIndex dynamically set to 2
[2026-04-13 11:39:11] [INFO] [LocalExec] Tx size: 1153 bytes | 10 instructions
[2026-04-13 11:39:11] [INFO] [LocalExec] Jito accepted via frankfurt
[2026-04-13 11:39:11] [INFO] [LAT] gate=1ms build=42ms sign=10ms submit=19ms TOTAL=72ms
[2026-04-13 11:39:11] [INFO] [LocalExec] ✅ Tx submitted: 2sg9p8D1cpQnQQsDsXJMy6wHTeHQ1kgSr5DNtmfdW8wTtgDgNXERua6V8SxfLK6m8FzVghfnJoFYzQ3iTzFGw7Sj
[2026-04-13 11:39:11] [INFO] [LocalExec] Jito accepted via mainnet
[2026-04-13 11:39:11] [INFO] [LocalExec] Jito accepted via amsterdam
[2026-04-13 11:39:13] [INFO] [XDEX] SOL/BONK | spread: 2.0218% | fees: 2.0500% | PROFITABLE | hi: Orca (14570647.404507) 5zpyutJu9ee6jFymDGoK7F6S5Kczqtc9FomP3ueKuyA9 | lo: Orca (14281893.059719) 73dU6HLBhtAw1jQT4EERrkyDkoXUSarEh82H8J3Pffsb
[2026-04-13 11:39:13] [WARN] [LocalExec] ⚠️  computeSwap BYPASSED — pipeline test mode | gross local: -3275.1865 USD
[2026-04-13 11:39:13] [INFO] 🎯 LOCAL EXEC — SOL/BONK | spread: 2.022% | loan: 40.0 SOL | profit: ~$-3275.1865 | buy: Orca@5zpyutJu → sell: Orca@73dU6HLB
[2026-04-13 11:39:13] [INFO] [LocalExec] Jito tip: 50000 lamports (~$0.0041)
[2026-04-13 11:39:13] [INFO] [LocalExec] borrowIxIndex dynamically set to 2
[2026-04-13 11:39:14] [INFO] [LocalExec] Tx size: 998 bytes | 10 instructions
[2026-04-13 11:39:14] [INFO] [LocalExec] Jito accepted via frankfurt
[2026-04-13 11:39:14] [INFO] [LAT] gate=2ms build=39ms sign=11ms submit=15ms TOTAL=67ms
[2026-04-13 11:39:14] [INFO] [LocalExec] ✅ Tx submitted: 2wcojKA96KuScModEw2Gds9giao8m6toTKrfxUHrRNXaZ9Njvgn7e2ZrsT2KQZnJD8XurRjPTz5JFprVopZFcxKZ
[2026-04-13 11:39:14] [INFO] [LocalExec] Jito accepted via mainnet
[2026-04-13 11:39:14] [INFO] [LocalExec] Jito accepted via amsterdam
[2026-04-13 11:39:16] [INFO] [XDEX] SOL/USDC | spread: 1.4049% | fees: 2.0500% | PROFITABLE | hi: Orca (83.031875) 7xuPLn8Bun4ZGHeD95xYLnPKReKtSe7zfVRzRJWJZVZW | lo: Orca (81.881548) 7qbRF6YsyGuLUVs6Y1q64bdVrfe4ZcUUz1JRdoVNUJnm
[2026-04-13 11:39:16] [WARN] [LocalExec] ⚠️  computeSwap BYPASSED — pipeline test mode | gross local: -2474.4454 USD
[2026-04-13 11:39:16] [INFO] 🎯 LOCAL EXEC — SOL/USDC | spread: 1.405% | loan: 40.0 SOL | profit: ~$-2474.4454 | buy: Orca@7xuPLn8B → sell: Orca@7qbRF6Ys
[2026-04-13 11:39:16] [INFO] [LocalExec] Jito tip: 50000 lamports (~$0.0041)
[2026-04-13 11:39:16] [INFO] [LocalExec] borrowIxIndex dynamically set to 2
[2026-04-13 11:39:16] [INFO] [LocalExec] Tx size: 1153 bytes | 10 instructions
[2026-04-13 11:39:16] [INFO] [LocalExec] Jito accepted via frankfurt
[2026-04-13 11:39:16] [INFO] [LAT] gate=1ms build=60ms sign=12ms submit=16ms TOTAL=89ms
[2026-04-13 11:39:16] [INFO] [LocalExec] ✅ Tx submitted: 4thy3JE19jrEqBJ2iNLn7HxV7Pp5dkpHkn7WbN4h6t8FTGkKtcwSX89YCA5rnf3qYBXVVo4ipXtM1Xcjf2brbFdF
[2026-04-13 11:39:16] [INFO] [LocalExec] Jito accepted via mainnet
[2026-04-13 11:39:16] [INFO] [LocalExec] Jito accepted via amsterdam
[2026-04-13 11:39:19] [ERROR] [Executor] Tx failed on-chain: {"InstructionError":[7,{"Custom":6038}]}
[2026-04-13 11:39:20] [ERROR] [Executor] Tx failed on-chain: {"InstructionError":[6,{"Custom":6038}]}
[2026-04-13 11:39:25] [ERROR] [Executor] Tx failed on-chain: {"InstructionError":[6,{"Custom":6038}]}
[2026-04-13 11:39:26] [INFO] [XDEX] SOL/BONK | spread: 2.0218% | fees: 2.0500% | PROFITABLE | hi: Orca (14570647.404507) 5zpyutJu9ee6jFymDGoK7F6S5Kczqtc9FomP3ueKuyA9 | lo: Orca (14281893.059719) 73dU6HLBhtAw1jQT4EERrkyDkoXUSarEh82H8J3Pffsb
[2026-04-13 11:39:26] [WARN] [LocalExec] ⚠️  computeSwap BYPASSED — pipeline test mode | gross local: -3275.1865 USD
[2026-04-13 11:39:26] [INFO] 🎯 LOCAL EXEC — SOL/BONK | spread: 2.022% | loan: 40.0 SOL | profit: ~$-3275.1865 | buy: Orca@5zpyutJu → sell: Orca@73dU6HLB
[2026-04-13 11:39:26] [INFO] [LocalExec] Jito tip: 50000 lamports (~$0.0041)
[2026-04-13 11:39:26] [INFO] [LocalExec] borrowIxIndex dynamically set to 2
[2026-04-13 11:39:26] [INFO] [LocalExec] Tx size: 998 bytes | 10 instructions
[2026-04-13 11:39:26] [INFO] [LocalExec] Jito accepted via frankfurt
[2026-04-13 11:39:26] [INFO] [LAT] gate=1ms build=52ms sign=9ms submit=34ms TOTAL=96ms
[2026-04-13 11:39:26] [INFO] [LocalExec] ✅ Tx submitted: 35UE3ogYUUpJfaYX9o2gfeLFFvVpg9e6eNjCXLPBtu8Ja6P7fZFw5h64NGp9fT8tQtZcsqfcd8mW7vBTsfmGdBJx
[2026-04-13 11:39:26] [INFO] [LocalExec] Jito accepted via mainnet
[2026-04-13 11:39:26] [INFO] [LocalExec] Jito accepted via amsterdam
[2026-04-13 11:39:27] [ERROR] [Executor] Tx failed on-chain: {"InstructionError":[7,{"Custom":6038}]}
[2026-04-13 11:39:29] [INFO] [XDEX] SOL/USDC | spread: 1.3966% | fees: 2.0500% | PROFITABLE | hi: Orca (83.031875) 7xuPLn8Bun4ZGHeD95xYLnPKReKtSe7zfVRzRJWJZVZW | lo: Orca (81.888188) 7qbRF6YsyGuLUVs6Y1q64bdVrfe4ZcUUz1JRdoVNUJnm
[2026-04-13 11:39:29] [WARN] [LocalExec] ⚠️  computeSwap BYPASSED — pipeline test mode | gross local: -2474.2080 USD
[2026-04-13 11:39:29] [INFO] 🎯 LOCAL EXEC — SOL/USDC | spread: 1.397% | loan: 40.0 SOL | profit: ~$-2474.2080 | buy: Orca@7xuPLn8B → sell: Orca@7qbRF6Ys
[2026-04-13 11:39:29] [INFO] [LocalExec] Jito tip: 50000 lamports (~$0.0041)
[2026-04-13 11:39:29] [INFO] [LocalExec] borrowIxIndex dynamically set to 2
[2026-04-13 11:39:29] [INFO] [LocalExec] Tx size: 1153 bytes | 10 instructions
[2026-04-13 11:39:29] [INFO] [LocalExec] Jito accepted via mainnet
[2026-04-13 11:39:29] [INFO] [LAT] gate=1ms build=69ms sign=10ms submit=16ms TOTAL=96ms
[2026-04-13 11:39:29] [INFO] [LocalExec] ✅ Tx submitted: qdG5171Pi3NwfuUn3pgpBVorfnP7vPDUixfttpUc8DWj8a2pa7Gj4mx3g3ydnbRU2S9eBN1WAHqr6J6UnWoQQo2
[2026-04-13 11:39:29] [INFO] [LocalExec] Jito accepted via frankfurt
[2026-04-13 11:39:29] [INFO] [LocalExec] Jito accepted via amsterdam
[2026-04-13 11:39:29] [ERROR] Unhandled rejection: Error: 429 Too Many Requests: {"jsonrpc":"2.0","error":{"code":-32429,"message":"rate limited"}}
[2026-04-13 11:39:29] [ERROR] [Executor] Tx failed on-chain: {"InstructionError":[6,{"Custom":6038}]}
[2026-04-13 11:39:38] [INFO] [XDEX] SOL/USDC | spread: 1.3963% | fees: 2.0100% | PROFITABLE | hi: Orca (83.031875) 7xuPLn8Bun4ZGHeD95xYLnPKReKtSe7zfVRzRJWJZVZW | lo: Raydium CLMM (81.888454) 3ucNos4NbumPLZNWztqGHNFFgkHeRMBQAVemeeomsUxv
[2026-04-13 11:39:38] [WARN] [LocalExec] ⚠️  computeSwap BYPASSED — pipeline test mode | gross local: -2470.3176 USD
[2026-04-13 11:39:38] [INFO] 🎯 LOCAL EXEC — SOL/USDC | spread: 1.396% | loan: 40.0 SOL | profit: ~$-2470.3176 | buy: Orca@7xuPLn8B → sell: Raydium CLMM@3ucNos4N
[2026-04-13 11:39:38] [INFO] [LocalExec] Refreshed Raydium pool state for 3ucNos4N
[2026-04-13 11:39:38] [INFO] [LocalExec] Jito tip: 50000 lamports (~$0.0041)
[2026-04-13 11:39:38] [INFO] [LocalExec] borrowIxIndex dynamically set to 2
[2026-04-13 11:39:38] [INFO] [LocalExec] Tx size: 1217 bytes | 10 instructions
[2026-04-13 11:39:39] [INFO] [LocalExec] Jito accepted via frankfurt
[2026-04-13 11:39:39] [INFO] [LAT] gate=1ms build=68ms sign=6ms submit=35ms TOTAL=110ms
[2026-04-13 11:39:39] [INFO] [LocalExec] ✅ Tx submitted: 5nP2oirh2CQn2LeymwPgYQqhCG8hWdfAoYKHo2bupPhZyz4efMXpWwWGmisaV4JKXqVc47xRfyvxtE9WV1mTVFM1
[2026-04-13 11:39:39] [INFO] [LocalExec] Jito accepted via mainnet
[2026-04-13 11:39:39] [INFO] [LocalExec] Jito accepted via amsterdam
[2026-04-13 11:39:39] [ERROR] [Executor] Tx failed on-chain: {"InstructionError":[7,{"Custom":6038}]}
[2026-04-13 11:39:41] [ERROR] [Executor] Tx failed on-chain: {"InstructionError":[6,{"Custom":6038}]}
[2026-04-13 11:39:44] [INFO] 
SIGINT received — shutting down...
[2026-04-13 11:39:44] [INFO] 📊 STATS | Slots: 69 | Detected: 0 | Attempted: 8 | Sent: 8 | Success: 0 | Profit: ~$0.00
[2026-04-13 11:39:44] [INFO] [PoolWatcher] All subscriptions removed
[2026-04-13 11:41:22] [INFO] ════════════════════════════════════════════════════════════
[2026-04-13 11:41:22] [INFO]   🤖 SOLANA FLASHLOAN ARB BOT — STARTING
[2026-04-13 11:41:22] [INFO] ════════════════════════════════════════════════════════════
[2026-04-13 11:41:22] [INFO] ✅ Discord alerts enabled
[2026-04-13 11:41:22] [INFO] ✅ Discord tx-log channel enabled
[2026-04-13 11:41:22] [INFO] ✅ Connected to primary RPC (mainnet.helius-rpc.com)
[2026-04-13 11:41:23] [INFO] [Price] Seeded SOL/USD = $81.85
[2026-04-13 11:41:23] [INFO] Wallet:          ESzi3jyKV4EWi1TC36nRwLiHHDVTmzn9iCFTotToyhC3
[2026-04-13 11:41:23] [INFO] SOL Balance:     0.1821 SOL
[2026-04-13 11:41:23] [INFO] [Scanner] Loaded 5 pairs from pairs.json
[2026-04-13 11:41:23] [INFO] [Executor] Initializing MarginFi flashloan client...
[2026-04-13 11:41:23] [INFO] [Executor] 429 circuit breaker installed on MarginFi connection
[2026-04-13 11:41:23] [INFO] [Executor] MarginFi loaded. Banks: 1
[2026-04-13 11:41:24] [INFO] [Executor] Loaded saved MarginFi account: 9H89EXD35fcEHV5Sj3c1662GWZzLrPZ89zm2EMFyP9n8
[2026-04-13 11:41:24] [INFO] [Executor] MarginFi account: 9H89EXD35fcEHV5Sj3c1662GWZzLrPZ89zm2EMFyP9n8
[2026-04-13 11:41:24] [INFO] [Executor] ✅ Flash loan ready (all MarginFi accounts support flashloans)
[2026-04-13 11:41:24] [INFO] [Executor] MFI account overrides cached (group: 4qp6Fx6t...)
[2026-04-13 11:41:24] [INFO] [Executor] MFI instruction templates cached ✅
[2026-04-13 11:41:24] [INFO] [Executor] Initializing Kamino flashloan templates...
[2026-04-13 11:41:24] [INFO] [Executor] Kamino flashloan templates cached ✅ (wsolAta: DQwQCSZL...)
[2026-04-13 11:41:24] [INFO] [Executor] Blockhash cache started (refresh every 200ms) ✅
[2026-04-13 11:41:24] [INFO] 
[2026-04-13 11:41:24] [INFO] Active pairs (5):
[2026-04-13 11:41:24] [INFO]   1. SOL/USDT [anchor]
[2026-04-13 11:41:24] [INFO]   2. SOL/USDC
[2026-04-13 11:41:24] [INFO]   3. SOL/BONK
[2026-04-13 11:41:24] [INFO]   4. SOL/WIF
[2026-04-13 11:41:24] [INFO]   5. SOL/FARTCOIN
[2026-04-13 11:41:24] [INFO] 
[2026-04-13 11:41:24] [INFO] [Scheduler] Next update in 13 day(s) on 26/4/2026
[2026-04-13 11:41:24] [INFO] 
[2026-04-13 11:41:24] [INFO] Trigger:         WebSocket pool subscriptions (~50-100ms) + slot fallback every 62 slots
[2026-04-13 11:41:24] [INFO] Flashloan size:  1–100 SOL (dynamic)
[2026-04-13 11:41:24] [INFO] Min profit:      $0.05
[2026-04-13 11:41:24] [INFO] 
[2026-04-13 11:41:24] [INFO] [PoolWatcher] Fetching pool addresses (Orca + Raydium + Meteora)...
[2026-04-13 11:41:24] [INFO] [Price] ✅ Binance WS connected — SOL/USD updating in real-time
[2026-04-13 11:41:30] [INFO] [PoolWatcher] ✅ 53 subscriptions — Orca:40 | Raydium CLMM:5 | Raydium AMM:5 | Meteora:3
[2026-04-13 11:41:30] [INFO] [PoolWatcher]   SOL/USDT → 10 subs (Orca:8 Raydium CLMM:1 Raydium AMM:1)
[2026-04-13 11:41:30] [INFO] [PoolWatcher]   SOL/USDC → 10 subs (Orca:8 Raydium CLMM:1 Raydium AMM:1)
[2026-04-13 11:41:30] [INFO] [PoolWatcher]   SOL/BONK → 11 subs (Orca:8 Raydium CLMM:1 Raydium AMM:1 Meteora:1)
[2026-04-13 11:41:30] [INFO] [PoolWatcher]   SOL/WIF → 11 subs (Orca:8 Raydium CLMM:1 Raydium AMM:1 Meteora:1)
[2026-04-13 11:41:30] [INFO] [PoolWatcher]   SOL/FARTCOIN → 11 subs (Orca:8 Raydium CLMM:1 Raydium AMM:1 Meteora:1)
[2026-04-13 11:41:30] [INFO] [LocalPools] Registered 48 pools (Orca + Raydium CLMM + Meteora) for local math
[2026-04-13 11:41:30] [INFO] [LocalPools] Seeding pool cache with initial RPC data...
[2026-04-13 11:41:30] [INFO] [LocalPools] Seeded 43 pools in cache
[2026-04-13 11:41:30] [INFO] [Scheduler] Monthly pair updater scheduled ✅
[2026-04-13 11:41:30] [INFO] ✅ Bot is live. Press Ctrl+C to stop.

[2026-04-13 11:41:41] [INFO] [XDEX] SOL/USDC | spread: 0.0278% | fees: 0.0200% | PROFITABLE | hi: Raydium CLMM (81.884879) 3ucNos4NbumPLZNWztqGHNFFgkHeRMBQAVemeeomsUxv | lo: Orca (81.862086) 83v8iPyZihDEjDdY8RdZddyZNyUtXngz69Lgo9Kt5d6d
[2026-04-13 11:41:41] [INFO] [LocalExec] Net negative after local math: -1757.1337 USD — skipping
[2026-04-13 11:41:41] [INFO] [LocalExec] Net negative after local math: -600.3456 USD — skipping
[2026-04-13 11:41:41] [INFO] [LocalExec] Net negative after local math: -183.7627 USD — skipping
[2026-04-13 11:41:41] [INFO] [LocalExec] Net negative after local math: -33.9663 USD — skipping
[2026-04-13 11:41:41] [INFO] [LocalExec] Net negative after local math: -8.9504 USD — skipping
[2026-04-13 11:41:41] [INFO] [LocalExec] Net negative after local math: -2.2974 USD — skipping
[2026-04-13 11:41:45] [INFO] [XDEX] SOL/USDC | spread: 0.0211% | fees: 0.0200% | PROFITABLE | hi: Raydium CLMM (81.884879) 3ucNos4NbumPLZNWztqGHNFFgkHeRMBQAVemeeomsUxv | lo: Orca (81.867588) 83v8iPyZihDEjDdY8RdZddyZNyUtXngz69Lgo9Kt5d6d
[2026-04-13 11:41:45] [INFO] [LocalExec] Net negative after local math: -1757.2083 USD — skipping
[2026-04-13 11:41:45] [INFO] [LocalExec] Net negative after local math: -600.4026 USD — skipping
[2026-04-13 11:41:45] [INFO] [LocalExec] Net negative after local math: -183.8005 USD — skipping
[2026-04-13 11:41:45] [INFO] [LocalExec] Net negative after local math: -33.9850 USD — skipping
[2026-04-13 11:41:45] [INFO] [LocalExec] Net negative after local math: -8.9605 USD — skipping
[2026-04-13 11:41:45] [INFO] [LocalExec] Net negative after local math: -2.3027 USD — skipping
[2026-04-13 11:41:52] [INFO] [XDEX] SOL/USDC | spread: 0.0070% | fees: 0.0200% | sub-fee | hi: Raydium CLMM (81.884879) 3ucNos4NbumPLZNWztqGHNFFgkHeRMBQAVemeeomsUxv | lo: Orca (81.879168) 83v8iPyZihDEjDdY8RdZddyZNyUtXngz69Lgo9Kt5d6d
[2026-04-13 11:41:55] [INFO] [XDEX] SOL/BONK | spread: 0.0881% | fees: 0.0900% | sub-fee | hi: Orca (14570636.727235) 4VG8VFNo3EXiTA75mhh48qv55S6m3VA2uTQCzEt8kczb | lo: Orca (14557807.980682) 5zpyutJu9ee6jFymDGoK7F6S5Kczqtc9FomP3ueKuyA9
[2026-04-13 11:41:57] [INFO] [XDEX] SOL/USDC | spread: 0.0085% | fees: 0.0200% | sub-fee | hi: Orca (81.891816) 83v8iPyZihDEjDdY8RdZddyZNyUtXngz69Lgo9Kt5d6d | lo: Raydium CLMM (81.884879) 3ucNos4NbumPLZNWztqGHNFFgkHeRMBQAVemeeomsUxv
[2026-04-13 11:42:03] [INFO] [XDEX] SOL/USDC | spread: 0.0085% | fees: 0.0200% | sub-fee | hi: Orca (81.891816) 83v8iPyZihDEjDdY8RdZddyZNyUtXngz69Lgo9Kt5d6d | lo: Raydium CLMM (81.884879) 3ucNos4NbumPLZNWztqGHNFFgkHeRMBQAVemeeomsUxv
[2026-04-13 11:42:13] [INFO] [XDEX] SOL/USDC | spread: 0.0085% | fees: 0.0200% | sub-fee | hi: Orca (81.891816) 83v8iPyZihDEjDdY8RdZddyZNyUtXngz69Lgo9Kt5d6d | lo: Raydium CLMM (81.884879) 3ucNos4NbumPLZNWztqGHNFFgkHeRMBQAVemeeomsUxv
[2026-04-13 11:42:16] [INFO] [XDEX] SOL/USDC | spread: 0.0144% | fees: 0.0200% | sub-fee | hi: Orca (81.909693) 83v8iPyZihDEjDdY8RdZddyZNyUtXngz69Lgo9Kt5d6d | lo: Raydium CLMM (81.897903) 3ucNos4NbumPLZNWztqGHNFFgkHeRMBQAVemeeomsUxv
[2026-04-13 11:42:18] [INFO] [XDEX] SOL/BONK | spread: 0.0716% | fees: 0.0900% | sub-fee | hi: Orca (14570636.727235) 4VG8VFNo3EXiTA75mhh48qv55S6m3VA2uTQCzEt8kczb | lo: Orca (14560216.567761) 5zpyutJu9ee6jFymDGoK7F6S5Kczqtc9FomP3ueKuyA9
[2026-04-13 11:42:21] [INFO] [XDEX] SOL/USDC | spread: 0.0225% | fees: 0.0200% | PROFITABLE | hi: Orca (81.939810) 83v8iPyZihDEjDdY8RdZddyZNyUtXngz69Lgo9Kt5d6d | lo: Raydium CLMM (81.921341) 3ucNos4NbumPLZNWztqGHNFFgkHeRMBQAVemeeomsUxv
[2026-04-13 11:42:21] [INFO] [LocalExec] Net negative after local math: -1758.9579 USD — skipping
[2026-04-13 11:42:21] [INFO] [LocalExec] Net negative after local math: -601.0266 USD — skipping
[2026-04-13 11:42:21] [INFO] [LocalExec] Net negative after local math: -183.9957 USD — skipping
[2026-04-13 11:42:21] [INFO] [LocalExec] Net negative after local math: -34.0199 USD — skipping
[2026-04-13 11:42:21] [INFO] [LocalExec] Net negative after local math: -8.9687 USD — skipping
[2026-04-13 11:42:21] [INFO] [LocalExec] Net negative after local math: -2.3043 USD — skipping
[2026-04-13 11:42:22] [INFO] [XDEX] SOL/BONK | spread: 0.0633% | fees: 0.0900% | sub-fee | hi: Orca (14570636.727235) 4VG8VFNo3EXiTA75mhh48qv55S6m3VA2uTQCzEt8kczb | lo: Orca (14561419.405989) 5zpyutJu9ee6jFymDGoK7F6S5Kczqtc9FomP3ueKuyA9
[2026-04-13 11:42:25] [INFO] [XDEX] SOL/USDC | spread: 0.0355% | fees: 0.0200% | PROFITABLE | hi: Orca (81.950399) 83v8iPyZihDEjDdY8RdZddyZNyUtXngz69Lgo9Kt5d6d | lo: Raydium CLMM (81.921341) 3ucNos4NbumPLZNWztqGHNFFgkHeRMBQAVemeeomsUxv
[2026-04-13 11:42:25] [INFO] [LocalExec] Net negative after local math: -1759.0291 USD — skipping
[2026-04-13 11:42:25] [INFO] [LocalExec] Net negative after local math: -600.9905 USD — skipping
[2026-04-13 11:42:25] [INFO] [LocalExec] Net negative after local math: -183.9453 USD — skipping
[2026-04-13 11:42:25] [INFO] [LocalExec] Net negative after local math: -33.9880 USD — skipping
[2026-04-13 11:42:25] [INFO] [LocalExec] Net negative after local math: -8.9503 USD — skipping
[2026-04-13 11:42:25] [INFO] [LocalExec] Net negative after local math: -2.2944 USD — skipping
[2026-04-13 11:42:30] [INFO] [XDEX] SOL/USDC | spread: 0.0286% | fees: 0.0200% | PROFITABLE | hi: Orca (81.950399) 83v8iPyZihDEjDdY8RdZddyZNyUtXngz69Lgo9Kt5d6d | lo: Raydium CLMM (81.926957) 3ucNos4NbumPLZNWztqGHNFFgkHeRMBQAVemeeomsUxv
[2026-04-13 11:42:30] [INFO] [LocalExec] Net negative after local math: -1759.1331 USD — skipping
[2026-04-13 11:42:30] [INFO] [LocalExec] Net negative after local math: -601.0616 USD — skipping
[2026-04-13 11:42:30] [INFO] [LocalExec] Net negative after local math: -183.9888 USD — skipping
[2026-04-13 11:42:30] [INFO] [LocalExec] Net negative after local math: -34.0082 USD — skipping
[2026-04-13 11:42:30] [INFO] [LocalExec] Net negative after local math: -8.9610 USD — skipping
[2026-04-13 11:42:30] [INFO] [LocalExec] Net negative after local math: -2.2999 USD — skipping
[2026-04-13 11:42:36] [INFO] [XDEX] SOL/USDC | spread: 0.0286% | fees: 0.0200% | PROFITABLE | hi: Orca (81.950399) 83v8iPyZihDEjDdY8RdZddyZNyUtXngz69Lgo9Kt5d6d | lo: Raydium CLMM (81.926957) 3ucNos4NbumPLZNWztqGHNFFgkHeRMBQAVemeeomsUxv
[2026-04-13 11:42:36] [INFO] [LocalExec] Net negative after local math: -1758.7037 USD — skipping
[2026-04-13 11:42:36] [INFO] [LocalExec] Net negative after local math: -600.9149 USD — skipping
[2026-04-13 11:42:36] [INFO] [LocalExec] Net negative after local math: -183.9439 USD — skipping
[2026-04-13 11:42:36] [INFO] [LocalExec] Net negative after local math: -33.9999 USD — skipping
[2026-04-13 11:42:36] [INFO] [LocalExec] Net negative after local math: -8.9588 USD — skipping
[2026-04-13 11:42:36] [INFO] [LocalExec] Net negative after local math: -2.2993 USD — skipping
[2026-04-13 11:42:46] [INFO] [XDEX] SOL/USDC | spread: 0.0286% | fees: 0.0200% | PROFITABLE | hi: Orca (81.950399) 83v8iPyZihDEjDdY8RdZddyZNyUtXngz69Lgo9Kt5d6d | lo: Raydium CLMM (81.926957) 3ucNos4NbumPLZNWztqGHNFFgkHeRMBQAVemeeomsUxv
[2026-04-13 11:42:46] [INFO] [LocalExec] Net negative after local math: -1758.9184 USD — skipping
[2026-04-13 11:42:46] [INFO] [LocalExec] Net negative after local math: -600.9882 USD — skipping
[2026-04-13 11:42:46] [INFO] [LocalExec] Net negative after local math: -183.9664 USD — skipping
[2026-04-13 11:42:46] [INFO] [LocalExec] Net negative after local math: -34.0040 USD — skipping
[2026-04-13 11:42:46] [INFO] [LocalExec] Net negative after local math: -8.9599 USD — skipping
[2026-04-13 11:42:46] [INFO] [LocalExec] Net negative after local math: -2.2996 USD — skipping
[2026-04-13 11:42:49] [INFO] 
SIGINT received — shutting down...
[2026-04-13 11:42:49] [INFO] 📊 STATS | Slots: 125 | Detected: 0 | Attempted: 0 | Sent: 0 | Success: 0 | Profit: ~$0.00
[2026-04-13 11:42:49] [INFO] [PoolWatcher] All subscriptions removed
[2026-04-13 11:45:10] [INFO] ════════════════════════════════════════════════════════════
[2026-04-13 11:45:10] [INFO]   🤖 SOLANA FLASHLOAN ARB BOT — STARTING
[2026-04-13 11:45:10] [INFO] ════════════════════════════════════════════════════════════
[2026-04-13 11:45:10] [INFO] ✅ Discord alerts enabled
[2026-04-13 11:45:10] [INFO] ✅ Discord tx-log channel enabled
[2026-04-13 11:45:10] [INFO] ✅ Connected to primary RPC (mainnet.helius-rpc.com)
[2026-04-13 11:45:10] [INFO] [Price] Seeded SOL/USD = $82.00
[2026-04-13 11:45:10] [INFO] Wallet:          ESzi3jyKV4EWi1TC36nRwLiHHDVTmzn9iCFTotToyhC3
[2026-04-13 11:45:10] [INFO] SOL Balance:     0.1821 SOL
[2026-04-13 11:45:10] [INFO] [Scanner] Loaded 5 pairs from pairs.json
[2026-04-13 11:45:10] [INFO] [Executor] Initializing MarginFi flashloan client...
[2026-04-13 11:45:10] [INFO] [Executor] 429 circuit breaker installed on MarginFi connection
[2026-04-13 11:45:10] [INFO] [Executor] MarginFi loaded. Banks: 1
[2026-04-13 11:45:11] [INFO] [Executor] Loaded saved MarginFi account: 9H89EXD35fcEHV5Sj3c1662GWZzLrPZ89zm2EMFyP9n8
[2026-04-13 11:45:11] [INFO] [Executor] MarginFi account: 9H89EXD35fcEHV5Sj3c1662GWZzLrPZ89zm2EMFyP9n8
[2026-04-13 11:45:11] [INFO] [Executor] ✅ Flash loan ready (all MarginFi accounts support flashloans)
[2026-04-13 11:45:11] [INFO] [Executor] MFI account overrides cached (group: 4qp6Fx6t...)
[2026-04-13 11:45:11] [INFO] [Executor] MFI instruction templates cached ✅
[2026-04-13 11:45:11] [INFO] [Executor] Initializing Kamino flashloan templates...
[2026-04-13 11:45:11] [INFO] [Executor] Kamino flashloan templates cached ✅ (wsolAta: DQwQCSZL...)
[2026-04-13 11:45:11] [INFO] [Executor] Blockhash cache started (refresh every 200ms) ✅
[2026-04-13 11:45:11] [INFO] 
[2026-04-13 11:45:11] [INFO] Active pairs (5):
[2026-04-13 11:45:11] [INFO]   1. SOL/USDT [anchor]
[2026-04-13 11:45:11] [INFO]   2. SOL/USDC
[2026-04-13 11:45:11] [INFO]   3. SOL/BONK
[2026-04-13 11:45:11] [INFO]   4. SOL/WIF
[2026-04-13 11:45:11] [INFO]   5. SOL/FARTCOIN
[2026-04-13 11:45:11] [INFO] 
[2026-04-13 11:45:11] [INFO] [Scheduler] Next update in 13 day(s) on 26/4/2026
[2026-04-13 11:45:11] [INFO] 
[2026-04-13 11:45:11] [INFO] Trigger:         WebSocket pool subscriptions (~50-100ms) + slot fallback every 62 slots
[2026-04-13 11:45:11] [INFO] Flashloan size:  1–100 SOL (dynamic)
[2026-04-13 11:45:11] [INFO] Min profit:      $0.05
[2026-04-13 11:45:11] [INFO] 
[2026-04-13 11:45:11] [INFO] [Price] ✅ Binance WS connected — SOL/USD updating in real-time
[2026-04-13 11:45:11] [INFO] [PoolWatcher] Fetching pool addresses (Orca + Raydium + Meteora)...
[2026-04-13 11:45:18] [INFO] [PoolWatcher] ✅ 53 subscriptions — Orca:40 | Raydium CLMM:5 | Raydium AMM:5 | Meteora:3
[2026-04-13 11:45:18] [INFO] [PoolWatcher]   SOL/USDT → 10 subs (Orca:8 Raydium CLMM:1 Raydium AMM:1)
[2026-04-13 11:45:18] [INFO] [PoolWatcher]   SOL/USDC → 10 subs (Orca:8 Raydium CLMM:1 Raydium AMM:1)
[2026-04-13 11:45:18] [INFO] [PoolWatcher]   SOL/BONK → 11 subs (Orca:8 Raydium CLMM:1 Raydium AMM:1 Meteora:1)
[2026-04-13 11:45:18] [INFO] [PoolWatcher]   SOL/WIF → 11 subs (Orca:8 Raydium CLMM:1 Raydium AMM:1 Meteora:1)
[2026-04-13 11:45:18] [INFO] [PoolWatcher]   SOL/FARTCOIN → 11 subs (Orca:8 Raydium CLMM:1 Raydium AMM:1 Meteora:1)
[2026-04-13 11:45:18] [INFO] [LocalPools] Registered 48 pools (Orca + Raydium CLMM + Meteora) for local math
[2026-04-13 11:45:18] [INFO] [LocalPools] Seeding pool cache with initial RPC data...
[2026-04-13 11:45:18] [INFO] [LocalPools] Seeded 43 pools in cache
[2026-04-13 11:45:18] [INFO] [Scheduler] Monthly pair updater scheduled ✅
[2026-04-13 11:45:18] [INFO] ✅ Bot is live. Press Ctrl+C to stop.

[2026-04-13 11:45:20] [INFO] [XDEX] SOL/BONK | spread: 0.0068% | fees: 0.0900% | sub-fee | hi: Orca (14570246.592421) 4VG8VFNo3EXiTA75mhh48qv55S6m3VA2uTQCzEt8kczb | lo: Orca (14569258.070370) 5zpyutJu9ee6jFymDGoK7F6S5Kczqtc9FomP3ueKuyA9
[2026-04-13 11:45:23] [INFO] [XDEX] SOL/BONK | spread: 0.0068% | fees: 0.0900% | sub-fee | hi: Orca (14570246.592421) 4VG8VFNo3EXiTA75mhh48qv55S6m3VA2uTQCzEt8kczb | lo: Orca (14569258.940293) 5zpyutJu9ee6jFymDGoK7F6S5Kczqtc9FomP3ueKuyA9
[2026-04-13 11:45:24] [INFO] [XDEX] SOL/USDC | spread: 0.0241% | fees: 0.0200% | PROFITABLE | hi: Orca (82.012382) 83v8iPyZihDEjDdY8RdZddyZNyUtXngz69Lgo9Kt5d6d | lo: Raydium CLMM (81.992626) 3ucNos4NbumPLZNWztqGHNFFgkHeRMBQAVemeeomsUxv
[2026-04-13 11:45:24] [INFO] [LocalExec] Small loan (2.0 SOL) — trusting spread, skipping computeSwap gate | local math: -8.9777 USD
[2026-04-13 11:45:24] [INFO] 🎯 LOCAL EXEC — SOL/USDC | spread: 0.024% | loan: 2.0 SOL | profit: ~$-8.9777 | buy: Orca@83v8iPyZ → sell: Raydium CLMM@3ucNos4N
[2026-04-13 11:45:24] [INFO] [LocalExec] Refreshed Raydium pool state for 3ucNos4N
[2026-04-13 11:45:24] [INFO] [LocalExec] Jito tip: 50000 lamports (~$0.0041)
[2026-04-13 11:45:24] [INFO] [LocalExec] borrowIxIndex dynamically set to 2
[2026-04-13 11:45:24] [INFO] [LocalExec] Tx size: 1217 bytes | 10 instructions
[2026-04-13 11:45:24] [INFO] [LocalExec] Jito accepted via frankfurt
[2026-04-13 11:45:24] [INFO] [LAT] gate=4ms build=130ms sign=29ms submit=56ms TOTAL=219ms
[2026-04-13 11:45:24] [INFO] [LocalExec] ✅ Tx submitted: 3ycxMS1UG5nxoSLL1p5XJDztGDtFr97K6AGqUdV5E9WRTL2NWMboatfFU3RJqVBHomwHUFAhYsuuxEgpXnWtuUM2
[2026-04-13 11:45:24] [INFO] [LocalExec] Jito accepted via mainnet
[2026-04-13 11:45:24] [INFO] [LocalExec] Jito accepted via amsterdam
[2026-04-13 11:45:27] [INFO] [XDEX] SOL/USDC | spread: 0.0231% | fees: 0.0200% | PROFITABLE | hi: Orca (82.012382) 83v8iPyZihDEjDdY8RdZddyZNyUtXngz69Lgo9Kt5d6d | lo: Raydium CLMM (81.993452) 3ucNos4NbumPLZNWztqGHNFFgkHeRMBQAVemeeomsUxv
[2026-04-13 11:45:27] [INFO] [LocalExec] Small loan (2.0 SOL) — trusting spread, skipping computeSwap gate | local math: -8.9782 USD
[2026-04-13 11:45:27] [INFO] 🎯 LOCAL EXEC — SOL/USDC | spread: 0.023% | loan: 2.0 SOL | profit: ~$-8.9782 | buy: Orca@83v8iPyZ → sell: Raydium CLMM@3ucNos4N
[2026-04-13 11:45:27] [INFO] [LocalExec] Refreshed Raydium pool state for 3ucNos4N
[2026-04-13 11:45:27] [INFO] [LocalExec] Jito tip: 50000 lamports (~$0.0041)
[2026-04-13 11:45:27] [INFO] [LocalExec] borrowIxIndex dynamically set to 2
[2026-04-13 11:45:27] [INFO] [LocalExec] Tx size: 1217 bytes | 10 instructions
[2026-04-13 11:45:27] [INFO] [LocalExec] Jito accepted via frankfurt
[2026-04-13 11:45:27] [INFO] [LAT] gate=1ms build=112ms sign=7ms submit=17ms TOTAL=137ms
[2026-04-13 11:45:27] [INFO] [LocalExec] ✅ Tx submitted: 2NUNeTHsU36xTqcg9QoK4huscdHFTgnDSTyUt4UevqcRzh4w4tmF6JEyNAzmMwAoTzWFwe39RYU7fK8eDiKcag8Z
[2026-04-13 11:45:27] [INFO] [LocalExec] Jito accepted via mainnet
[2026-04-13 11:45:27] [INFO] [LocalExec] Jito accepted via amsterdam
[2026-04-13 11:45:36] [INFO] [XDEX] SOL/USDC | spread: 0.0241% | fees: 0.0200% | PROFITABLE | hi: Orca (82.012382) 83v8iPyZihDEjDdY8RdZddyZNyUtXngz69Lgo9Kt5d6d | lo: Raydium CLMM (81.992626) 3ucNos4NbumPLZNWztqGHNFFgkHeRMBQAVemeeomsUxv
[2026-04-13 11:45:36] [INFO] [LocalExec] Small loan (2.0 SOL) — trusting spread, skipping computeSwap gate | local math: -8.9777 USD
[2026-04-13 11:45:36] [INFO] 🎯 LOCAL EXEC — SOL/USDC | spread: 0.024% | loan: 2.0 SOL | profit: ~$-8.9777 | buy: Orca@83v8iPyZ → sell: Raydium CLMM@3ucNos4N
[2026-04-13 11:45:36] [INFO] [LocalExec] Refreshed Raydium pool state for 3ucNos4N
[2026-04-13 11:45:36] [INFO] [LocalExec] Jito tip: 50000 lamports (~$0.0041)
[2026-04-13 11:45:36] [INFO] [LocalExec] borrowIxIndex dynamically set to 2
[2026-04-13 11:45:36] [INFO] [LocalExec] Tx size: 1217 bytes | 10 instructions
[2026-04-13 11:45:37] [INFO] [LocalExec] Jito accepted via mainnet
[2026-04-13 11:45:37] [INFO] [LAT] gate=1ms build=79ms sign=16ms submit=38ms TOTAL=134ms
[2026-04-13 11:45:37] [INFO] [LocalExec] ✅ Tx submitted: 42M3B9fzSqM23gMg2sc117ZfW4wMnPCDMEjT6FN8VJEVq13rGtcotgMZTS9XLLWay1bQnNG5JdMbaVAtBbsWgDpF
[2026-04-13 11:45:37] [INFO] [LocalExec] Jito accepted via frankfurt
[2026-04-13 11:45:37] [INFO] [LocalExec] Jito accepted via amsterdam
[2026-04-13 11:45:37] [ERROR] [Executor] Tx failed on-chain: {"InstructionError":[6,{"Custom":6038}]}
[2026-04-13 11:45:40] [INFO] [XDEX] SOL/USDC | spread: 0.0231% | fees: 0.0200% | PROFITABLE | hi: Orca (82.012382) 83v8iPyZihDEjDdY8RdZddyZNyUtXngz69Lgo9Kt5d6d | lo: Raydium CLMM (81.993452) 3ucNos4NbumPLZNWztqGHNFFgkHeRMBQAVemeeomsUxv
[2026-04-13 11:45:40] [INFO] [LocalExec] Small loan (2.0 SOL) — trusting spread, skipping computeSwap gate | local math: -8.9793 USD
[2026-04-13 11:45:40] [INFO] 🎯 LOCAL EXEC — SOL/USDC | spread: 0.023% | loan: 2.0 SOL | profit: ~$-8.9793 | buy: Orca@83v8iPyZ → sell: Raydium CLMM@3ucNos4N
[2026-04-13 11:45:40] [INFO] [LocalExec] Refreshed Raydium pool state for 3ucNos4N
[2026-04-13 11:45:40] [INFO] [LocalExec] Jito tip: 50000 lamports (~$0.0041)
[2026-04-13 11:45:40] [INFO] [LocalExec] borrowIxIndex dynamically set to 2
[2026-04-13 11:45:40] [ERROR] [LocalExec] Error: failed to get recent blockhash: Error: 429 Too Many Requests: {"jsonrpc":"2.0","error":{"code":-32429,"message":"rate limited"}}
[2026-04-13 11:45:40] [ERROR] [LocalExec] Stack: Error: failed to get recent blockhash: Error: 429 Too Many Requests: {"jsonrpc":"2.0","error":{"code":-32429,"message":"rate limited"}}
    at Connection.getLatestBlockhash (/home/mohitsingh_pop1/ARB-BOT/node_modules/@solana/web3.js/lib/index.cjs.js:7228:13)
    at process.processTicksAndRejections (node:internal/process/task_queues:95:5)
    at async Executor.executeLocal (/home/mohitsingh_pop1/ARB-BOT/src/executor.js:1313:29)
    at async wsCallback (/home/mohitsingh_pop1/ARB-BOT/src/bot.js:298:44)
[2026-04-13 11:45:40] [INFO] [LocalExec] Small loan (1.0 SOL) — trusting spread, skipping computeSwap gate | local math: -2.3068 USD
[2026-04-13 11:45:40] [INFO] 🎯 LOCAL EXEC — SOL/USDC | spread: 0.023% | loan: 1.0 SOL | profit: ~$-2.3068 | buy: Orca@83v8iPyZ → sell: Raydium CLMM@3ucNos4N
[2026-04-13 11:45:40] [WARN] [LocalExec] Raydium fresh fetch failed (429?): failed to get info about account 3ucNos4NbumPLZNWztqGHNFFgkHeRMBQAVemeeomsUxv: E
[2026-04-13 11:45:40] [INFO] [LocalExec] Jito tip: 50000 lamports (~$0.0041)
[2026-04-13 11:45:40] [INFO] [LocalExec] borrowIxIndex dynamically set to 2
[2026-04-13 11:45:40] [ERROR] [LocalExec] Error: failed to get recent blockhash: Error: 429 Too Many Requests: {"jsonrpc":"2.0","error":{"code":-32429,"message":"rate limited"}}
[2026-04-13 11:45:40] [ERROR] [LocalExec] Stack: Error: failed to get recent blockhash: Error: 429 Too Many Requests: {"jsonrpc":"2.0","error":{"code":-32429,"message":"rate limited"}}
    at Connection.getLatestBlockhash (/home/mohitsingh_pop1/ARB-BOT/node_modules/@solana/web3.js/lib/index.cjs.js:7228:13)
    at process.processTicksAndRejections (node:internal/process/task_queues:95:5)
    at async Executor.executeLocal (/home/mohitsingh_pop1/ARB-BOT/src/executor.js:1313:29)
    at async wsCallback (/home/mohitsingh_pop1/ARB-BOT/src/bot.js:298:44)
[2026-04-13 11:45:40] [ERROR] [Executor] Tx failed on-chain: {"InstructionError":[6,{"Custom":6038}]}
[2026-04-13 11:45:44] [INFO] [XDEX] SOL/USDC | spread: 0.0467% | fees: 0.0200% | PROFITABLE | hi: Orca (82.031765) 83v8iPyZihDEjDdY8RdZddyZNyUtXngz69Lgo9Kt5d6d | lo: Raydium CLMM (81.993452) 3ucNos4NbumPLZNWztqGHNFFgkHeRMBQAVemeeomsUxv
[2026-04-13 11:45:44] [INFO] [LocalExec] Small loan (2.0 SOL) — trusting spread, skipping computeSwap gate | local math: -8.9437 USD
[2026-04-13 11:45:44] [INFO] 🎯 LOCAL EXEC — SOL/USDC | spread: 0.047% | loan: 2.0 SOL | profit: ~$-8.9437 | buy: Orca@83v8iPyZ → sell: Raydium CLMM@3ucNos4N
[2026-04-13 11:45:44] [WARN] [LocalExec] Raydium fresh fetch failed (429?): failed to get info about account 3ucNos4NbumPLZNWztqGHNFFgkHeRMBQAVemeeomsUxv: E
[2026-04-13 11:45:44] [INFO] [LocalExec] Jito tip: 50000 lamports (~$0.0041)
[2026-04-13 11:45:44] [INFO] [LocalExec] borrowIxIndex dynamically set to 2
[2026-04-13 11:45:44] [INFO] [LocalExec] Tx size: 1217 bytes | 10 instructions
[2026-04-13 11:45:44] [INFO] [LocalExec] Jito accepted via frankfurt
[2026-04-13 11:45:44] [INFO] [LAT] gate=1ms build=87ms sign=16ms submit=38ms TOTAL=142ms
[2026-04-13 11:45:44] [INFO] [LocalExec] ✅ Tx submitted: 5mE2i41oG7PA2jJvcTFR8yvwtnFmrTJqFqvovBV3f2y5stWfCpkppkAd7bwTPEx5fsEE6Ft6LL2LiVmL1khrB2GY
[2026-04-13 11:45:44] [INFO] [LocalExec] Jito accepted via mainnet
[2026-04-13 11:45:44] [INFO] [LocalExec] Jito accepted via amsterdam
[2026-04-13 11:45:48] [INFO] [XDEX] SOL/USDC | spread: 0.0154% | fees: 0.0200% | sub-fee | hi: Raydium CLMM (81.993514) 3ucNos4NbumPLZNWztqGHNFFgkHeRMBQAVemeeomsUxv | lo: Orca (81.980877) 83v8iPyZihDEjDdY8RdZddyZNyUtXngz69Lgo9Kt5d6d
[2026-04-13 11:45:50] [ERROR] [Executor] Tx failed on-chain: {"InstructionError":[6,{"Custom":6038}]}
[2026-04-13 11:45:51] [INFO] [XDEX] SOL/USDC | spread: 0.0557% | fees: 0.0200% | PROFITABLE | hi: Raydium CLMM (81.993514) 3ucNos4NbumPLZNWztqGHNFFgkHeRMBQAVemeeomsUxv | lo: Orca (81.947900) 83v8iPyZihDEjDdY8RdZddyZNyUtXngz69Lgo9Kt5d6d
[2026-04-13 11:45:51] [INFO] [LocalExec] Small loan (2.0 SOL) — trusting spread, skipping computeSwap gate | local math: -8.9293 USD
[2026-04-13 11:45:51] [INFO] 🎯 LOCAL EXEC — SOL/USDC | spread: 0.056% | loan: 2.0 SOL | profit: ~$-8.9293 | buy: Raydium CLMM@3ucNos4N → sell: Orca@83v8iPyZ
[2026-04-13 11:45:51] [INFO] [LocalExec] Refreshed Raydium pool state for 3ucNos4N
[2026-04-13 11:45:51] [INFO] [LocalExec] Jito tip: 50000 lamports (~$0.0041)
[2026-04-13 11:45:51] [INFO] [LocalExec] borrowIxIndex dynamically set to 2
[2026-04-13 11:45:51] [INFO] [LocalExec] Tx size: 1217 bytes | 10 instructions
[2026-04-13 11:45:51] [INFO] [LocalExec] Jito accepted via mainnet
[2026-04-13 11:45:51] [INFO] [LAT] gate=1ms build=92ms sign=16ms submit=38ms TOTAL=147ms
[2026-04-13 11:45:51] [INFO] [LocalExec] ✅ Tx submitted: 24kzhv6pz3cqWgHo8H1RruTZo9fCQwhsPaG4rNfB5gontgnMK863zjig93s5EMqCgrVSwxqt8hBTz9EsPeqwYedu
[2026-04-13 11:45:51] [INFO] [LocalExec] Jito accepted via frankfurt
[2026-04-13 11:45:51] [INFO] [LocalExec] Jito accepted via amsterdam
[2026-04-13 11:45:52] [ERROR] Unhandled rejection: Error: 429 Too Many Requests: {"jsonrpc":"2.0","error":{"code":-32429,"message":"rate limited"}}
[2026-04-13 11:45:53] [INFO] 
SIGINT received — shutting down...
[2026-04-13 11:45:53] [INFO] 📊 STATS | Slots: 49 | Detected: 0 | Attempted: 7 | Sent: 5 | Success: 0 | Profit: ~$0.00
[2026-04-13 11:45:53] [INFO] [PoolWatcher] All subscriptions removed
[2026-04-13 11:47:40] [INFO] ════════════════════════════════════════════════════════════
[2026-04-13 11:47:40] [INFO]   🤖 SOLANA FLASHLOAN ARB BOT — STARTING
[2026-04-13 11:47:40] [INFO] ════════════════════════════════════════════════════════════
[2026-04-13 11:47:40] [INFO] ✅ Discord alerts enabled
[2026-04-13 11:47:40] [INFO] ✅ Discord tx-log channel enabled
[2026-04-13 11:47:40] [INFO] ✅ Connected to primary RPC (mainnet.helius-rpc.com)
[2026-04-13 11:47:40] [INFO] [Price] Seeded SOL/USD = $82.03
[2026-04-13 11:47:40] [INFO] Wallet:          ESzi3jyKV4EWi1TC36nRwLiHHDVTmzn9iCFTotToyhC3
[2026-04-13 11:47:40] [INFO] SOL Balance:     0.1821 SOL
[2026-04-13 11:47:40] [INFO] [Scanner] Loaded 5 pairs from pairs.json
[2026-04-13 11:47:40] [INFO] [Executor] Initializing MarginFi flashloan client...
[2026-04-13 11:47:40] [INFO] [Executor] 429 circuit breaker installed on MarginFi connection
[2026-04-13 11:47:41] [INFO] [Executor] MarginFi loaded. Banks: 1
[2026-04-13 11:47:41] [INFO] [Executor] Loaded saved MarginFi account: 9H89EXD35fcEHV5Sj3c1662GWZzLrPZ89zm2EMFyP9n8
[2026-04-13 11:47:41] [INFO] [Executor] MarginFi account: 9H89EXD35fcEHV5Sj3c1662GWZzLrPZ89zm2EMFyP9n8
[2026-04-13 11:47:41] [INFO] [Executor] ✅ Flash loan ready (all MarginFi accounts support flashloans)
[2026-04-13 11:47:41] [INFO] [Executor] MFI account overrides cached (group: 4qp6Fx6t...)
[2026-04-13 11:47:41] [INFO] [Executor] MFI instruction templates cached ✅
[2026-04-13 11:47:41] [INFO] [Executor] Initializing Kamino flashloan templates...
[2026-04-13 11:47:41] [INFO] [Executor] Kamino flashloan templates cached ✅ (wsolAta: DQwQCSZL...)
[2026-04-13 11:47:41] [INFO] [Executor] Blockhash cache started (refresh every 200ms) ✅
[2026-04-13 11:47:41] [INFO] 
[2026-04-13 11:47:41] [INFO] Active pairs (5):
[2026-04-13 11:47:41] [INFO]   1. SOL/USDT [anchor]
[2026-04-13 11:47:41] [INFO]   2. SOL/USDC
[2026-04-13 11:47:41] [INFO]   3. SOL/BONK
[2026-04-13 11:47:41] [INFO]   4. SOL/WIF
[2026-04-13 11:47:41] [INFO]   5. SOL/FARTCOIN
[2026-04-13 11:47:41] [INFO] 
[2026-04-13 11:47:41] [INFO] [Scheduler] Next update in 13 day(s) on 26/4/2026
[2026-04-13 11:47:41] [INFO] 
[2026-04-13 11:47:41] [INFO] Trigger:         WebSocket pool subscriptions (~50-100ms) + slot fallback every 62 slots
[2026-04-13 11:47:41] [INFO] Flashloan size:  1–100 SOL (dynamic)
[2026-04-13 11:47:41] [INFO] Min profit:      $0.05
[2026-04-13 11:47:41] [INFO] 
[2026-04-13 11:47:41] [INFO] [Price] ✅ Binance WS connected — SOL/USD updating in real-time
[2026-04-13 11:47:42] [INFO] [PoolWatcher] Fetching pool addresses (Orca + Raydium + Meteora)...
[2026-04-13 11:47:49] [INFO] [PoolWatcher] ✅ 53 subscriptions — Orca:40 | Raydium CLMM:5 | Raydium AMM:5 | Meteora:3
[2026-04-13 11:47:49] [INFO] [PoolWatcher]   SOL/USDT → 10 subs (Orca:8 Raydium CLMM:1 Raydium AMM:1)
[2026-04-13 11:47:49] [INFO] [PoolWatcher]   SOL/USDC → 10 subs (Orca:8 Raydium CLMM:1 Raydium AMM:1)
[2026-04-13 11:47:49] [INFO] [PoolWatcher]   SOL/BONK → 11 subs (Orca:8 Raydium CLMM:1 Raydium AMM:1 Meteora:1)
[2026-04-13 11:47:49] [INFO] [PoolWatcher]   SOL/WIF → 11 subs (Orca:8 Raydium CLMM:1 Raydium AMM:1 Meteora:1)
[2026-04-13 11:47:49] [INFO] [PoolWatcher]   SOL/FARTCOIN → 11 subs (Orca:8 Raydium CLMM:1 Raydium AMM:1 Meteora:1)
[2026-04-13 11:47:49] [INFO] [LocalPools] Registered 48 pools (Orca + Raydium CLMM + Meteora) for local math
[2026-04-13 11:47:49] [INFO] [LocalPools] Seeding pool cache with initial RPC data...
[2026-04-13 11:47:49] [INFO] [LocalPools] Seeded 43 pools in cache
[2026-04-13 11:47:49] [INFO] [Scheduler] Monthly pair updater scheduled ✅
[2026-04-13 11:47:49] [INFO] ✅ Bot is live. Press Ctrl+C to stop.

[2026-04-13 11:47:50] [INFO] [XDEX] SOL/USDC | spread: 0.0090% | fees: 0.0900% | sub-fee | hi: Orca (81.951371) 7qbRF6YsyGuLUVs6Y1q64bdVrfe4ZcUUz1JRdoVNUJnm | lo: Orca (81.943993) Czfq3xZZDmsdGdUyrNLtRhGc47cXcZtLG4crryfu44zE
[2026-04-13 11:48:02] [INFO] [XDEX] SOL/USDC | spread: 0.0090% | fees: 0.0900% | sub-fee | hi: Orca (81.951371) 7qbRF6YsyGuLUVs6Y1q64bdVrfe4ZcUUz1JRdoVNUJnm | lo: Orca (81.943993) Czfq3xZZDmsdGdUyrNLtRhGc47cXcZtLG4crryfu44zE
[2026-04-13 11:48:04] [INFO] [XDEX] SOL/WIF | spread: 0.2197% | fees: 0.0900% | PROFITABLE | hi: Orca (435.897004) 4E6q7eJE6vBNdquqzYYi5gvzd5MNpwiQKhjbRTRQGuQd | lo: Orca (434.941649) D6NdKrKNQPmRZCCnG1GqXtF7MMoHB7qR6GU5TkG59Qz1
[2026-04-13 11:48:04] [INFO] [LocalExec] Small loan (2.0 SOL) — trusting spread, skipping computeSwap gate | local math: -53.8049 USD
[2026-04-13 11:48:04] [INFO] 🎯 LOCAL EXEC — SOL/WIF | spread: 0.220% | loan: 2.0 SOL | profit: ~$-53.8049 | buy: Orca@4E6q7eJE → sell: Orca@D6NdKrKN
[2026-04-13 11:48:04] [INFO] [LocalExec] Jito tip: 50000 lamports (~$0.0041)
[2026-04-13 11:48:04] [INFO] [LocalExec] borrowIxIndex dynamically set to 2
[2026-04-13 11:48:04] [INFO] [LocalExec] Tx size: 1153 bytes | 10 instructions
[2026-04-13 11:48:04] [INFO] [LocalExec] Jito accepted via mainnet
[2026-04-13 11:48:04] [INFO] [LAT] gate=3ms build=77ms sign=39ms submit=45ms TOTAL=164ms
[2026-04-13 11:48:04] [INFO] [LocalExec] ✅ Tx submitted: 4W2NheCGSPC4HNjKJxDrFuex3edTH3yfE2cnXcrYWahFTSamAFT8rYHa3M8Uyd6cBMk4EkiADzrFMEnCYGepzd4E
[2026-04-13 11:48:04] [INFO] [LocalExec] Jito accepted via frankfurt
[2026-04-13 11:48:04] [INFO] [LocalExec] Jito accepted via amsterdam
[2026-04-13 11:48:05] [INFO] [XDEX] SOL/USDC | spread: 0.0111% | fees: 0.0900% | sub-fee | hi: Orca (81.951371) 7qbRF6YsyGuLUVs6Y1q64bdVrfe4ZcUUz1JRdoVNUJnm | lo: Orca (81.942235) Czfq3xZZDmsdGdUyrNLtRhGc47cXcZtLG4crryfu44zE
[2026-04-13 11:48:09] [INFO] [XDEX] SOL/USDC | spread: 0.0199% | fees: 0.0900% | sub-fee | hi: Orca (81.917678) 7qbRF6YsyGuLUVs6Y1q64bdVrfe4ZcUUz1JRdoVNUJnm | lo: Orca (81.901412) Czfq3xZZDmsdGdUyrNLtRhGc47cXcZtLG4crryfu44zE
[2026-04-13 11:48:12] [INFO] [XDEX] SOL/BONK | spread: 0.0138% | fees: 0.0900% | sub-fee | hi: Orca (14572263.036950) 5zpyutJu9ee6jFymDGoK7F6S5Kczqtc9FomP3ueKuyA9 | lo: Orca (14570246.592421) 4VG8VFNo3EXiTA75mhh48qv55S6m3VA2uTQCzEt8kczb
[2026-04-13 11:48:15] [INFO] [XDEX] SOL/WIF | spread: 0.2197% | fees: 0.0900% | PROFITABLE | hi: Orca (435.897004) 4E6q7eJE6vBNdquqzYYi5gvzd5MNpwiQKhjbRTRQGuQd | lo: Orca (434.941456) D6NdKrKNQPmRZCCnG1GqXtF7MMoHB7qR6GU5TkG59Qz1
[2026-04-13 11:48:15] [INFO] [LocalExec] Small loan (2.0 SOL) — trusting spread, skipping computeSwap gate | local math: -53.7786 USD
[2026-04-13 11:48:15] [INFO] 🎯 LOCAL EXEC — SOL/WIF | spread: 0.220% | loan: 2.0 SOL | profit: ~$-53.7786 | buy: Orca@4E6q7eJE → sell: Orca@D6NdKrKN
[2026-04-13 11:48:15] [INFO] [LocalExec] Jito tip: 50000 lamports (~$0.0041)
[2026-04-13 11:48:15] [INFO] [LocalExec] borrowIxIndex dynamically set to 2
[2026-04-13 11:48:16] [INFO] [LocalExec] Tx size: 1153 bytes | 10 instructions
[2026-04-13 11:48:16] [INFO] [LocalExec] Jito accepted via frankfurt
[2026-04-13 11:48:16] [INFO] [LAT] gate=1ms build=52ms sign=20ms submit=47ms TOTAL=120ms
[2026-04-13 11:48:16] [INFO] [LocalExec] ✅ Tx submitted: 65o1Ej2WkZYhLRe2c6mFysV2q9a9pFgQfkZ814act8AXa68uLhWGja1QMQYZetnXhJJqNAqE12sZJuXAaZQA8Qhr
[2026-04-13 11:48:16] [INFO] [LocalExec] Jito accepted via mainnet
[2026-04-13 11:48:16] [INFO] [LocalExec] Jito accepted via amsterdam
[2026-04-13 11:48:16] [INFO] [XDEX] SOL/BONK | spread: 0.0134% | fees: 0.0900% | sub-fee | hi: Orca (14572199.030313) 5zpyutJu9ee6jFymDGoK7F6S5Kczqtc9FomP3ueKuyA9 | lo: Orca (14570246.592421) 4VG8VFNo3EXiTA75mhh48qv55S6m3VA2uTQCzEt8kczb
[2026-04-13 11:48:20] [ERROR] [Executor] Tx failed on-chain: {"InstructionError":[6,{"Custom":6038}]}
[2026-04-13 11:48:20] [INFO] [XDEX] SOL/USDC | spread: 0.0199% | fees: 0.0900% | sub-fee | hi: Orca (81.917678) 7qbRF6YsyGuLUVs6Y1q64bdVrfe4ZcUUz1JRdoVNUJnm | lo: Orca (81.901400) Czfq3xZZDmsdGdUyrNLtRhGc47cXcZtLG4crryfu44zE
[2026-04-13 11:48:24] [INFO] [XDEX] SOL/USDC | spread: 0.0199% | fees: 0.0900% | sub-fee | hi: Orca (81.917678) 7qbRF6YsyGuLUVs6Y1q64bdVrfe4ZcUUz1JRdoVNUJnm | lo: Orca (81.901400) Czfq3xZZDmsdGdUyrNLtRhGc47cXcZtLG4crryfu44zE
[2026-04-13 11:48:26] [INFO] [XDEX] SOL/BONK | spread: 0.0133% | fees: 0.0900% | sub-fee | hi: Orca (14572187.674341) 5zpyutJu9ee6jFymDGoK7F6S5Kczqtc9FomP3ueKuyA9 | lo: Orca (14570246.592421) 4VG8VFNo3EXiTA75mhh48qv55S6m3VA2uTQCzEt8kczb
[2026-04-13 11:48:29] [ERROR] [Executor] Tx failed on-chain: {"InstructionError":[6,{"Custom":6038}]}
[2026-04-13 11:48:35] [INFO] [XDEX] SOL/BONK | spread: 0.0327% | fees: 0.0900% | sub-fee | hi: Orca (14570246.592421) 4VG8VFNo3EXiTA75mhh48qv55S6m3VA2uTQCzEt8kczb | lo: Orca (14565481.529731) 5zpyutJu9ee6jFymDGoK7F6S5Kczqtc9FomP3ueKuyA9
[2026-04-13 11:48:35] [INFO] [XDEX] SOL/USDC | spread: 0.0199% | fees: 0.0900% | sub-fee | hi: Orca (81.917678) 7qbRF6YsyGuLUVs6Y1q64bdVrfe4ZcUUz1JRdoVNUJnm | lo: Orca (81.901400) Czfq3xZZDmsdGdUyrNLtRhGc47cXcZtLG4crryfu44zE
[2026-04-13 11:48:38] [INFO] [XDEX] SOL/USDC | spread: 0.0215% | fees: 0.0900% | sub-fee | hi: Orca (81.903801) 7qbRF6YsyGuLUVs6Y1q64bdVrfe4ZcUUz1JRdoVNUJnm | lo: Orca (81.886197) Czfq3xZZDmsdGdUyrNLtRhGc47cXcZtLG4crryfu44zE
[2026-04-13 11:48:46] [INFO] 
SIGINT received — shutting down...
[2026-04-13 11:48:46] [INFO] 📊 STATS | Slots: 109 | Detected: 0 | Attempted: 2 | Sent: 2 | Success: 0 | Profit: ~$0.00
[2026-04-13 11:48:46] [INFO] [PoolWatcher] All subscriptions removed
[2026-04-13 11:52:18] [INFO] ════════════════════════════════════════════════════════════
[2026-04-13 11:52:18] [INFO]   🤖 SOLANA FLASHLOAN ARB BOT — STARTING
[2026-04-13 11:52:18] [INFO] ════════════════════════════════════════════════════════════
[2026-04-13 11:52:18] [INFO] ✅ Discord alerts enabled
[2026-04-13 11:52:18] [INFO] ✅ Discord tx-log channel enabled
[2026-04-13 11:52:18] [INFO] ✅ Connected to primary RPC (mainnet.helius-rpc.com)
[2026-04-13 11:52:18] [INFO] [Price] Seeded SOL/USD = $81.82
[2026-04-13 11:52:18] [INFO] Wallet:          ESzi3jyKV4EWi1TC36nRwLiHHDVTmzn9iCFTotToyhC3
[2026-04-13 11:52:18] [INFO] SOL Balance:     0.1821 SOL
[2026-04-13 11:52:18] [INFO] [Scanner] Loaded 5 pairs from pairs.json
[2026-04-13 11:52:18] [INFO] [Executor] Initializing MarginFi flashloan client...
[2026-04-13 11:52:18] [INFO] [Executor] 429 circuit breaker installed on MarginFi connection
[2026-04-13 11:52:19] [INFO] [Executor] MarginFi loaded. Banks: 1
[2026-04-13 11:52:19] [INFO] [Executor] Loaded saved MarginFi account: 9H89EXD35fcEHV5Sj3c1662GWZzLrPZ89zm2EMFyP9n8
[2026-04-13 11:52:19] [INFO] [Executor] MarginFi account: 9H89EXD35fcEHV5Sj3c1662GWZzLrPZ89zm2EMFyP9n8
[2026-04-13 11:52:19] [INFO] [Executor] ✅ Flash loan ready (all MarginFi accounts support flashloans)
[2026-04-13 11:52:19] [INFO] [Executor] MFI account overrides cached (group: 4qp6Fx6t...)
[2026-04-13 11:52:19] [INFO] [Executor] MFI instruction templates cached ✅
[2026-04-13 11:52:19] [INFO] [Executor] Initializing Kamino flashloan templates...
[2026-04-13 11:52:19] [INFO] [Executor] Kamino flashloan templates cached ✅ (wsolAta: DQwQCSZL...)
[2026-04-13 11:52:19] [INFO] [Executor] Blockhash cache started (refresh every 200ms) ✅
[2026-04-13 11:52:19] [INFO] 
[2026-04-13 11:52:19] [INFO] Active pairs (5):
[2026-04-13 11:52:19] [INFO]   1. SOL/USDT [anchor]
[2026-04-13 11:52:19] [INFO]   2. SOL/USDC
[2026-04-13 11:52:19] [INFO]   3. SOL/BONK
[2026-04-13 11:52:19] [INFO]   4. SOL/WIF
[2026-04-13 11:52:19] [INFO]   5. SOL/FARTCOIN
[2026-04-13 11:52:19] [INFO] 
[2026-04-13 11:52:19] [INFO] [Scheduler] Next update in 13 day(s) on 26/4/2026
[2026-04-13 11:52:19] [INFO] 
[2026-04-13 11:52:19] [INFO] Trigger:         WebSocket pool subscriptions (~50-100ms) + slot fallback every 62 slots
[2026-04-13 11:52:19] [INFO] Flashloan size:  1–100 SOL (dynamic)
[2026-04-13 11:52:19] [INFO] Min profit:      $0.05
[2026-04-13 11:52:19] [INFO] 
[2026-04-13 11:52:19] [INFO] [Price] ✅ Binance WS connected — SOL/USD updating in real-time
[2026-04-13 11:52:20] [INFO] [PoolWatcher] Fetching pool addresses (Orca + Raydium + Meteora)...
[2026-04-13 11:52:27] [INFO] [PoolWatcher] ✅ 53 subscriptions — Orca:40 | Raydium CLMM:5 | Raydium AMM:5 | Meteora:3
[2026-04-13 11:52:27] [INFO] [PoolWatcher]   SOL/USDT → 10 subs (Orca:8 Raydium CLMM:1 Raydium AMM:1)
[2026-04-13 11:52:27] [INFO] [PoolWatcher]   SOL/USDC → 10 subs (Orca:8 Raydium CLMM:1 Raydium AMM:1)
[2026-04-13 11:52:27] [INFO] [PoolWatcher]   SOL/BONK → 11 subs (Orca:8 Raydium CLMM:1 Raydium AMM:1 Meteora:1)
[2026-04-13 11:52:27] [INFO] [PoolWatcher]   SOL/WIF → 11 subs (Orca:8 Raydium CLMM:1 Raydium AMM:1 Meteora:1)
[2026-04-13 11:52:27] [INFO] [PoolWatcher]   SOL/FARTCOIN → 11 subs (Orca:8 Raydium CLMM:1 Raydium AMM:1 Meteora:1)
[2026-04-13 11:52:28] [INFO] [LocalPools] Registered 48 pools (Orca + Raydium CLMM + Meteora) for local math
[2026-04-13 11:52:28] [INFO] [LocalPools] Seeding pool cache with initial RPC data...
[2026-04-13 11:52:28] [INFO] [LocalPools] Seeded 43 pools in cache
[2026-04-13 11:52:28] [INFO] [Scheduler] Monthly pair updater scheduled ✅
[2026-04-13 11:52:28] [INFO] ✅ Bot is live. Press Ctrl+C to stop.

[2026-04-13 11:52:28] [INFO] [XDEX] SOL/USDC | spread: 0.0105% | fees: 0.0900% | sub-fee | hi: Orca (81.845603) Czfq3xZZDmsdGdUyrNLtRhGc47cXcZtLG4crryfu44zE | lo: Orca (81.836983) 7qbRF6YsyGuLUVs6Y1q64bdVrfe4ZcUUz1JRdoVNUJnm
[2026-04-13 11:52:31] [INFO] [XDEX] SOL/USDC | spread: 0.0105% | fees: 0.0900% | sub-fee | hi: Orca (81.845602) Czfq3xZZDmsdGdUyrNLtRhGc47cXcZtLG4crryfu44zE | lo: Orca (81.836983) 7qbRF6YsyGuLUVs6Y1q64bdVrfe4ZcUUz1JRdoVNUJnm
[2026-04-13 11:52:39] [INFO] [XDEX] SOL/USDC | spread: 0.0105% | fees: 0.0900% | sub-fee | hi: Orca (81.845602) Czfq3xZZDmsdGdUyrNLtRhGc47cXcZtLG4crryfu44zE | lo: Orca (81.836983) 7qbRF6YsyGuLUVs6Y1q64bdVrfe4ZcUUz1JRdoVNUJnm
[2026-04-13 11:52:45] [INFO] [XDEX] SOL/USDC | spread: 0.0105% | fees: 0.0900% | sub-fee | hi: Orca (81.845602) Czfq3xZZDmsdGdUyrNLtRhGc47cXcZtLG4crryfu44zE | lo: Orca (81.836983) 7qbRF6YsyGuLUVs6Y1q64bdVrfe4ZcUUz1JRdoVNUJnm
[2026-04-13 11:52:47] [INFO] [XDEX] SOL/WIF | spread: 0.0672% | fees: 0.0900% | sub-fee | hi: Orca (435.395391) 4E6q7eJE6vBNdquqzYYi5gvzd5MNpwiQKhjbRTRQGuQd | lo: Orca (435.103212) D6NdKrKNQPmRZCCnG1GqXtF7MMoHB7qR6GU5TkG59Qz1
[2026-04-13 11:52:49] [INFO] [XDEX] SOL/USDC | spread: 0.0105% | fees: 0.0900% | sub-fee | hi: Orca (81.845602) Czfq3xZZDmsdGdUyrNLtRhGc47cXcZtLG4crryfu44zE | lo: Orca (81.836983) 7qbRF6YsyGuLUVs6Y1q64bdVrfe4ZcUUz1JRdoVNUJnm
[2026-04-13 11:52:56] [INFO] [XDEX] SOL/USDC | spread: 0.0105% | fees: 0.0900% | sub-fee | hi: Orca (81.845602) Czfq3xZZDmsdGdUyrNLtRhGc47cXcZtLG4crryfu44zE | lo: Orca (81.836983) 7qbRF6YsyGuLUVs6Y1q64bdVrfe4ZcUUz1JRdoVNUJnm
[2026-04-13 11:53:24] [INFO] [XDEX] SOL/USDC | spread: 0.0105% | fees: 0.0900% | sub-fee | hi: Orca (81.845602) Czfq3xZZDmsdGdUyrNLtRhGc47cXcZtLG4crryfu44zE | lo: Orca (81.836983) 7qbRF6YsyGuLUVs6Y1q64bdVrfe4ZcUUz1JRdoVNUJnm
[2026-04-13 11:53:29] [INFO] [XDEX] SOL/USDC | spread: 0.0213% | fees: 0.0900% | sub-fee | hi: Orca (81.863506) Czfq3xZZDmsdGdUyrNLtRhGc47cXcZtLG4crryfu44zE | lo: Orca (81.846112) 7qbRF6YsyGuLUVs6Y1q64bdVrfe4ZcUUz1JRdoVNUJnm
[2026-04-13 11:53:34] [INFO] [XDEX] SOL/USDC | spread: 0.0360% | fees: 0.0900% | sub-fee | hi: Orca (81.875588) Czfq3xZZDmsdGdUyrNLtRhGc47cXcZtLG4crryfu44zE | lo: Orca (81.846112) 7qbRF6YsyGuLUVs6Y1q64bdVrfe4ZcUUz1JRdoVNUJnm
[2026-04-13 11:53:38] [INFO] [XDEX] SOL/USDC | spread: 0.0111% | fees: 0.0900% | sub-fee | hi: Orca (81.884693) 7qbRF6YsyGuLUVs6Y1q64bdVrfe4ZcUUz1JRdoVNUJnm | lo: Orca (81.875588) Czfq3xZZDmsdGdUyrNLtRhGc47cXcZtLG4crryfu44zE
[2026-04-13 11:53:42] [INFO] [XDEX] SOL/USDC | spread: 0.0171% | fees: 0.0900% | sub-fee | hi: Orca (81.889603) 7qbRF6YsyGuLUVs6Y1q64bdVrfe4ZcUUz1JRdoVNUJnm | lo: Orca (81.875588) Czfq3xZZDmsdGdUyrNLtRhGc47cXcZtLG4crryfu44zE
[2026-04-13 11:53:49] [INFO] [XDEX] SOL/BONK | spread: 0.1701% | fees: 0.0900% | PROFITABLE | hi: Orca (14570246.592421) 4VG8VFNo3EXiTA75mhh48qv55S6m3VA2uTQCzEt8kczb | lo: Orca (14545502.036973) 5zpyutJu9ee6jFymDGoK7F6S5Kczqtc9FomP3ueKuyA9
[2026-04-13 11:53:49] [INFO] [LocalExec] Small loan (2.0 SOL) — trusting spread, skipping computeSwap gate | local math: -133.4826 USD
[2026-04-13 11:53:49] [INFO] 🎯 LOCAL EXEC — SOL/BONK | spread: 0.170% | loan: 2.0 SOL | profit: ~$-133.4826 | buy: Orca@4VG8VFNo → sell: Orca@5zpyutJu
[2026-04-13 11:53:49] [INFO] [LocalExec] Jito tip: 50000 lamports (~$0.0041)
[2026-04-13 11:53:49] [INFO] [LocalExec] borrowIxIndex dynamically set to 2
[2026-04-13 11:53:50] [INFO] [LocalExec] Tx size: 998 bytes | 10 instructions
[2026-04-13 11:53:50] [INFO] [LocalExec] Jito accepted via frankfurt
[2026-04-13 11:53:50] [INFO] [LAT] gate=4ms build=91ms sign=28ms submit=43ms TOTAL=166ms
[2026-04-13 11:53:50] [INFO] [LocalExec] ✅ Tx submitted: 3PLnw4EX1LLGgZoCDf5BUcf6imeV2BED7TeoTJhZ5b5KHuY4Xr6K5S7vB9HAMqiSiU155UYLAyY1RMWdZW9zCCXm
[2026-04-13 11:53:50] [INFO] [LocalExec] Jito accepted via mainnet
[2026-04-13 11:53:50] [INFO] [LocalExec] Jito accepted via amsterdam
[2026-04-13 11:53:52] [INFO] [XDEX] SOL/USDC | spread: 0.0093% | fees: 0.0900% | sub-fee | hi: Orca (81.897223) Czfq3xZZDmsdGdUyrNLtRhGc47cXcZtLG4crryfu44zE | lo: Orca (81.889603) 7qbRF6YsyGuLUVs6Y1q64bdVrfe4ZcUUz1JRdoVNUJnm
[2026-04-13 11:53:57] [INFO] [XDEX] SOL/USDC | spread: 0.0093% | fees: 0.0900% | sub-fee | hi: Orca (81.897223) Czfq3xZZDmsdGdUyrNLtRhGc47cXcZtLG4crryfu44zE | lo: Orca (81.889603) 7qbRF6YsyGuLUVs6Y1q64bdVrfe4ZcUUz1JRdoVNUJnm
[2026-04-13 11:53:59] [INFO] [XDEX] SOL/WIF | spread: 0.0154% | fees: 0.0900% | sub-fee | hi: Orca (435.395391) 4E6q7eJE6vBNdquqzYYi5gvzd5MNpwiQKhjbRTRQGuQd | lo: Orca (435.328504) D6NdKrKNQPmRZCCnG1GqXtF7MMoHB7qR6GU5TkG59Qz1
[2026-04-13 11:54:00] [INFO] [XDEX] SOL/USDC | spread: 0.0222% | fees: 0.0900% | sub-fee | hi: Orca (81.907762) Czfq3xZZDmsdGdUyrNLtRhGc47cXcZtLG4crryfu44zE | lo: Orca (81.889603) 7qbRF6YsyGuLUVs6Y1q64bdVrfe4ZcUUz1JRdoVNUJnm
[2026-04-13 11:54:02] [ERROR] [Executor] Tx failed on-chain: {"InstructionError":[6,{"Custom":6038}]}
[2026-04-13 11:54:04] [INFO] [XDEX] SOL/USDC | spread: 0.0086% | fees: 0.0900% | sub-fee | hi: Orca (81.913309) Czfq3xZZDmsdGdUyrNLtRhGc47cXcZtLG4crryfu44zE | lo: Orca (81.906235) 7qbRF6YsyGuLUVs6Y1q64bdVrfe4ZcUUz1JRdoVNUJnm
[2026-04-13 11:54:07] [INFO] [XDEX] SOL/USDC | spread: 0.0086% | fees: 0.0900% | sub-fee | hi: Orca (81.913309) Czfq3xZZDmsdGdUyrNLtRhGc47cXcZtLG4crryfu44zE | lo: Orca (81.906235) 7qbRF6YsyGuLUVs6Y1q64bdVrfe4ZcUUz1JRdoVNUJnm
[2026-04-13 11:54:10] [INFO] [XDEX] SOL/USDC | spread: 0.0086% | fees: 0.0900% | sub-fee | hi: Orca (81.913309) Czfq3xZZDmsdGdUyrNLtRhGc47cXcZtLG4crryfu44zE | lo: Orca (81.906235) 7qbRF6YsyGuLUVs6Y1q64bdVrfe4ZcUUz1JRdoVNUJnm
[2026-04-13 11:54:13] [INFO] [XDEX] SOL/USDC | spread: 0.0087% | fees: 0.0900% | sub-fee | hi: Orca (81.913367) Czfq3xZZDmsdGdUyrNLtRhGc47cXcZtLG4crryfu44zE | lo: Orca (81.906235) 7qbRF6YsyGuLUVs6Y1q64bdVrfe4ZcUUz1JRdoVNUJnm
[2026-04-13 11:54:16] [INFO] [XDEX] SOL/USDC | spread: 0.0087% | fees: 0.0900% | sub-fee | hi: Orca (81.913367) Czfq3xZZDmsdGdUyrNLtRhGc47cXcZtLG4crryfu44zE | lo: Orca (81.906235) 7qbRF6YsyGuLUVs6Y1q64bdVrfe4ZcUUz1JRdoVNUJnm
[2026-04-13 11:54:23] [INFO] [XDEX] SOL/USDC | spread: 0.0087% | fees: 0.0900% | sub-fee | hi: Orca (81.913367) Czfq3xZZDmsdGdUyrNLtRhGc47cXcZtLG4crryfu44zE | lo: Orca (81.906235) 7qbRF6YsyGuLUVs6Y1q64bdVrfe4ZcUUz1JRdoVNUJnm
[2026-04-13 11:54:27] [INFO] [XDEX] SOL/USDC | spread: 0.0092% | fees: 0.0900% | sub-fee | hi: Orca (81.913745) Czfq3xZZDmsdGdUyrNLtRhGc47cXcZtLG4crryfu44zE | lo: Orca (81.906235) 7qbRF6YsyGuLUVs6Y1q64bdVrfe4ZcUUz1JRdoVNUJnm
[2026-04-13 11:54:28] [INFO] 💓 alive | slots +231 | detected: 0 | attempted: 1 | sent: 1
[2026-04-13 11:54:43] [INFO] [XDEX] SOL/USDC | spread: 0.0092% | fees: 0.0900% | sub-fee | hi: Orca (81.913745) Czfq3xZZDmsdGdUyrNLtRhGc47cXcZtLG4crryfu44zE | lo: Orca (81.906235) 7qbRF6YsyGuLUVs6Y1q64bdVrfe4ZcUUz1JRdoVNUJnm
[2026-04-13 11:54:47] [INFO] [XDEX] SOL/USDC | spread: 0.0092% | fees: 0.0900% | sub-fee | hi: Orca (81.913745) Czfq3xZZDmsdGdUyrNLtRhGc47cXcZtLG4crryfu44zE | lo: Orca (81.906235) 7qbRF6YsyGuLUVs6Y1q64bdVrfe4ZcUUz1JRdoVNUJnm
[2026-04-13 11:54:58] [INFO] [XDEX] SOL/USDC | spread: 0.0092% | fees: 0.0900% | sub-fee | hi: Orca (81.913745) Czfq3xZZDmsdGdUyrNLtRhGc47cXcZtLG4crryfu44zE | lo: Orca (81.906235) 7qbRF6YsyGuLUVs6Y1q64bdVrfe4ZcUUz1JRdoVNUJnm
[2026-04-13 11:55:14] [INFO] [XDEX] SOL/USDC | spread: 0.0092% | fees: 0.0900% | sub-fee | hi: Orca (81.913744) Czfq3xZZDmsdGdUyrNLtRhGc47cXcZtLG4crryfu44zE | lo: Orca (81.906235) 7qbRF6YsyGuLUVs6Y1q64bdVrfe4ZcUUz1JRdoVNUJnm
[2026-04-13 11:55:17] [INFO] [XDEX] SOL/USDC | spread: 0.0092% | fees: 0.0900% | sub-fee | hi: Orca (81.913744) Czfq3xZZDmsdGdUyrNLtRhGc47cXcZtLG4crryfu44zE | lo: Orca (81.906235) 7qbRF6YsyGuLUVs6Y1q64bdVrfe4ZcUUz1JRdoVNUJnm
[2026-04-13 11:55:32] [INFO] [XDEX] SOL/USDC | spread: 0.0092% | fees: 0.0900% | sub-fee | hi: Orca (81.913744) Czfq3xZZDmsdGdUyrNLtRhGc47cXcZtLG4crryfu44zE | lo: Orca (81.906235) 7qbRF6YsyGuLUVs6Y1q64bdVrfe4ZcUUz1JRdoVNUJnm
[2026-04-13 11:55:48] [INFO] [XDEX] SOL/USDC | spread: 0.0092% | fees: 0.0900% | sub-fee | hi: Orca (81.913744) Czfq3xZZDmsdGdUyrNLtRhGc47cXcZtLG4crryfu44zE | lo: Orca (81.906235) 7qbRF6YsyGuLUVs6Y1q64bdVrfe4ZcUUz1JRdoVNUJnm
[2026-04-13 11:55:52] [INFO] [XDEX] SOL/USDC | spread: 0.0092% | fees: 0.0900% | sub-fee | hi: Orca (81.913744) Czfq3xZZDmsdGdUyrNLtRhGc47cXcZtLG4crryfu44zE | lo: Orca (81.906235) 7qbRF6YsyGuLUVs6Y1q64bdVrfe4ZcUUz1JRdoVNUJnm
[2026-04-13 11:56:07] [INFO] [XDEX] SOL/USDC | spread: 0.0092% | fees: 0.0900% | sub-fee | hi: Orca (81.913744) Czfq3xZZDmsdGdUyrNLtRhGc47cXcZtLG4crryfu44zE | lo: Orca (81.906247) 7qbRF6YsyGuLUVs6Y1q64bdVrfe4ZcUUz1JRdoVNUJnm
[2026-04-13 11:56:13] [INFO] [XDEX] SOL/USDC | spread: 0.0092% | fees: 0.0900% | sub-fee | hi: Orca (81.913745) Czfq3xZZDmsdGdUyrNLtRhGc47cXcZtLG4crryfu44zE | lo: Orca (81.906247) 7qbRF6YsyGuLUVs6Y1q64bdVrfe4ZcUUz1JRdoVNUJnm
[2026-04-13 11:56:24] [INFO] [XDEX] SOL/USDC | spread: 0.0092% | fees: 0.0900% | sub-fee | hi: Orca (81.913745) Czfq3xZZDmsdGdUyrNLtRhGc47cXcZtLG4crryfu44zE | lo: Orca (81.906247) 7qbRF6YsyGuLUVs6Y1q64bdVrfe4ZcUUz1JRdoVNUJnm
[2026-04-13 11:56:28] [INFO] 💓 alive | slots +348 | detected: 0 | attempted: 1 | sent: 1
[2026-04-13 11:56:29] [INFO] 
SIGINT received — shutting down...
[2026-04-13 11:56:29] [INFO] 📊 STATS | Slots: 583 | Detected: 0 | Attempted: 1 | Sent: 1 | Success: 0 | Profit: ~$0.00
[2026-04-13 11:56:29] [INFO] [PoolWatcher] All subscriptions removed
[2026-04-13 11:59:15] [INFO] ════════════════════════════════════════════════════════════
[2026-04-13 11:59:15] [INFO]   🤖 SOLANA FLASHLOAN ARB BOT — STARTING
[2026-04-13 11:59:15] [INFO] ════════════════════════════════════════════════════════════
[2026-04-13 11:59:15] [INFO] ✅ Discord alerts enabled
[2026-04-13 11:59:15] [INFO] ✅ Discord tx-log channel enabled
[2026-04-13 11:59:15] [INFO] ✅ Connected to primary RPC (mainnet.helius-rpc.com)
[2026-04-13 11:59:15] [INFO] [Price] Seeded SOL/USD = $81.86
[2026-04-13 11:59:15] [INFO] Wallet:          ESzi3jyKV4EWi1TC36nRwLiHHDVTmzn9iCFTotToyhC3
[2026-04-13 11:59:15] [INFO] SOL Balance:     0.1821 SOL
[2026-04-13 11:59:15] [INFO] [Scanner] Loaded 5 pairs from pairs.json
[2026-04-13 11:59:15] [INFO] [Executor] Initializing MarginFi flashloan client...
[2026-04-13 11:59:15] [INFO] [Executor] 429 circuit breaker installed on MarginFi connection
[2026-04-13 11:59:16] [INFO] [Executor] MarginFi loaded. Banks: 1
[2026-04-13 11:59:16] [INFO] [Executor] Loaded saved MarginFi account: 9H89EXD35fcEHV5Sj3c1662GWZzLrPZ89zm2EMFyP9n8
[2026-04-13 11:59:16] [INFO] [Executor] MarginFi account: 9H89EXD35fcEHV5Sj3c1662GWZzLrPZ89zm2EMFyP9n8
[2026-04-13 11:59:16] [INFO] [Executor] ✅ Flash loan ready (all MarginFi accounts support flashloans)
[2026-04-13 11:59:16] [INFO] [Executor] MFI account overrides cached (group: 4qp6Fx6t...)
[2026-04-13 11:59:16] [INFO] [Executor] MFI instruction templates cached ✅
[2026-04-13 11:59:16] [INFO] [Executor] Initializing Kamino flashloan templates...
[2026-04-13 11:59:16] [INFO] [Executor] Kamino flashloan templates cached ✅ (wsolAta: DQwQCSZL...)
[2026-04-13 11:59:16] [INFO] [Executor] Blockhash cache started (refresh every 200ms) ✅
[2026-04-13 11:59:16] [INFO] 
[2026-04-13 11:59:16] [INFO] Active pairs (5):
[2026-04-13 11:59:16] [INFO]   1. SOL/USDT [anchor]
[2026-04-13 11:59:16] [INFO]   2. SOL/USDC
[2026-04-13 11:59:16] [INFO]   3. SOL/BONK
[2026-04-13 11:59:16] [INFO]   4. SOL/WIF
[2026-04-13 11:59:16] [INFO]   5. SOL/FARTCOIN
[2026-04-13 11:59:16] [INFO] 
[2026-04-13 11:59:16] [INFO] [Scheduler] Next update in 13 day(s) on 26/4/2026
[2026-04-13 11:59:16] [INFO] 
[2026-04-13 11:59:16] [INFO] Trigger:         WebSocket pool subscriptions (~50-100ms) + slot fallback every 62 slots
[2026-04-13 11:59:16] [INFO] Flashloan size:  1–100 SOL (dynamic)
[2026-04-13 11:59:16] [INFO] Min profit:      $0.05
[2026-04-13 11:59:16] [INFO] 
[2026-04-13 11:59:16] [INFO] [Price] ✅ Binance WS connected — SOL/USD updating in real-time
[2026-04-13 11:59:16] [INFO] [PoolWatcher] Fetching pool addresses (Orca + Raydium + Meteora)...
[2026-04-13 11:59:23] [INFO] [PoolWatcher] ✅ 53 subscriptions — Orca:40 | Raydium CLMM:5 | Raydium AMM:5 | Meteora:3
[2026-04-13 11:59:23] [INFO] [PoolWatcher]   SOL/USDT → 10 subs (Orca:8 Raydium CLMM:1 Raydium AMM:1)
[2026-04-13 11:59:23] [INFO] [PoolWatcher]   SOL/USDC → 10 subs (Orca:8 Raydium CLMM:1 Raydium AMM:1)
[2026-04-13 11:59:23] [INFO] [PoolWatcher]   SOL/BONK → 11 subs (Orca:8 Raydium CLMM:1 Raydium AMM:1 Meteora:1)
[2026-04-13 11:59:23] [INFO] [PoolWatcher]   SOL/WIF → 11 subs (Orca:8 Raydium CLMM:1 Raydium AMM:1 Meteora:1)
[2026-04-13 11:59:23] [INFO] [PoolWatcher]   SOL/FARTCOIN → 11 subs (Orca:8 Raydium CLMM:1 Raydium AMM:1 Meteora:1)
[2026-04-13 11:59:23] [INFO] [LocalPools] Registered 48 pools (Orca + Raydium CLMM + Meteora) for local math
[2026-04-13 11:59:23] [INFO] [LocalPools] Seeding pool cache with initial RPC data...
[2026-04-13 11:59:23] [INFO] [LocalPools] Seeded 43 pools in cache
[2026-04-13 11:59:23] [INFO] [Scheduler] Monthly pair updater scheduled ✅
[2026-04-13 11:59:23] [INFO] ✅ Bot is live. Press Ctrl+C to stop.

[2026-04-13 11:59:28] [INFO] [XDEX] SOL/USDC | spread: 0.0020% | fees: 0.0900% | sub-fee | hi: Orca (81.899764) Czfq3xZZDmsdGdUyrNLtRhGc47cXcZtLG4crryfu44zE | lo: Orca (81.898163) 7qbRF6YsyGuLUVs6Y1q64bdVrfe4ZcUUz1JRdoVNUJnm
[2026-04-13 11:59:34] [INFO] [XDEX] SOL/USDC | spread: 0.0020% | fees: 0.0900% | sub-fee | hi: Orca (81.899764) Czfq3xZZDmsdGdUyrNLtRhGc47cXcZtLG4crryfu44zE | lo: Orca (81.898163) 7qbRF6YsyGuLUVs6Y1q64bdVrfe4ZcUUz1JRdoVNUJnm
[2026-04-13 12:00:06] [INFO] [XDEX] SOL/USDC | spread: 0.0013% | fees: 0.0900% | sub-fee | hi: Orca (81.898163) 7qbRF6YsyGuLUVs6Y1q64bdVrfe4ZcUUz1JRdoVNUJnm | lo: Orca (81.897119) Czfq3xZZDmsdGdUyrNLtRhGc47cXcZtLG4crryfu44zE
[2026-04-13 12:00:11] [INFO] [XDEX] SOL/USDC | spread: 0.0013% | fees: 0.0900% | sub-fee | hi: Orca (81.898163) 7qbRF6YsyGuLUVs6Y1q64bdVrfe4ZcUUz1JRdoVNUJnm | lo: Orca (81.897119) Czfq3xZZDmsdGdUyrNLtRhGc47cXcZtLG4crryfu44zE
[2026-04-13 12:00:14] [INFO] [XDEX] SOL/WIF | spread: 0.0843% | fees: 0.0900% | sub-fee | hi: Orca (435.838991) D6NdKrKNQPmRZCCnG1GqXtF7MMoHB7qR6GU5TkG59Qz1 | lo: Orca (435.471969) 4E6q7eJE6vBNdquqzYYi5gvzd5MNpwiQKhjbRTRQGuQd
[2026-04-13 12:00:16] [INFO] [XDEX] SOL/USDC | spread: 0.0050% | fees: 0.0900% | sub-fee | hi: Orca (81.898163) 7qbRF6YsyGuLUVs6Y1q64bdVrfe4ZcUUz1JRdoVNUJnm | lo: Orca (81.894093) Czfq3xZZDmsdGdUyrNLtRhGc47cXcZtLG4crryfu44zE
[2026-04-13 12:00:31] [INFO] [XDEX] SOL/USDC | spread: 0.0241% | fees: 0.0900% | sub-fee | hi: Orca (81.898163) 7qbRF6YsyGuLUVs6Y1q64bdVrfe4ZcUUz1JRdoVNUJnm | lo: Orca (81.878464) Czfq3xZZDmsdGdUyrNLtRhGc47cXcZtLG4crryfu44zE
[2026-04-13 12:00:41] [INFO] [XDEX] SOL/USDC | spread: 0.0241% | fees: 0.0900% | sub-fee | hi: Orca (81.898163) 7qbRF6YsyGuLUVs6Y1q64bdVrfe4ZcUUz1JRdoVNUJnm | lo: Orca (81.878462) Czfq3xZZDmsdGdUyrNLtRhGc47cXcZtLG4crryfu44zE
[2026-04-13 12:00:49] [INFO] [XDEX] SOL/USDC | spread: 0.0241% | fees: 0.0900% | sub-fee | hi: Orca (81.898163) 7qbRF6YsyGuLUVs6Y1q64bdVrfe4ZcUUz1JRdoVNUJnm | lo: Orca (81.878462) Czfq3xZZDmsdGdUyrNLtRhGc47cXcZtLG4crryfu44zE
[2026-04-13 12:00:58] [INFO] [XDEX] SOL/USDC | spread: 0.0241% | fees: 0.0900% | sub-fee | hi: Orca (81.898163) 7qbRF6YsyGuLUVs6Y1q64bdVrfe4ZcUUz1JRdoVNUJnm | lo: Orca (81.878462) Czfq3xZZDmsdGdUyrNLtRhGc47cXcZtLG4crryfu44zE
[2026-04-13 12:01:06] [INFO] [XDEX] SOL/USDC | spread: 0.0241% | fees: 0.0900% | sub-fee | hi: Orca (81.898163) 7qbRF6YsyGuLUVs6Y1q64bdVrfe4ZcUUz1JRdoVNUJnm | lo: Orca (81.878462) Czfq3xZZDmsdGdUyrNLtRhGc47cXcZtLG4crryfu44zE
[2026-04-13 12:01:10] [INFO] [XDEX] SOL/USDC | spread: 0.0241% | fees: 0.0900% | sub-fee | hi: Orca (81.898163) 7qbRF6YsyGuLUVs6Y1q64bdVrfe4ZcUUz1JRdoVNUJnm | lo: Orca (81.878462) Czfq3xZZDmsdGdUyrNLtRhGc47cXcZtLG4crryfu44zE
[2026-04-13 12:01:13] [INFO] [XDEX] SOL/WIF | spread: 0.1592% | fees: 0.0900% | PROFITABLE | hi: Orca (436.165071) D6NdKrKNQPmRZCCnG1GqXtF7MMoHB7qR6GU5TkG59Qz1 | lo: Orca (435.471969) 4E6q7eJE6vBNdquqzYYi5gvzd5MNpwiQKhjbRTRQGuQd
[2026-04-13 12:01:13] [INFO] [LocalExec] Small loan (2.0 SOL) — trusting spread, skipping computeSwap gate | local math: -53.8638 USD
[2026-04-13 12:01:13] [INFO] 🎯 LOCAL EXEC — SOL/WIF | spread: 0.159% | loan: 2.0 SOL | profit: ~$-53.8638 | buy: Orca@D6NdKrKN → sell: Orca@4E6q7eJE
[2026-04-13 12:01:13] [INFO] [LocalExec] Jito tip: 50000 lamports (~$0.0041)
[2026-04-13 12:01:13] [INFO] [LocalExec] borrowIxIndex dynamically set to 2
[2026-04-13 12:01:13] [INFO] [LocalExec] Tx size: 1153 bytes | 10 instructions
[2026-04-13 12:01:13] [INFO] [LocalExec] Jito accepted via frankfurt
[2026-04-13 12:01:13] [INFO] [LAT] gate=3ms build=78ms sign=29ms submit=55ms TOTAL=165ms
[2026-04-13 12:01:13] [INFO] [LocalExec] ✅ Tx submitted: 39NqwLacvvTqVsKU3sn4YbBuZ3DC7ibyicsDh6iNVzhv8qhQj5Q1f83H2hdPJTwxSMrs9WfVpdc4gCoBq139Bw8
[2026-04-13 12:01:13] [INFO] [LocalExec] Jito accepted via mainnet
[2026-04-13 12:01:13] [INFO] [LocalExec] Jito accepted via amsterdam
[2026-04-13 12:01:15] [INFO] [XDEX] SOL/USDC | spread: 0.0129% | fees: 0.0900% | sub-fee | hi: Orca (81.889052) 7qbRF6YsyGuLUVs6Y1q64bdVrfe4ZcUUz1JRdoVNUJnm | lo: Orca (81.878462) Czfq3xZZDmsdGdUyrNLtRhGc47cXcZtLG4crryfu44zE
[2026-04-13 12:01:19] [INFO] [XDEX] SOL/USDC | spread: 0.0253% | fees: 0.0900% | sub-fee | hi: Orca (81.889052) 7qbRF6YsyGuLUVs6Y1q64bdVrfe4ZcUUz1JRdoVNUJnm | lo: Orca (81.868356) Czfq3xZZDmsdGdUyrNLtRhGc47cXcZtLG4crryfu44zE
[2026-04-13 12:01:23] [INFO] 💓 alive | slots +159 | detected: 0 | attempted: 1 | sent: 1
[2026-04-13 12:01:24] [INFO] [XDEX] SOL/USDC | spread: 0.0256% | fees: 0.0900% | sub-fee | hi: Orca (81.889052) 7qbRF6YsyGuLUVs6Y1q64bdVrfe4ZcUUz1JRdoVNUJnm | lo: Orca (81.868068) Czfq3xZZDmsdGdUyrNLtRhGc47cXcZtLG4crryfu44zE
[2026-04-13 12:01:26] [ERROR] [Executor] Tx failed on-chain: {"InstructionError":[7,{"Custom":6038}]}
[2026-04-13 12:01:27] [INFO] [XDEX] SOL/USDC | spread: 0.0256% | fees: 0.0900% | sub-fee | hi: Orca (81.889052) 7qbRF6YsyGuLUVs6Y1q64bdVrfe4ZcUUz1JRdoVNUJnm | lo: Orca (81.868068) Czfq3xZZDmsdGdUyrNLtRhGc47cXcZtLG4crryfu44zE
[2026-04-13 12:01:29] [INFO] [XDEX] SOL/WIF | spread: 0.1589% | fees: 0.0900% | PROFITABLE | hi: Orca (436.163985) D6NdKrKNQPmRZCCnG1GqXtF7MMoHB7qR6GU5TkG59Qz1 | lo: Orca (435.471969) 4E6q7eJE6vBNdquqzYYi5gvzd5MNpwiQKhjbRTRQGuQd
[2026-04-13 12:01:29] [INFO] [LocalExec] Small loan (2.0 SOL) — trusting spread, skipping computeSwap gate | local math: -53.8574 USD
[2026-04-13 12:01:29] [INFO] 🎯 LOCAL EXEC — SOL/WIF | spread: 0.159% | loan: 2.0 SOL | profit: ~$-53.8574 | buy: Orca@D6NdKrKN → sell: Orca@4E6q7eJE
[2026-04-13 12:01:29] [INFO] [LocalExec] Jito tip: 50000 lamports (~$0.0041)
[2026-04-13 12:01:29] [INFO] [LocalExec] borrowIxIndex dynamically set to 2
[2026-04-13 12:01:29] [INFO] [LocalExec] Tx size: 1153 bytes | 10 instructions
[2026-04-13 12:01:29] [INFO] [LocalExec] Jito accepted via mainnet
[2026-04-13 12:01:29] [INFO] [LAT] gate=1ms build=40ms sign=20ms submit=29ms TOTAL=90ms
[2026-04-13 12:01:29] [INFO] [LocalExec] ✅ Tx submitted: 4iD2n5aUj4Agk7Y5LWMxVvbsDVfpkjUgSyK3CvfXRRWdmc8uxpVjehZY387Hr5KdnkoCSy5XaZ59BUZQ1j8yTv1c
[2026-04-13 12:01:29] [INFO] [LocalExec] Jito accepted via frankfurt
[2026-04-13 12:01:29] [INFO] [LocalExec] Jito accepted via amsterdam
[2026-04-13 12:01:30] [INFO] [XDEX] SOL/USDC | spread: 0.0256% | fees: 0.0900% | sub-fee | hi: Orca (81.889052) 7qbRF6YsyGuLUVs6Y1q64bdVrfe4ZcUUz1JRdoVNUJnm | lo: Orca (81.868068) Czfq3xZZDmsdGdUyrNLtRhGc47cXcZtLG4crryfu44zE
[2026-04-13 12:01:34] [INFO] [XDEX] SOL/USDC | spread: 0.0256% | fees: 0.0900% | sub-fee | hi: Orca (81.889052) 7qbRF6YsyGuLUVs6Y1q64bdVrfe4ZcUUz1JRdoVNUJnm | lo: Orca (81.868068) Czfq3xZZDmsdGdUyrNLtRhGc47cXcZtLG4crryfu44zE
[2026-04-13 12:01:38] [INFO] [XDEX] SOL/USDC | spread: 0.0256% | fees: 0.0900% | sub-fee | hi: Orca (81.889052) 7qbRF6YsyGuLUVs6Y1q64bdVrfe4ZcUUz1JRdoVNUJnm | lo: Orca (81.868068) Czfq3xZZDmsdGdUyrNLtRhGc47cXcZtLG4crryfu44zE
[2026-04-13 12:01:41] [INFO] [XDEX] SOL/USDC | spread: 0.0107% | fees: 0.0900% | sub-fee | hi: Orca (81.876849) 7qbRF6YsyGuLUVs6Y1q64bdVrfe4ZcUUz1JRdoVNUJnm | lo: Orca (81.868068) Czfq3xZZDmsdGdUyrNLtRhGc47cXcZtLG4crryfu44zE
[2026-04-13 12:01:43] [ERROR] [Executor] Tx failed on-chain: {"InstructionError":[7,{"Custom":6038}]}
[2026-04-13 12:01:45] [INFO] [XDEX] SOL/USDC | spread: 0.0107% | fees: 0.0900% | sub-fee | hi: Orca (81.876849) 7qbRF6YsyGuLUVs6Y1q64bdVrfe4ZcUUz1JRdoVNUJnm | lo: Orca (81.868068) Czfq3xZZDmsdGdUyrNLtRhGc47cXcZtLG4crryfu44zE
[2026-04-13 12:01:51] [INFO] [XDEX] SOL/USDC | spread: 0.0107% | fees: 0.0900% | sub-fee | hi: Orca (81.876849) 7qbRF6YsyGuLUVs6Y1q64bdVrfe4ZcUUz1JRdoVNUJnm | lo: Orca (81.868068) Czfq3xZZDmsdGdUyrNLtRhGc47cXcZtLG4crryfu44zE
[2026-04-13 12:01:57] [INFO] 
SIGINT received — shutting down...
[2026-04-13 12:01:57] [INFO] 📊 STATS | Slots: 221 | Detected: 0 | Attempted: 2 | Sent: 2 | Success: 0 | Profit: ~$0.00
[2026-04-13 12:01:57] [INFO] [PoolWatcher] All subscriptions removed
[2026-04-15 11:43:55] [INFO] ════════════════════════════════════════════════════════════
[2026-04-15 11:43:55] [INFO]   🤖 SOLANA FLASHLOAN ARB BOT — STARTING
[2026-04-15 11:43:55] [INFO] ════════════════════════════════════════════════════════════
[2026-04-15 11:43:55] [INFO] ✅ Discord alerts enabled
[2026-04-15 11:43:55] [INFO] ✅ Discord tx-log channel enabled
[2026-04-15 11:43:55] [INFO] ✅ Connected to primary RPC (mainnet.helius-rpc.com)
[2026-04-15 11:43:55] [INFO] [Price] Seeded SOL/USD = $83.42
[2026-04-15 11:43:55] [INFO] Wallet:          ESzi3jyKV4EWi1TC36nRwLiHHDVTmzn9iCFTotToyhC3
[2026-04-15 11:43:55] [INFO] SOL Balance:     0.1821 SOL
[2026-04-15 11:43:55] [INFO] [Scanner] Loaded 5 pairs from pairs.json
[2026-04-15 11:43:55] [INFO] [Executor] Initializing MarginFi flashloan client...
[2026-04-15 11:43:55] [INFO] [Executor] 429 circuit breaker installed on MarginFi connection
[2026-04-15 11:43:56] [INFO] [Price] ✅ Binance WS connected — SOL/USD updating in real-time
[2026-04-15 11:43:56] [INFO] [Executor] MarginFi loaded. Banks: 1
[2026-04-15 11:43:56] [INFO] [Executor] Loaded saved MarginFi account: 9H89EXD35fcEHV5Sj3c1662GWZzLrPZ89zm2EMFyP9n8
[2026-04-15 11:43:56] [INFO] [Executor] MarginFi account: 9H89EXD35fcEHV5Sj3c1662GWZzLrPZ89zm2EMFyP9n8
[2026-04-15 11:43:56] [INFO] [Executor] ✅ Flash loan ready (all MarginFi accounts support flashloans)
[2026-04-15 11:43:56] [INFO] [Executor] MFI account overrides cached (group: 4qp6Fx6t...)
[2026-04-15 11:43:56] [INFO] [Executor] MFI instruction templates cached ✅
[2026-04-15 11:43:56] [INFO] [Executor] Initializing Kamino flashloan templates...
[2026-04-15 11:43:56] [INFO] [Executor] Kamino flashloan templates cached ✅ (wsolAta: DQwQCSZL...)
[2026-04-15 11:43:56] [INFO] [Executor] Blockhash cache started (refresh every 200ms) ✅
[2026-04-15 11:43:56] [INFO] 
[2026-04-15 11:43:56] [INFO] Active pairs (5):
[2026-04-15 11:43:56] [INFO]   1. SOL/USDT [anchor]
[2026-04-15 11:43:56] [INFO]   2. SOL/USDC
[2026-04-15 11:43:56] [INFO]   3. SOL/BONK
[2026-04-15 11:43:56] [INFO]   4. SOL/WIF
[2026-04-15 11:43:56] [INFO]   5. SOL/FARTCOIN
[2026-04-15 11:43:56] [INFO] 
[2026-04-15 11:43:56] [INFO] [Scheduler] Next update in 11 day(s) on 26/4/2026
[2026-04-15 11:43:56] [INFO] 
[2026-04-15 11:43:56] [INFO] Trigger:         WebSocket pool subscriptions (~50-100ms) + slot fallback every 62 slots
[2026-04-15 11:43:56] [INFO] Flashloan size:  1–100 SOL (dynamic)
[2026-04-15 11:43:56] [INFO] Min profit:      $0.05
[2026-04-15 11:43:56] [INFO] 
[2026-04-15 11:43:57] [INFO] [PoolWatcher] Fetching pool addresses (Orca + Raydium + Meteora)...
[2026-04-15 11:44:06] [INFO] [PoolWatcher] ✅ 53 subscriptions — Orca:40 | Raydium CLMM:5 | Raydium AMM:5 | Meteora:3
[2026-04-15 11:44:06] [INFO] [PoolWatcher]   SOL/USDT → 10 subs (Orca:8 Raydium CLMM:1 Raydium AMM:1)
[2026-04-15 11:44:06] [INFO] [PoolWatcher]   SOL/USDC → 10 subs (Orca:8 Raydium CLMM:1 Raydium AMM:1)
[2026-04-15 11:44:06] [INFO] [PoolWatcher]   SOL/BONK → 11 subs (Orca:8 Raydium CLMM:1 Raydium AMM:1 Meteora:1)
[2026-04-15 11:44:06] [INFO] [PoolWatcher]   SOL/WIF → 11 subs (Orca:8 Raydium CLMM:1 Raydium AMM:1 Meteora:1)
[2026-04-15 11:44:06] [INFO] [PoolWatcher]   SOL/FARTCOIN → 11 subs (Orca:8 Raydium CLMM:1 Raydium AMM:1 Meteora:1)
[2026-04-15 11:44:06] [INFO] [LocalPools] Registered 48 pools (Orca + Raydium CLMM + Meteora) for local math
[2026-04-15 11:44:06] [INFO] [LocalPools] Seeding pool cache with initial RPC data...
[2026-04-15 11:44:06] [INFO] [LocalPools] Seeded 43 pools in cache
[2026-04-15 11:44:06] [INFO] [Scheduler] Monthly pair updater scheduled ✅
[2026-04-15 11:44:06] [INFO] ✅ Bot is live. Press Ctrl+C to stop.

[2026-04-15 11:44:08] [INFO] [XDEX] SOL/USDC | spread: 0.0006% | fees: 0.0900% | sub-fee | hi: Orca (83.408169) 7qbRF6YsyGuLUVs6Y1q64bdVrfe4ZcUUz1JRdoVNUJnm | lo: Orca (83.407662) Czfq3xZZDmsdGdUyrNLtRhGc47cXcZtLG4crryfu44zE
[2026-04-15 11:44:11] [INFO] [XDEX] SOL/USDC | spread: 0.0005% | fees: 0.0900% | sub-fee | hi: Orca (83.408169) 7qbRF6YsyGuLUVs6Y1q64bdVrfe4ZcUUz1JRdoVNUJnm | lo: Orca (83.407729) Czfq3xZZDmsdGdUyrNLtRhGc47cXcZtLG4crryfu44zE
[2026-04-15 11:44:16] [INFO] [XDEX] SOL/USDC | spread: 0.0004% | fees: 0.0900% | sub-fee | hi: Orca (83.408169) 7qbRF6YsyGuLUVs6Y1q64bdVrfe4ZcUUz1JRdoVNUJnm | lo: Orca (83.407854) Czfq3xZZDmsdGdUyrNLtRhGc47cXcZtLG4crryfu44zE
[2026-04-15 11:44:21] [INFO] [XDEX] SOL/USDC | spread: 0.0003% | fees: 0.0900% | sub-fee | hi: Orca (83.408403) Czfq3xZZDmsdGdUyrNLtRhGc47cXcZtLG4crryfu44zE | lo: Orca (83.408169) 7qbRF6YsyGuLUVs6Y1q64bdVrfe4ZcUUz1JRdoVNUJnm
[2026-04-15 11:44:28] [INFO] [XDEX] SOL/USDC | spread: 0.0003% | fees: 0.0900% | sub-fee | hi: Orca (83.408403) Czfq3xZZDmsdGdUyrNLtRhGc47cXcZtLG4crryfu44zE | lo: Orca (83.408169) 7qbRF6YsyGuLUVs6Y1q64bdVrfe4ZcUUz1JRdoVNUJnm
[2026-04-15 11:44:32] [INFO] [XDEX] SOL/USDC | spread: 0.0003% | fees: 0.0900% | sub-fee | hi: Orca (83.408435) Czfq3xZZDmsdGdUyrNLtRhGc47cXcZtLG4crryfu44zE | lo: Orca (83.408169) 7qbRF6YsyGuLUVs6Y1q64bdVrfe4ZcUUz1JRdoVNUJnm
[2026-04-15 11:44:40] [INFO] [XDEX] SOL/USDC | spread: 0.0003% | fees: 0.0900% | sub-fee | hi: Orca (83.408435) Czfq3xZZDmsdGdUyrNLtRhGc47cXcZtLG4crryfu44zE | lo: Orca (83.408169) 7qbRF6YsyGuLUVs6Y1q64bdVrfe4ZcUUz1JRdoVNUJnm
[2026-04-15 11:44:48] [INFO] [XDEX] SOL/USDC | spread: 0.0010% | fees: 0.0900% | sub-fee | hi: Orca (83.409001) Czfq3xZZDmsdGdUyrNLtRhGc47cXcZtLG4crryfu44zE | lo: Orca (83.408169) 7qbRF6YsyGuLUVs6Y1q64bdVrfe4ZcUUz1JRdoVNUJnm
[2026-04-15 11:44:54] [INFO] [XDEX] SOL/USDC | spread: 0.0011% | fees: 0.0900% | sub-fee | hi: Orca (83.409062) Czfq3xZZDmsdGdUyrNLtRhGc47cXcZtLG4crryfu44zE | lo: Orca (83.408169) 7qbRF6YsyGuLUVs6Y1q64bdVrfe4ZcUUz1JRdoVNUJnm
[2026-04-15 11:44:57] [INFO] [XDEX] SOL/USDC | spread: 0.0011% | fees: 0.0900% | sub-fee | hi: Orca (83.409062) Czfq3xZZDmsdGdUyrNLtRhGc47cXcZtLG4crryfu44zE | lo: Orca (83.408169) 7qbRF6YsyGuLUVs6Y1q64bdVrfe4ZcUUz1JRdoVNUJnm
[2026-04-15 11:45:08] [INFO] [XDEX] SOL/USDC | spread: 0.0039% | fees: 0.0900% | sub-fee | hi: Orca (83.411421) Czfq3xZZDmsdGdUyrNLtRhGc47cXcZtLG4crryfu44zE | lo: Orca (83.408169) 7qbRF6YsyGuLUVs6Y1q64bdVrfe4ZcUUz1JRdoVNUJnm
[2026-04-15 11:45:23] [INFO] [XDEX] SOL/USDC | spread: 0.0110% | fees: 0.0900% | sub-fee | hi: Orca (83.417381) Czfq3xZZDmsdGdUyrNLtRhGc47cXcZtLG4crryfu44zE | lo: Orca (83.408169) 7qbRF6YsyGuLUVs6Y1q64bdVrfe4ZcUUz1JRdoVNUJnm
[2026-04-15 11:45:33] [INFO] [XDEX] SOL/USDC | spread: 0.0110% | fees: 0.0900% | sub-fee | hi: Orca (83.417381) Czfq3xZZDmsdGdUyrNLtRhGc47cXcZtLG4crryfu44zE | lo: Orca (83.408169) 7qbRF6YsyGuLUVs6Y1q64bdVrfe4ZcUUz1JRdoVNUJnm
[2026-04-15 11:45:38] [INFO] [XDEX] SOL/USDC | spread: 0.0119% | fees: 0.0900% | sub-fee | hi: Orca (83.418116) Czfq3xZZDmsdGdUyrNLtRhGc47cXcZtLG4crryfu44zE | lo: Orca (83.408169) 7qbRF6YsyGuLUVs6Y1q64bdVrfe4ZcUUz1JRdoVNUJnm
[2026-04-15 11:45:42] [INFO] [XDEX] SOL/USDC | spread: 0.0135% | fees: 0.0900% | sub-fee | hi: Orca (83.419452) Czfq3xZZDmsdGdUyrNLtRhGc47cXcZtLG4crryfu44zE | lo: Orca (83.408169) 7qbRF6YsyGuLUVs6Y1q64bdVrfe4ZcUUz1JRdoVNUJnm
[2026-04-15 11:45:49] [INFO] [XDEX] SOL/USDC | spread: 0.0168% | fees: 0.0900% | sub-fee | hi: Orca (83.422174) Czfq3xZZDmsdGdUyrNLtRhGc47cXcZtLG4crryfu44zE | lo: Orca (83.408169) 7qbRF6YsyGuLUVs6Y1q64bdVrfe4ZcUUz1JRdoVNUJnm
[2026-04-15 11:45:52] [INFO] [XDEX] SOL/USDC | spread: 0.0176% | fees: 0.0900% | sub-fee | hi: Orca (83.422819) Czfq3xZZDmsdGdUyrNLtRhGc47cXcZtLG4crryfu44zE | lo: Orca (83.408169) 7qbRF6YsyGuLUVs6Y1q64bdVrfe4ZcUUz1JRdoVNUJnm
[2026-04-15 11:45:59] [INFO] [XDEX] SOL/USDC | spread: 0.0086% | fees: 0.0900% | sub-fee | hi: Orca (83.423087) Czfq3xZZDmsdGdUyrNLtRhGc47cXcZtLG4crryfu44zE | lo: Orca (83.415873) 7qbRF6YsyGuLUVs6Y1q64bdVrfe4ZcUUz1JRdoVNUJnm
[2026-04-15 11:46:04] [INFO] [XDEX] SOL/USDC | spread: 0.0097% | fees: 0.0900% | sub-fee | hi: Orca (83.423995) Czfq3xZZDmsdGdUyrNLtRhGc47cXcZtLG4crryfu44zE | lo: Orca (83.415873) 7qbRF6YsyGuLUVs6Y1q64bdVrfe4ZcUUz1JRdoVNUJnm
[2026-04-15 11:46:06] [INFO] 💓 alive | slots +238 | detected: 0 | attempted: 0 | sent: 0
[2026-04-15 11:46:09] [INFO] [XDEX] SOL/USDC | spread: 0.0294% | fees: 0.0900% | sub-fee | hi: Orca (83.440431) Czfq3xZZDmsdGdUyrNLtRhGc47cXcZtLG4crryfu44zE | lo: Orca (83.415873) 7qbRF6YsyGuLUVs6Y1q64bdVrfe4ZcUUz1JRdoVNUJnm
[2026-04-15 11:46:19] [INFO] [XDEX] SOL/USDC | spread: 0.0141% | fees: 0.0900% | sub-fee | hi: Orca (83.440431) Czfq3xZZDmsdGdUyrNLtRhGc47cXcZtLG4crryfu44zE | lo: Orca (83.428682) 7qbRF6YsyGuLUVs6Y1q64bdVrfe4ZcUUz1JRdoVNUJnm
[2026-04-15 11:46:22] [INFO] [XDEX] SOL/USDC | spread: 0.0279% | fees: 0.0900% | sub-fee | hi: Orca (83.677175) 7qbRF6YsyGuLUVs6Y1q64bdVrfe4ZcUUz1JRdoVNUJnm | lo: Orca (83.653876) Czfq3xZZDmsdGdUyrNLtRhGc47cXcZtLG4crryfu44zE
[2026-04-15 11:46:25] [INFO] [XDEX] SOL/USDC | spread: 0.0147% | fees: 0.0900% | sub-fee | hi: Orca (83.677175) 7qbRF6YsyGuLUVs6Y1q64bdVrfe4ZcUUz1JRdoVNUJnm | lo: Orca (83.664871) Czfq3xZZDmsdGdUyrNLtRhGc47cXcZtLG4crryfu44zE
[2026-04-15 11:46:29] [INFO] [XDEX] SOL/USDC | spread: 0.0151% | fees: 0.0900% | sub-fee | hi: Orca (83.677175) 7qbRF6YsyGuLUVs6Y1q64bdVrfe4ZcUUz1JRdoVNUJnm | lo: Orca (83.664572) Czfq3xZZDmsdGdUyrNLtRhGc47cXcZtLG4crryfu44zE
[2026-04-15 11:46:33] [INFO] [XDEX] SOL/USDC | spread: 0.0353% | fees: 0.0900% | sub-fee | hi: Orca (83.666715) 7qbRF6YsyGuLUVs6Y1q64bdVrfe4ZcUUz1JRdoVNUJnm | lo: Orca (83.637160) Czfq3xZZDmsdGdUyrNLtRhGc47cXcZtLG4crryfu44zE
[2026-04-15 11:46:36] [INFO] [XDEX] SOL/USDC | spread: 0.0487% | fees: 0.0900% | sub-fee | hi: Orca (83.666715) 7qbRF6YsyGuLUVs6Y1q64bdVrfe4ZcUUz1JRdoVNUJnm | lo: Orca (83.625985) Czfq3xZZDmsdGdUyrNLtRhGc47cXcZtLG4crryfu44zE
[2026-04-15 11:46:42] [INFO] [XDEX] SOL/USDC | spread: 0.0200% | fees: 0.0900% | sub-fee | hi: Orca (83.618816) Czfq3xZZDmsdGdUyrNLtRhGc47cXcZtLG4crryfu44zE | lo: Orca (83.602094) 7qbRF6YsyGuLUVs6Y1q64bdVrfe4ZcUUz1JRdoVNUJnm
[2026-04-15 11:46:46] [INFO] [XDEX] SOL/USDC | spread: 0.0200% | fees: 0.0900% | sub-fee | hi: Orca (83.618816) Czfq3xZZDmsdGdUyrNLtRhGc47cXcZtLG4crryfu44zE | lo: Orca (83.602094) 7qbRF6YsyGuLUVs6Y1q64bdVrfe4ZcUUz1JRdoVNUJnm
[2026-04-15 11:46:51] [INFO] [XDEX] SOL/USDC | spread: 0.0033% | fees: 0.0900% | sub-fee | hi: Orca (83.585135) 7qbRF6YsyGuLUVs6Y1q64bdVrfe4ZcUUz1JRdoVNUJnm | lo: Orca (83.582392) Czfq3xZZDmsdGdUyrNLtRhGc47cXcZtLG4crryfu44zE
[2026-04-15 11:46:55] [INFO] [XDEX] SOL/USDC | spread: 0.0223% | fees: 0.0900% | sub-fee | hi: Orca (83.585135) 7qbRF6YsyGuLUVs6Y1q64bdVrfe4ZcUUz1JRdoVNUJnm | lo: Orca (83.566519) Czfq3xZZDmsdGdUyrNLtRhGc47cXcZtLG4crryfu44zE
[2026-04-15 11:46:58] [INFO] [XDEX] SOL/USDC | spread: 0.0123% | fees: 0.0900% | sub-fee | hi: Orca (83.545142) Czfq3xZZDmsdGdUyrNLtRhGc47cXcZtLG4crryfu44zE | lo: Orca (83.534904) 7qbRF6YsyGuLUVs6Y1q64bdVrfe4ZcUUz1JRdoVNUJnm
[2026-04-15 11:47:01] [INFO] [XDEX] SOL/USDC | spread: 0.0716% | fees: 0.0900% | sub-fee | hi: Orca (83.534904) 7qbRF6YsyGuLUVs6Y1q64bdVrfe4ZcUUz1JRdoVNUJnm | lo: Orca (83.475146) Czfq3xZZDmsdGdUyrNLtRhGc47cXcZtLG4crryfu44zE
[2026-04-15 11:47:05] [INFO] [XDEX] SOL/USDC | spread: 0.0716% | fees: 0.0900% | sub-fee | hi: Orca (83.534904) 7qbRF6YsyGuLUVs6Y1q64bdVrfe4ZcUUz1JRdoVNUJnm | lo: Orca (83.475146) Czfq3xZZDmsdGdUyrNLtRhGc47cXcZtLG4crryfu44zE
[2026-04-15 11:47:08] [INFO] [XDEX] SOL/USDC | spread: 0.0716% | fees: 0.0900% | sub-fee | hi: Orca (83.534904) 7qbRF6YsyGuLUVs6Y1q64bdVrfe4ZcUUz1JRdoVNUJnm | lo: Orca (83.475146) Czfq3xZZDmsdGdUyrNLtRhGc47cXcZtLG4crryfu44zE
[2026-04-15 11:47:11] [INFO] [XDEX] SOL/USDC | spread: 0.0716% | fees: 0.0900% | sub-fee | hi: Orca (83.534904) 7qbRF6YsyGuLUVs6Y1q64bdVrfe4ZcUUz1JRdoVNUJnm | lo: Orca (83.475146) Czfq3xZZDmsdGdUyrNLtRhGc47cXcZtLG4crryfu44zE
[2026-04-15 11:47:22] [INFO] [XDEX] SOL/USDC | spread: 0.0716% | fees: 0.0900% | sub-fee | hi: Orca (83.534904) 7qbRF6YsyGuLUVs6Y1q64bdVrfe4ZcUUz1JRdoVNUJnm | lo: Orca (83.475146) Czfq3xZZDmsdGdUyrNLtRhGc47cXcZtLG4crryfu44zE
[2026-04-15 11:47:26] [INFO] [XDEX] SOL/USDC | spread: 0.0716% | fees: 0.0900% | sub-fee | hi: Orca (83.534904) 7qbRF6YsyGuLUVs6Y1q64bdVrfe4ZcUUz1JRdoVNUJnm | lo: Orca (83.475146) Czfq3xZZDmsdGdUyrNLtRhGc47cXcZtLG4crryfu44zE
[2026-04-15 11:47:30] [INFO] [XDEX] SOL/USDC | spread: 0.0716% | fees: 0.0900% | sub-fee | hi: Orca (83.534904) 7qbRF6YsyGuLUVs6Y1q64bdVrfe4ZcUUz1JRdoVNUJnm | lo: Orca (83.475111) Czfq3xZZDmsdGdUyrNLtRhGc47cXcZtLG4crryfu44zE
[2026-04-15 11:47:34] [INFO] [XDEX] SOL/USDC | spread: 0.0652% | fees: 0.0900% | sub-fee | hi: Orca (83.534904) 7qbRF6YsyGuLUVs6Y1q64bdVrfe4ZcUUz1JRdoVNUJnm | lo: Orca (83.480455) Czfq3xZZDmsdGdUyrNLtRhGc47cXcZtLG4crryfu44zE
[2026-04-15 11:47:39] [INFO] [XDEX] SOL/USDC | spread: 0.0577% | fees: 0.0900% | sub-fee | hi: Orca (83.534904) 7qbRF6YsyGuLUVs6Y1q64bdVrfe4ZcUUz1JRdoVNUJnm | lo: Orca (83.486743) Czfq3xZZDmsdGdUyrNLtRhGc47cXcZtLG4crryfu44zE
[2026-04-15 11:47:42] [INFO] [XDEX] SOL/USDC | spread: 0.0359% | fees: 0.0900% | sub-fee | hi: Orca (83.534904) 7qbRF6YsyGuLUVs6Y1q64bdVrfe4ZcUUz1JRdoVNUJnm | lo: Orca (83.504897) Czfq3xZZDmsdGdUyrNLtRhGc47cXcZtLG4crryfu44zE
[2026-04-15 11:47:46] [INFO] [XDEX] SOL/USDC | spread: 0.0235% | fees: 0.0900% | sub-fee | hi: Orca (83.534904) 7qbRF6YsyGuLUVs6Y1q64bdVrfe4ZcUUz1JRdoVNUJnm | lo: Orca (83.515287) Czfq3xZZDmsdGdUyrNLtRhGc47cXcZtLG4crryfu44zE
[2026-04-15 11:47:49] [INFO] [XDEX] SOL/USDC | spread: 0.0118% | fees: 0.0900% | sub-fee | hi: Orca (83.515287) Czfq3xZZDmsdGdUyrNLtRhGc47cXcZtLG4crryfu44zE | lo: Orca (83.505443) 7qbRF6YsyGuLUVs6Y1q64bdVrfe4ZcUUz1JRdoVNUJnm
[2026-04-15 11:47:52] [INFO] [XDEX] SOL/USDC | spread: 0.0154% | fees: 0.0900% | sub-fee | hi: Orca (83.537228) Czfq3xZZDmsdGdUyrNLtRhGc47cXcZtLG4crryfu44zE | lo: Orca (83.524380) 7qbRF6YsyGuLUVs6Y1q64bdVrfe4ZcUUz1JRdoVNUJnm
[2026-04-15 11:47:56] [INFO] [XDEX] SOL/USDC | spread: 0.0265% | fees: 0.0900% | sub-fee | hi: Orca (83.546483) Czfq3xZZDmsdGdUyrNLtRhGc47cXcZtLG4crryfu44zE | lo: Orca (83.524380) 7qbRF6YsyGuLUVs6Y1q64bdVrfe4ZcUUz1JRdoVNUJnm
[2026-04-15 11:47:59] [INFO] [XDEX] SOL/USDC | spread: 0.0180% | fees: 0.0900% | sub-fee | hi: Orca (83.548644) Czfq3xZZDmsdGdUyrNLtRhGc47cXcZtLG4crryfu44zE | lo: Orca (83.533602) 7qbRF6YsyGuLUVs6Y1q64bdVrfe4ZcUUz1JRdoVNUJnm
[2026-04-15 11:48:03] [INFO] [XDEX] SOL/USDC | spread: 0.0180% | fees: 0.0900% | sub-fee | hi: Orca (83.548644) Czfq3xZZDmsdGdUyrNLtRhGc47cXcZtLG4crryfu44zE | lo: Orca (83.533602) 7qbRF6YsyGuLUVs6Y1q64bdVrfe4ZcUUz1JRdoVNUJnm
[2026-04-15 11:48:06] [INFO] [XDEX] SOL/USDC | spread: 0.0180% | fees: 0.0900% | sub-fee | hi: Orca (83.548644) Czfq3xZZDmsdGdUyrNLtRhGc47cXcZtLG4crryfu44zE | lo: Orca (83.533602) 7qbRF6YsyGuLUVs6Y1q64bdVrfe4ZcUUz1JRdoVNUJnm
[2026-04-15 11:48:06] [INFO] 💓 alive | slots +416 | detected: 0 | attempted: 0 | sent: 0
[2026-04-15 11:48:10] [INFO] [XDEX] SOL/USDC | spread: 0.0180% | fees: 0.0900% | sub-fee | hi: Orca (83.548644) Czfq3xZZDmsdGdUyrNLtRhGc47cXcZtLG4crryfu44zE | lo: Orca (83.533602) 7qbRF6YsyGuLUVs6Y1q64bdVrfe4ZcUUz1JRdoVNUJnm
[2026-04-15 11:48:13] [INFO] [XDEX] SOL/USDC | spread: 0.0180% | fees: 0.0900% | sub-fee | hi: Orca (83.548644) Czfq3xZZDmsdGdUyrNLtRhGc47cXcZtLG4crryfu44zE | lo: Orca (83.533602) 7qbRF6YsyGuLUVs6Y1q64bdVrfe4ZcUUz1JRdoVNUJnm
[2026-04-15 11:48:16] [INFO] [XDEX] SOL/USDC | spread: 0.0180% | fees: 0.0900% | sub-fee | hi: Orca (83.548644) Czfq3xZZDmsdGdUyrNLtRhGc47cXcZtLG4crryfu44zE | lo: Orca (83.533602) 7qbRF6YsyGuLUVs6Y1q64bdVrfe4ZcUUz1JRdoVNUJnm
[2026-04-15 11:48:19] [INFO] [XDEX] SOL/USDC | spread: 0.0180% | fees: 0.0900% | sub-fee | hi: Orca (83.548644) Czfq3xZZDmsdGdUyrNLtRhGc47cXcZtLG4crryfu44zE | lo: Orca (83.533602) 7qbRF6YsyGuLUVs6Y1q64bdVrfe4ZcUUz1JRdoVNUJnm
[2026-04-15 11:48:23] [INFO] [XDEX] SOL/USDC | spread: 0.0180% | fees: 0.0900% | sub-fee | hi: Orca (83.548644) Czfq3xZZDmsdGdUyrNLtRhGc47cXcZtLG4crryfu44zE | lo: Orca (83.533602) 7qbRF6YsyGuLUVs6Y1q64bdVrfe4ZcUUz1JRdoVNUJnm
[2026-04-15 11:48:27] [INFO] [XDEX] SOL/USDC | spread: 0.0067% | fees: 0.0900% | sub-fee | hi: Orca (83.539207) Czfq3xZZDmsdGdUyrNLtRhGc47cXcZtLG4crryfu44zE | lo: Orca (83.533602) 7qbRF6YsyGuLUVs6Y1q64bdVrfe4ZcUUz1JRdoVNUJnm
[2026-04-15 11:48:31] [INFO] [XDEX] SOL/USDC | spread: 0.0064% | fees: 0.0900% | sub-fee | hi: Orca (83.538925) Czfq3xZZDmsdGdUyrNLtRhGc47cXcZtLG4crryfu44zE | lo: Orca (83.533602) 7qbRF6YsyGuLUVs6Y1q64bdVrfe4ZcUUz1JRdoVNUJnm
[2026-04-15 11:48:34] [INFO] [XDEX] SOL/USDC | spread: 0.0015% | fees: 0.0900% | sub-fee | hi: Orca (83.533602) 7qbRF6YsyGuLUVs6Y1q64bdVrfe4ZcUUz1JRdoVNUJnm | lo: Orca (83.532318) Czfq3xZZDmsdGdUyrNLtRhGc47cXcZtLG4crryfu44zE
[2026-04-15 11:48:37] [INFO] [XDEX] SOL/USDC | spread: 0.0015% | fees: 0.0900% | sub-fee | hi: Orca (83.533602) 7qbRF6YsyGuLUVs6Y1q64bdVrfe4ZcUUz1JRdoVNUJnm | lo: Orca (83.532318) Czfq3xZZDmsdGdUyrNLtRhGc47cXcZtLG4crryfu44zE
[2026-04-15 11:48:42] [INFO] [XDEX] SOL/USDC | spread: 0.0015% | fees: 0.0900% | sub-fee | hi: Orca (83.533602) 7qbRF6YsyGuLUVs6Y1q64bdVrfe4ZcUUz1JRdoVNUJnm | lo: Orca (83.532318) Czfq3xZZDmsdGdUyrNLtRhGc47cXcZtLG4crryfu44zE
[2026-04-15 11:48:45] [INFO] [XDEX] SOL/USDC | spread: 0.0108% | fees: 0.0900% | sub-fee | hi: Orca (83.533602) 7qbRF6YsyGuLUVs6Y1q64bdVrfe4ZcUUz1JRdoVNUJnm | lo: Orca (83.524593) Czfq3xZZDmsdGdUyrNLtRhGc47cXcZtLG4crryfu44zE
[2026-04-15 11:48:49] [INFO] 
SIGINT received — shutting down...
[2026-04-15 11:48:49] [INFO] 📊 STATS | Slots: 754 | Detected: 0 | Attempted: 0 | Sent: 0 | Success: 0 | Profit: ~$0.00
[2026-04-15 11:48:49] [INFO] [PoolWatcher] All subscriptions removed
[2026-04-15 11:48:52] [INFO] ════════════════════════════════════════════════════════════
[2026-04-15 11:48:52] [INFO]   🤖 SOLANA FLASHLOAN ARB BOT — STARTING
[2026-04-15 11:48:52] [INFO] ════════════════════════════════════════════════════════════
[2026-04-15 11:48:52] [INFO] ✅ Discord alerts enabled
[2026-04-15 11:48:52] [INFO] ✅ Discord tx-log channel enabled
[2026-04-15 11:48:52] [INFO] ✅ Connected to primary RPC (mainnet.helius-rpc.com)
[2026-04-15 11:48:52] [INFO] [Price] Seeded SOL/USD = $83.48
[2026-04-15 11:48:52] [INFO] Wallet:          ESzi3jyKV4EWi1TC36nRwLiHHDVTmzn9iCFTotToyhC3
[2026-04-15 11:48:52] [INFO] SOL Balance:     0.1821 SOL
[2026-04-15 11:48:52] [INFO] [Scanner] Loaded 5 pairs from pairs.json
[2026-04-15 11:48:52] [INFO] [Executor] Initializing MarginFi flashloan client...
[2026-04-15 11:48:52] [INFO] [Executor] 429 circuit breaker installed on MarginFi connection
[2026-04-15 11:48:53] [INFO] [Executor] MarginFi loaded. Banks: 1
[2026-04-15 11:48:53] [INFO] [Executor] Loaded saved MarginFi account: 9H89EXD35fcEHV5Sj3c1662GWZzLrPZ89zm2EMFyP9n8
[2026-04-15 11:48:53] [INFO] [Executor] MarginFi account: 9H89EXD35fcEHV5Sj3c1662GWZzLrPZ89zm2EMFyP9n8
[2026-04-15 11:48:53] [INFO] [Executor] ✅ Flash loan ready (all MarginFi accounts support flashloans)
[2026-04-15 11:48:53] [INFO] [Executor] MFI account overrides cached (group: 4qp6Fx6t...)
[2026-04-15 11:48:53] [INFO] [Price] ✅ Binance WS connected — SOL/USD updating in real-time
[2026-04-15 11:48:53] [INFO] [Executor] MFI instruction templates cached ✅
[2026-04-15 11:48:53] [INFO] [Executor] Initializing Kamino flashloan templates...
[2026-04-15 11:48:53] [INFO] [Executor] Kamino flashloan templates cached ✅ (wsolAta: DQwQCSZL...)
[2026-04-15 11:48:53] [INFO] [Executor] Blockhash cache started (refresh every 200ms) ✅
[2026-04-15 11:48:53] [INFO] 
[2026-04-15 11:48:53] [INFO] Active pairs (5):
[2026-04-15 11:48:53] [INFO]   1. SOL/USDT [anchor]
[2026-04-15 11:48:53] [INFO]   2. SOL/USDC
[2026-04-15 11:48:53] [INFO]   3. SOL/BONK
[2026-04-15 11:48:53] [INFO]   4. SOL/WIF
[2026-04-15 11:48:53] [INFO]   5. SOL/FARTCOIN
[2026-04-15 11:48:53] [INFO] 
[2026-04-15 11:48:53] [INFO] [Scheduler] Next update in 11 day(s) on 26/4/2026
[2026-04-15 11:48:53] [INFO] 
[2026-04-15 11:48:53] [INFO] Trigger:         WebSocket pool subscriptions (~50-100ms) + slot fallback every 62 slots
[2026-04-15 11:48:53] [INFO] Flashloan size:  1–100 SOL (dynamic)
[2026-04-15 11:48:53] [INFO] Min profit:      $0.05
[2026-04-15 11:48:53] [INFO] 
[2026-04-15 11:48:53] [INFO] [PoolWatcher] Fetching pool addresses (Orca + Raydium + Meteora)...
[2026-04-15 11:49:00] [INFO] [PoolWatcher] ✅ 58 subscriptions — Orca:45 | Raydium CLMM:5 | Raydium AMM:5 | Meteora:3
[2026-04-15 11:49:00] [INFO] [PoolWatcher]   SOL/USDT → 11 subs (Orca:9 Raydium CLMM:1 Raydium AMM:1)
[2026-04-15 11:49:00] [INFO] [PoolWatcher]   SOL/USDC → 11 subs (Orca:9 Raydium CLMM:1 Raydium AMM:1)
[2026-04-15 11:49:00] [INFO] [PoolWatcher]   SOL/BONK → 12 subs (Orca:9 Raydium CLMM:1 Raydium AMM:1 Meteora:1)
[2026-04-15 11:49:00] [INFO] [PoolWatcher]   SOL/WIF → 12 subs (Orca:9 Raydium CLMM:1 Raydium AMM:1 Meteora:1)
[2026-04-15 11:49:00] [INFO] [PoolWatcher]   SOL/FARTCOIN → 12 subs (Orca:9 Raydium CLMM:1 Raydium AMM:1 Meteora:1)
[2026-04-15 11:49:00] [INFO] [LocalPools] Registered 53 pools (Orca + Raydium CLMM + Meteora) for local math
[2026-04-15 11:49:00] [INFO] [LocalPools] Seeding pool cache with initial RPC data...
[2026-04-15 11:49:00] [INFO] [LocalPools] Seeded 48 pools in cache
[2026-04-15 11:49:00] [INFO] [Scheduler] Monthly pair updater scheduled ✅
[2026-04-15 11:49:00] [INFO] ✅ Bot is live. Press Ctrl+C to stop.

[2026-04-15 11:49:02] [INFO] [XDEX] SOL/USDT | spread: 0.0521% | fees: 0.0600% | sub-fee | hi: Orca (83.511975) HcoJqG325TTifs6jyWvRJ9ET4pDu12Xrt2EQKZGFmuKX | lo: Orca (83.468451) FwewVm8u6tFPGewAyHmWAqad9hmF7mvqxK4mJ7iNqqGC
[2026-04-15 11:49:06] [INFO] [XDEX] SOL/USDT | spread: 0.0521% | fees: 0.0600% | sub-fee | hi: Orca (83.511975) HcoJqG325TTifs6jyWvRJ9ET4pDu12Xrt2EQKZGFmuKX | lo: Orca (83.468451) FwewVm8u6tFPGewAyHmWAqad9hmF7mvqxK4mJ7iNqqGC
[2026-04-15 11:49:09] [INFO] [XDEX] SOL/USDT | spread: 0.0458% | fees: 0.0600% | sub-fee | hi: Orca (83.506688) HcoJqG325TTifs6jyWvRJ9ET4pDu12Xrt2EQKZGFmuKX | lo: Orca (83.468451) FwewVm8u6tFPGewAyHmWAqad9hmF7mvqxK4mJ7iNqqGC
[2026-04-15 11:49:14] [INFO] [XDEX] SOL/USDC | spread: 0.0249% | fees: 0.0700% | sub-fee | hi: Orca (83.522934) 7qbRF6YsyGuLUVs6Y1q64bdVrfe4ZcUUz1JRdoVNUJnm | lo: Orca (83.502118) FpCMFDFGYotvufJ7HrFHsWEiiQCGbkLCtwHiDnh7o28Q
[2026-04-15 11:49:14] [INFO] [XDEX] SOL/USDT | spread: 0.0399% | fees: 0.0600% | sub-fee | hi: Orca (83.501743) HcoJqG325TTifs6jyWvRJ9ET4pDu12Xrt2EQKZGFmuKX | lo: Orca (83.468451) FwewVm8u6tFPGewAyHmWAqad9hmF7mvqxK4mJ7iNqqGC
[2026-04-15 11:49:18] [INFO] [XDEX] SOL/USDC | spread: 0.0249% | fees: 0.0700% | sub-fee | hi: Orca (83.522934) 7qbRF6YsyGuLUVs6Y1q64bdVrfe4ZcUUz1JRdoVNUJnm | lo: Orca (83.502118) FpCMFDFGYotvufJ7HrFHsWEiiQCGbkLCtwHiDnh7o28Q
[2026-04-15 11:49:18] [INFO] [XDEX] SOL/USDT | spread: 0.0055% | fees: 0.0600% | sub-fee | hi: Orca (83.473060) HcoJqG325TTifs6jyWvRJ9ET4pDu12Xrt2EQKZGFmuKX | lo: Orca (83.468451) FwewVm8u6tFPGewAyHmWAqad9hmF7mvqxK4mJ7iNqqGC
[2026-04-15 11:49:21] [INFO] [XDEX] SOL/USDC | spread: 0.0371% | fees: 0.0700% | sub-fee | hi: Orca (83.522934) 7qbRF6YsyGuLUVs6Y1q64bdVrfe4ZcUUz1JRdoVNUJnm | lo: Orca (83.491989) FpCMFDFGYotvufJ7HrFHsWEiiQCGbkLCtwHiDnh7o28Q
[2026-04-15 11:49:21] [INFO] [XDEX] SOL/USDT | spread: 0.0193% | fees: 0.0600% | sub-fee | hi: Orca (83.473060) HcoJqG325TTifs6jyWvRJ9ET4pDu12Xrt2EQKZGFmuKX | lo: Orca (83.456927) FwewVm8u6tFPGewAyHmWAqad9hmF7mvqxK4mJ7iNqqGC
[2026-04-15 11:49:24] [INFO] [XDEX] SOL/USDC | spread: 0.0371% | fees: 0.0700% | sub-fee | hi: Orca (83.522934) 7qbRF6YsyGuLUVs6Y1q64bdVrfe4ZcUUz1JRdoVNUJnm | lo: Orca (83.491989) FpCMFDFGYotvufJ7HrFHsWEiiQCGbkLCtwHiDnh7o28Q
[2026-04-15 11:49:24] [INFO] [XDEX] SOL/USDT | spread: 0.0193% | fees: 0.0600% | sub-fee | hi: Orca (83.473060) HcoJqG325TTifs6jyWvRJ9ET4pDu12Xrt2EQKZGFmuKX | lo: Orca (83.456927) FwewVm8u6tFPGewAyHmWAqad9hmF7mvqxK4mJ7iNqqGC
[2026-04-15 11:49:27] [INFO] [XDEX] SOL/USDT | spread: 0.0193% | fees: 0.0600% | sub-fee | hi: Orca (83.473060) HcoJqG325TTifs6jyWvRJ9ET4pDu12Xrt2EQKZGFmuKX | lo: Orca (83.456927) FwewVm8u6tFPGewAyHmWAqad9hmF7mvqxK4mJ7iNqqGC
[2026-04-15 11:49:28] [INFO] [XDEX] SOL/USDC | spread: 0.0345% | fees: 0.0700% | sub-fee | hi: Orca (83.508834) 7qbRF6YsyGuLUVs6Y1q64bdVrfe4ZcUUz1JRdoVNUJnm | lo: Orca (83.480072) FpCMFDFGYotvufJ7HrFHsWEiiQCGbkLCtwHiDnh7o28Q
[2026-04-15 11:49:32] [INFO] [XDEX] SOL/USDT | spread: 0.0193% | fees: 0.0600% | sub-fee | hi: Orca (83.473060) HcoJqG325TTifs6jyWvRJ9ET4pDu12Xrt2EQKZGFmuKX | lo: Orca (83.456927) FwewVm8u6tFPGewAyHmWAqad9hmF7mvqxK4mJ7iNqqGC
[2026-04-15 11:49:34] [INFO] [XDEX] SOL/USDC | spread: 0.0280% | fees: 0.0700% | sub-fee | hi: Orca (83.508834) 7qbRF6YsyGuLUVs6Y1q64bdVrfe4ZcUUz1JRdoVNUJnm | lo: Orca (83.485437) FpCMFDFGYotvufJ7HrFHsWEiiQCGbkLCtwHiDnh7o28Q
[2026-04-15 11:49:36] [INFO] [XDEX] SOL/USDT | spread: 0.0193% | fees: 0.0600% | sub-fee | hi: Orca (83.473060) HcoJqG325TTifs6jyWvRJ9ET4pDu12Xrt2EQKZGFmuKX | lo: Orca (83.456927) FwewVm8u6tFPGewAyHmWAqad9hmF7mvqxK4mJ7iNqqGC
[2026-04-15 11:49:37] [INFO] [XDEX] SOL/USDC | spread: 0.0166% | fees: 0.0700% | sub-fee | hi: Orca (83.508834) 7qbRF6YsyGuLUVs6Y1q64bdVrfe4ZcUUz1JRdoVNUJnm | lo: Orca (83.494982) FpCMFDFGYotvufJ7HrFHsWEiiQCGbkLCtwHiDnh7o28Q
[2026-04-15 11:49:40] [INFO] [XDEX] SOL/USDT | spread: 0.0193% | fees: 0.0600% | sub-fee | hi: Orca (83.473060) HcoJqG325TTifs6jyWvRJ9ET4pDu12Xrt2EQKZGFmuKX | lo: Orca (83.456927) FwewVm8u6tFPGewAyHmWAqad9hmF7mvqxK4mJ7iNqqGC
[2026-04-15 11:49:41] [INFO] [XDEX] SOL/USDC | spread: 0.0081% | fees: 0.0600% | sub-fee | hi: Orca (83.505034) FpCMFDFGYotvufJ7HrFHsWEiiQCGbkLCtwHiDnh7o28Q | lo: Orca (83.498241) Czfq3xZZDmsdGdUyrNLtRhGc47cXcZtLG4crryfu44zE
[2026-04-15 11:49:43] [INFO] [XDEX] SOL/USDT | spread: 0.0128% | fees: 0.0600% | sub-fee | hi: Orca (83.473060) HcoJqG325TTifs6jyWvRJ9ET4pDu12Xrt2EQKZGFmuKX | lo: Orca (83.462388) FwewVm8u6tFPGewAyHmWAqad9hmF7mvqxK4mJ7iNqqGC
[2026-04-15 11:49:44] [INFO] [XDEX] SOL/USDC | spread: 0.0233% | fees: 0.0600% | sub-fee | hi: Orca (83.517731) FpCMFDFGYotvufJ7HrFHsWEiiQCGbkLCtwHiDnh7o28Q | lo: Orca (83.498241) Czfq3xZZDmsdGdUyrNLtRhGc47cXcZtLG4crryfu44zE
[2026-04-15 11:49:47] [INFO] [XDEX] SOL/USDT | spread: 0.0122% | fees: 0.0600% | sub-fee | hi: Orca (83.483267) FwewVm8u6tFPGewAyHmWAqad9hmF7mvqxK4mJ7iNqqGC | lo: Orca (83.473060) HcoJqG325TTifs6jyWvRJ9ET4pDu12Xrt2EQKZGFmuKX
[2026-04-15 11:49:50] [INFO] [XDEX] SOL/USDC | spread: 0.0173% | fees: 0.0600% | sub-fee | hi: Orca (83.528245) FpCMFDFGYotvufJ7HrFHsWEiiQCGbkLCtwHiDnh7o28Q | lo: Orca (83.513826) Czfq3xZZDmsdGdUyrNLtRhGc47cXcZtLG4crryfu44zE
[2026-04-15 11:49:53] [INFO] [XDEX] SOL/USDC | spread: 0.0173% | fees: 0.0600% | sub-fee | hi: Orca (83.528245) FpCMFDFGYotvufJ7HrFHsWEiiQCGbkLCtwHiDnh7o28Q | lo: Orca (83.513826) Czfq3xZZDmsdGdUyrNLtRhGc47cXcZtLG4crryfu44zE
[2026-04-15 11:49:58] [INFO] [XDEX] SOL/USDC | spread: 0.0173% | fees: 0.0600% | sub-fee | hi: Orca (83.528245) FpCMFDFGYotvufJ7HrFHsWEiiQCGbkLCtwHiDnh7o28Q | lo: Orca (83.513826) Czfq3xZZDmsdGdUyrNLtRhGc47cXcZtLG4crryfu44zE
[2026-04-15 11:49:59] [INFO] [XDEX] SOL/USDT | spread: 0.0122% | fees: 0.0600% | sub-fee | hi: Orca (83.483267) FwewVm8u6tFPGewAyHmWAqad9hmF7mvqxK4mJ7iNqqGC | lo: Orca (83.473060) HcoJqG325TTifs6jyWvRJ9ET4pDu12Xrt2EQKZGFmuKX
[2026-04-15 11:50:02] [INFO] [XDEX] SOL/USDC | spread: 0.0173% | fees: 0.0600% | sub-fee | hi: Orca (83.528245) FpCMFDFGYotvufJ7HrFHsWEiiQCGbkLCtwHiDnh7o28Q | lo: Orca (83.513826) Czfq3xZZDmsdGdUyrNLtRhGc47cXcZtLG4crryfu44zE
[2026-04-15 11:50:04] [INFO] [XDEX] SOL/USDT | spread: 0.0122% | fees: 0.0600% | sub-fee | hi: Orca (83.483267) FwewVm8u6tFPGewAyHmWAqad9hmF7mvqxK4mJ7iNqqGC | lo: Orca (83.473060) HcoJqG325TTifs6jyWvRJ9ET4pDu12Xrt2EQKZGFmuKX
[2026-04-15 11:50:05] [INFO] [XDEX] SOL/USDC | spread: 0.0173% | fees: 0.0600% | sub-fee | hi: Orca (83.528245) FpCMFDFGYotvufJ7HrFHsWEiiQCGbkLCtwHiDnh7o28Q | lo: Orca (83.513826) Czfq3xZZDmsdGdUyrNLtRhGc47cXcZtLG4crryfu44zE
[2026-04-15 11:50:07] [INFO] [XDEX] SOL/USDT | spread: 0.0122% | fees: 0.0600% | sub-fee | hi: Orca (83.483267) FwewVm8u6tFPGewAyHmWAqad9hmF7mvqxK4mJ7iNqqGC | lo: Orca (83.473060) HcoJqG325TTifs6jyWvRJ9ET4pDu12Xrt2EQKZGFmuKX
[2026-04-15 11:50:09] [INFO] [XDEX] SOL/USDC | spread: 0.0141% | fees: 0.0600% | sub-fee | hi: Orca (83.528245) FpCMFDFGYotvufJ7HrFHsWEiiQCGbkLCtwHiDnh7o28Q | lo: Orca (83.516468) Czfq3xZZDmsdGdUyrNLtRhGc47cXcZtLG4crryfu44zE
[2026-04-15 11:50:10] [INFO] [XDEX] SOL/USDT | spread: 0.0122% | fees: 0.0600% | sub-fee | hi: Orca (83.483267) FwewVm8u6tFPGewAyHmWAqad9hmF7mvqxK4mJ7iNqqGC | lo: Orca (83.473060) HcoJqG325TTifs6jyWvRJ9ET4pDu12Xrt2EQKZGFmuKX
[2026-04-15 11:50:14] [INFO] [XDEX] SOL/USDT | spread: 0.0122% | fees: 0.0600% | sub-fee | hi: Orca (83.483267) FwewVm8u6tFPGewAyHmWAqad9hmF7mvqxK4mJ7iNqqGC | lo: Orca (83.473060) HcoJqG325TTifs6jyWvRJ9ET4pDu12Xrt2EQKZGFmuKX
[2026-04-15 11:50:17] [INFO] [XDEX] SOL/USDT | spread: 0.0122% | fees: 0.0600% | sub-fee | hi: Orca (83.483267) FwewVm8u6tFPGewAyHmWAqad9hmF7mvqxK4mJ7iNqqGC | lo: Orca (83.473060) HcoJqG325TTifs6jyWvRJ9ET4pDu12Xrt2EQKZGFmuKX
[2026-04-15 11:50:17] [INFO] [XDEX] SOL/USDC | spread: 0.0141% | fees: 0.0600% | sub-fee | hi: Orca (83.528245) FpCMFDFGYotvufJ7HrFHsWEiiQCGbkLCtwHiDnh7o28Q | lo: Orca (83.516468) Czfq3xZZDmsdGdUyrNLtRhGc47cXcZtLG4crryfu44zE
[2026-04-15 11:50:21] [INFO] [XDEX] SOL/USDT | spread: 0.0235% | fees: 0.0600% | sub-fee | hi: Orca (83.492678) FwewVm8u6tFPGewAyHmWAqad9hmF7mvqxK4mJ7iNqqGC | lo: Orca (83.473060) HcoJqG325TTifs6jyWvRJ9ET4pDu12Xrt2EQKZGFmuKX
[2026-04-15 11:50:22] [INFO] [XDEX] SOL/USDC | spread: 0.0178% | fees: 0.0600% | sub-fee | hi: Orca (83.531335) FpCMFDFGYotvufJ7HrFHsWEiiQCGbkLCtwHiDnh7o28Q | lo: Orca (83.516468) Czfq3xZZDmsdGdUyrNLtRhGc47cXcZtLG4crryfu44zE
[2026-04-15 11:50:24] [INFO] [XDEX] SOL/USDT | spread: 0.0235% | fees: 0.0600% | sub-fee | hi: Orca (83.492678) FwewVm8u6tFPGewAyHmWAqad9hmF7mvqxK4mJ7iNqqGC | lo: Orca (83.473060) HcoJqG325TTifs6jyWvRJ9ET4pDu12Xrt2EQKZGFmuKX
[2026-04-15 11:50:26] [INFO] [XDEX] SOL/USDC | spread: 0.0269% | fees: 0.0700% | sub-fee | hi: Orca (83.531335) FpCMFDFGYotvufJ7HrFHsWEiiQCGbkLCtwHiDnh7o28Q | lo: Orca (83.508834) 7qbRF6YsyGuLUVs6Y1q64bdVrfe4ZcUUz1JRdoVNUJnm
[2026-04-15 11:50:27] [INFO] [XDEX] SOL/USDT | spread: 0.0433% | fees: 0.0600% | sub-fee | hi: Orca (83.509201) FwewVm8u6tFPGewAyHmWAqad9hmF7mvqxK4mJ7iNqqGC | lo: Orca (83.473060) HcoJqG325TTifs6jyWvRJ9ET4pDu12Xrt2EQKZGFmuKX
[2026-04-15 11:50:29] [INFO] [XDEX] SOL/USDC | spread: 0.0430% | fees: 0.0700% | sub-fee | hi: Orca (83.544705) FpCMFDFGYotvufJ7HrFHsWEiiQCGbkLCtwHiDnh7o28Q | lo: Orca (83.508834) 7qbRF6YsyGuLUVs6Y1q64bdVrfe4ZcUUz1JRdoVNUJnm
[2026-04-15 11:50:32] [INFO] [XDEX] SOL/USDT | spread: 0.0371% | fees: 0.0600% | sub-fee | hi: Orca (83.509201) FwewVm8u6tFPGewAyHmWAqad9hmF7mvqxK4mJ7iNqqGC | lo: Orca (83.478229) HcoJqG325TTifs6jyWvRJ9ET4pDu12Xrt2EQKZGFmuKX
[2026-04-15 11:50:32] [INFO] [XDEX] SOL/USDC | spread: 0.0257% | fees: 0.0600% | sub-fee | hi: Orca (83.550907) FpCMFDFGYotvufJ7HrFHsWEiiQCGbkLCtwHiDnh7o28Q | lo: Orca (83.529442) Czfq3xZZDmsdGdUyrNLtRhGc47cXcZtLG4crryfu44zE
[2026-04-15 11:50:35] [INFO] [XDEX] SOL/USDC | spread: 0.0464% | fees: 0.0700% | sub-fee | hi: Orca (83.574601) FpCMFDFGYotvufJ7HrFHsWEiiQCGbkLCtwHiDnh7o28Q | lo: Orca (83.535872) 7qbRF6YsyGuLUVs6Y1q64bdVrfe4ZcUUz1JRdoVNUJnm
[2026-04-15 11:50:36] [INFO] [XDEX] SOL/USDT | spread: 0.0542% | fees: 0.0600% | sub-fee | hi: Orca (83.523495) FwewVm8u6tFPGewAyHmWAqad9hmF7mvqxK4mJ7iNqqGC | lo: Orca (83.478229) HcoJqG325TTifs6jyWvRJ9ET4pDu12Xrt2EQKZGFmuKX
[2026-04-15 11:50:41] [INFO] [XDEX] SOL/USDC | spread: 0.0464% | fees: 0.0700% | sub-fee | hi: Orca (83.574601) FpCMFDFGYotvufJ7HrFHsWEiiQCGbkLCtwHiDnh7o28Q | lo: Orca (83.535872) 7qbRF6YsyGuLUVs6Y1q64bdVrfe4ZcUUz1JRdoVNUJnm
[2026-04-15 11:50:43] [INFO] [XDEX] SOL/USDT | spread: 0.0479% | fees: 0.0600% | sub-fee | hi: Orca (83.523495) FwewVm8u6tFPGewAyHmWAqad9hmF7mvqxK4mJ7iNqqGC | lo: Orca (83.483526) HcoJqG325TTifs6jyWvRJ9ET4pDu12Xrt2EQKZGFmuKX
[2026-04-15 11:50:44] [INFO] [XDEX] SOL/USDC | spread: 0.0464% | fees: 0.0700% | sub-fee | hi: Orca (83.574601) FpCMFDFGYotvufJ7HrFHsWEiiQCGbkLCtwHiDnh7o28Q | lo: Orca (83.535872) 7qbRF6YsyGuLUVs6Y1q64bdVrfe4ZcUUz1JRdoVNUJnm
[2026-04-15 11:50:46] [INFO] [XDEX] SOL/USDT | spread: 0.0479% | fees: 0.0600% | sub-fee | hi: Orca (83.523495) FwewVm8u6tFPGewAyHmWAqad9hmF7mvqxK4mJ7iNqqGC | lo: Orca (83.483526) HcoJqG325TTifs6jyWvRJ9ET4pDu12Xrt2EQKZGFmuKX
[2026-04-15 11:50:47] [INFO] [XDEX] SOL/USDC | spread: 0.0200% | fees: 0.0700% | sub-fee | hi: Orca (83.574601) FpCMFDFGYotvufJ7HrFHsWEiiQCGbkLCtwHiDnh7o28Q | lo: Orca (83.557880) 7qbRF6YsyGuLUVs6Y1q64bdVrfe4ZcUUz1JRdoVNUJnm
[2026-04-15 11:50:49] [INFO] [XDEX] SOL/USDT | spread: 0.0479% | fees: 0.0600% | sub-fee | hi: Orca (83.523495) FwewVm8u6tFPGewAyHmWAqad9hmF7mvqxK4mJ7iNqqGC | lo: Orca (83.483526) HcoJqG325TTifs6jyWvRJ9ET4pDu12Xrt2EQKZGFmuKX
[2026-04-15 11:50:50] [INFO] [XDEX] SOL/USDC | spread: 0.0153% | fees: 0.0700% | sub-fee | hi: Orca (83.587356) 7qbRF6YsyGuLUVs6Y1q64bdVrfe4ZcUUz1JRdoVNUJnm | lo: Orca (83.574601) FpCMFDFGYotvufJ7HrFHsWEiiQCGbkLCtwHiDnh7o28Q
[2026-04-15 11:50:52] [INFO] [XDEX] SOL/USDT | spread: 0.0479% | fees: 0.0600% | sub-fee | hi: Orca (83.523495) FwewVm8u6tFPGewAyHmWAqad9hmF7mvqxK4mJ7iNqqGC | lo: Orca (83.483526) HcoJqG325TTifs6jyWvRJ9ET4pDu12Xrt2EQKZGFmuKX
[2026-04-15 11:50:57] [INFO] [XDEX] SOL/USDC | spread: 0.0282% | fees: 0.0600% | sub-fee | hi: Orca (83.613063) FpCMFDFGYotvufJ7HrFHsWEiiQCGbkLCtwHiDnh7o28Q | lo: Orca (83.589503) Czfq3xZZDmsdGdUyrNLtRhGc47cXcZtLG4crryfu44zE
[2026-04-15 11:50:57] [INFO] [XDEX] SOL/USDT | spread: 0.0180% | fees: 0.0600% | sub-fee | hi: Orca (83.523495) FwewVm8u6tFPGewAyHmWAqad9hmF7mvqxK4mJ7iNqqGC | lo: Orca (83.508487) HcoJqG325TTifs6jyWvRJ9ET4pDu12Xrt2EQKZGFmuKX
[2026-04-15 11:51:00] [INFO] 💓 alive | slots +243 | detected: 0 | attempted: 0 | sent: 0
[2026-04-15 11:51:02] [INFO] [XDEX] SOL/USDT | spread: 0.0180% | fees: 0.0600% | sub-fee | hi: Orca (83.523495) FwewVm8u6tFPGewAyHmWAqad9hmF7mvqxK4mJ7iNqqGC | lo: Orca (83.508487) HcoJqG325TTifs6jyWvRJ9ET4pDu12Xrt2EQKZGFmuKX
[2026-04-15 11:51:02] [INFO] [XDEX] SOL/USDC | spread: 0.0230% | fees: 0.0600% | sub-fee | hi: Orca (83.608733) FpCMFDFGYotvufJ7HrFHsWEiiQCGbkLCtwHiDnh7o28Q | lo: Orca (83.589503) Czfq3xZZDmsdGdUyrNLtRhGc47cXcZtLG4crryfu44zE
[2026-04-15 11:51:05] [INFO] [XDEX] SOL/USDT | spread: 0.0180% | fees: 0.0600% | sub-fee | hi: Orca (83.523495) FwewVm8u6tFPGewAyHmWAqad9hmF7mvqxK4mJ7iNqqGC | lo: Orca (83.508487) HcoJqG325TTifs6jyWvRJ9ET4pDu12Xrt2EQKZGFmuKX
[2026-04-15 11:51:06] [INFO] [XDEX] SOL/USDC | spread: 0.0230% | fees: 0.0600% | sub-fee | hi: Orca (83.608733) FpCMFDFGYotvufJ7HrFHsWEiiQCGbkLCtwHiDnh7o28Q | lo: Orca (83.589504) Czfq3xZZDmsdGdUyrNLtRhGc47cXcZtLG4crryfu44zE
[2026-04-15 11:51:08] [INFO] [XDEX] SOL/USDT | spread: 0.0180% | fees: 0.0600% | sub-fee | hi: Orca (83.523495) FwewVm8u6tFPGewAyHmWAqad9hmF7mvqxK4mJ7iNqqGC | lo: Orca (83.508487) HcoJqG325TTifs6jyWvRJ9ET4pDu12Xrt2EQKZGFmuKX
[2026-04-15 11:51:10] [INFO] [XDEX] SOL/USDC | spread: 0.0223% | fees: 0.0600% | sub-fee | hi: Orca (83.608121) FpCMFDFGYotvufJ7HrFHsWEiiQCGbkLCtwHiDnh7o28Q | lo: Orca (83.589504) Czfq3xZZDmsdGdUyrNLtRhGc47cXcZtLG4crryfu44zE
[2026-04-15 11:51:16] [INFO] [XDEX] SOL/USDT | spread: 0.0180% | fees: 0.0600% | sub-fee | hi: Orca (83.523495) FwewVm8u6tFPGewAyHmWAqad9hmF7mvqxK4mJ7iNqqGC | lo: Orca (83.508487) HcoJqG325TTifs6jyWvRJ9ET4pDu12Xrt2EQKZGFmuKX
[2026-04-15 11:51:17] [INFO] [XDEX] SOL/USDC | spread: 0.0223% | fees: 0.0600% | sub-fee | hi: Orca (83.608121) FpCMFDFGYotvufJ7HrFHsWEiiQCGbkLCtwHiDnh7o28Q | lo: Orca (83.589504) Czfq3xZZDmsdGdUyrNLtRhGc47cXcZtLG4crryfu44zE
[2026-04-15 11:51:21] [INFO] [XDEX] SOL/USDT | spread: 0.0180% | fees: 0.0600% | sub-fee | hi: Orca (83.523495) FwewVm8u6tFPGewAyHmWAqad9hmF7mvqxK4mJ7iNqqGC | lo: Orca (83.508487) HcoJqG325TTifs6jyWvRJ9ET4pDu12Xrt2EQKZGFmuKX
[2026-04-15 11:51:26] [INFO] [XDEX] SOL/USDT | spread: 0.0180% | fees: 0.0600% | sub-fee | hi: Orca (83.523495) FwewVm8u6tFPGewAyHmWAqad9hmF7mvqxK4mJ7iNqqGC | lo: Orca (83.508487) HcoJqG325TTifs6jyWvRJ9ET4pDu12Xrt2EQKZGFmuKX
[2026-04-15 11:51:26] [INFO] [XDEX] SOL/USDC | spread: 0.0160% | fees: 0.0600% | sub-fee | hi: Orca (83.608121) FpCMFDFGYotvufJ7HrFHsWEiiQCGbkLCtwHiDnh7o28Q | lo: Orca (83.594773) Czfq3xZZDmsdGdUyrNLtRhGc47cXcZtLG4crryfu44zE
[2026-04-15 11:51:30] [INFO] [XDEX] SOL/USDC | spread: 0.0160% | fees: 0.0600% | sub-fee | hi: Orca (83.608115) FpCMFDFGYotvufJ7HrFHsWEiiQCGbkLCtwHiDnh7o28Q | lo: Orca (83.594773) Czfq3xZZDmsdGdUyrNLtRhGc47cXcZtLG4crryfu44zE
[2026-04-15 11:51:32] [INFO] [XDEX] SOL/USDT | spread: 0.0180% | fees: 0.0600% | sub-fee | hi: Orca (83.523495) FwewVm8u6tFPGewAyHmWAqad9hmF7mvqxK4mJ7iNqqGC | lo: Orca (83.508487) HcoJqG325TTifs6jyWvRJ9ET4pDu12Xrt2EQKZGFmuKX
[2026-04-15 11:51:36] [INFO] [XDEX] SOL/USDC | spread: 0.0160% | fees: 0.0600% | sub-fee | hi: Orca (83.608115) FpCMFDFGYotvufJ7HrFHsWEiiQCGbkLCtwHiDnh7o28Q | lo: Orca (83.594773) Czfq3xZZDmsdGdUyrNLtRhGc47cXcZtLG4crryfu44zE
[2026-04-15 11:51:39] [INFO] [XDEX] SOL/USDT | spread: 0.0180% | fees: 0.0600% | sub-fee | hi: Orca (83.523495) FwewVm8u6tFPGewAyHmWAqad9hmF7mvqxK4mJ7iNqqGC | lo: Orca (83.508487) HcoJqG325TTifs6jyWvRJ9ET4pDu12Xrt2EQKZGFmuKX
[2026-04-15 11:51:39] [INFO] [XDEX] SOL/USDC | spread: 0.0159% | fees: 0.0600% | sub-fee | hi: Orca (83.608102) FpCMFDFGYotvufJ7HrFHsWEiiQCGbkLCtwHiDnh7o28Q | lo: Orca (83.594773) Czfq3xZZDmsdGdUyrNLtRhGc47cXcZtLG4crryfu44zE
[2026-04-15 11:51:43] [INFO] [XDEX] SOL/USDC | spread: 0.0075% | fees: 0.0600% | sub-fee | hi: Orca (83.594773) Czfq3xZZDmsdGdUyrNLtRhGc47cXcZtLG4crryfu44zE | lo: Orca (83.588512) FpCMFDFGYotvufJ7HrFHsWEiiQCGbkLCtwHiDnh7o28Q
[2026-04-15 11:51:45] [INFO] [XDEX] SOL/USDT | spread: 0.0509% | fees: 0.0600% | sub-fee | hi: Orca (83.550982) FwewVm8u6tFPGewAyHmWAqad9hmF7mvqxK4mJ7iNqqGC | lo: Orca (83.508487) HcoJqG325TTifs6jyWvRJ9ET4pDu12Xrt2EQKZGFmuKX
[2026-04-15 11:51:48] [INFO] [XDEX] SOL/USDT | spread: 0.0509% | fees: 0.0600% | sub-fee | hi: Orca (83.550982) FwewVm8u6tFPGewAyHmWAqad9hmF7mvqxK4mJ7iNqqGC | lo: Orca (83.508487) HcoJqG325TTifs6jyWvRJ9ET4pDu12Xrt2EQKZGFmuKX
[2026-04-15 11:51:49] [INFO] [XDEX] SOL/USDC | spread: 0.0009% | fees: 0.0600% | sub-fee | hi: Orca (83.595531) FpCMFDFGYotvufJ7HrFHsWEiiQCGbkLCtwHiDnh7o28Q | lo: Orca (83.594773) Czfq3xZZDmsdGdUyrNLtRhGc47cXcZtLG4crryfu44zE
[2026-04-15 11:51:53] [INFO] [XDEX] SOL/USDC | spread: 0.0009% | fees: 0.0600% | sub-fee | hi: Orca (83.595531) FpCMFDFGYotvufJ7HrFHsWEiiQCGbkLCtwHiDnh7o28Q | lo: Orca (83.594773) Czfq3xZZDmsdGdUyrNLtRhGc47cXcZtLG4crryfu44zE
[2026-04-15 11:51:55] [INFO] [XDEX] SOL/USDT | spread: 0.0509% | fees: 0.0600% | sub-fee | hi: Orca (83.550982) FwewVm8u6tFPGewAyHmWAqad9hmF7mvqxK4mJ7iNqqGC | lo: Orca (83.508487) HcoJqG325TTifs6jyWvRJ9ET4pDu12Xrt2EQKZGFmuKX
[2026-04-15 11:51:58] [INFO] [XDEX] SOL/USDC | spread: 0.0009% | fees: 0.0600% | sub-fee | hi: Orca (83.595531) FpCMFDFGYotvufJ7HrFHsWEiiQCGbkLCtwHiDnh7o28Q | lo: Orca (83.594773) Czfq3xZZDmsdGdUyrNLtRhGc47cXcZtLG4crryfu44zE
[2026-04-15 11:52:00] [INFO] [XDEX] SOL/USDT | spread: 0.0509% | fees: 0.0600% | sub-fee | hi: Orca (83.550982) FwewVm8u6tFPGewAyHmWAqad9hmF7mvqxK4mJ7iNqqGC | lo: Orca (83.508487) HcoJqG325TTifs6jyWvRJ9ET4pDu12Xrt2EQKZGFmuKX
[2026-04-15 11:52:04] [INFO] [XDEX] SOL/USDT | spread: 0.0720% | fees: 0.0600% | PROFITABLE | hi: Orca (83.568617) FwewVm8u6tFPGewAyHmWAqad9hmF7mvqxK4mJ7iNqqGC | lo: Orca (83.508487) HcoJqG325TTifs6jyWvRJ9ET4pDu12Xrt2EQKZGFmuKX
[2026-04-15 11:52:04] [INFO] [LocalExec] Small loan (2.0 SOL) — trusting spread, skipping computeSwap gate | local math: -7.2023 USD
[2026-04-15 11:52:04] [INFO] 🎯 LOCAL EXEC — SOL/USDT | spread: 0.072% | loan: 2.0 SOL | profit: ~$-7.2023 | buy: Orca@FwewVm8u → sell: Orca@HcoJqG32
[2026-04-15 11:52:04] [INFO] [LocalExec] Jito tip: 50000 lamports (~$0.0042)
[2026-04-15 11:52:04] [INFO] [LocalExec] borrowIxIndex dynamically set to 2
[2026-04-15 11:52:04] [INFO] [LocalExec] Tx size: 1153 bytes | 10 instructions
[2026-04-15 11:52:04] [INFO] [LocalExec] Jito accepted via mainnet
[2026-04-15 11:52:04] [INFO] [LAT] gate=6ms build=135ms sign=28ms submit=37ms TOTAL=206ms
[2026-04-15 11:52:04] [INFO] [LocalExec] ✅ Tx submitted: 3iPRQA1zL8Ew3f1skGHXWCavn62BsjdR9Tg232naSCgTP8NReN233h4tZTgmjU1nDZGokkRKKLTuAg6H6ZjT7hh2
[2026-04-15 11:52:04] [INFO] [LocalExec] Jito accepted via frankfurt
[2026-04-15 11:52:04] [INFO] [LocalExec] Jito accepted via amsterdam
[2026-04-15 11:52:05] [INFO] [XDEX] SOL/USDC | spread: 0.0131% | fees: 0.0600% | sub-fee | hi: Orca (83.605734) FpCMFDFGYotvufJ7HrFHsWEiiQCGbkLCtwHiDnh7o28Q | lo: Orca (83.594773) Czfq3xZZDmsdGdUyrNLtRhGc47cXcZtLG4crryfu44zE
[2026-04-15 11:52:07] [INFO] [XDEX] SOL/USDT | spread: 0.0720% | fees: 0.0600% | PROFITABLE | hi: Orca (83.568617) FwewVm8u6tFPGewAyHmWAqad9hmF7mvqxK4mJ7iNqqGC | lo: Orca (83.508487) HcoJqG325TTifs6jyWvRJ9ET4pDu12Xrt2EQKZGFmuKX
[2026-04-15 11:52:07] [INFO] [LocalExec] Small loan (2.0 SOL) — trusting spread, skipping computeSwap gate | local math: -7.2006 USD
[2026-04-15 11:52:07] [INFO] 🎯 LOCAL EXEC — SOL/USDT | spread: 0.072% | loan: 2.0 SOL | profit: ~$-7.2006 | buy: Orca@FwewVm8u → sell: Orca@HcoJqG32
[2026-04-15 11:52:07] [INFO] [LocalExec] Jito tip: 50000 lamports (~$0.0042)
[2026-04-15 11:52:07] [INFO] [LocalExec] borrowIxIndex dynamically set to 2
[2026-04-15 11:52:07] [INFO] [LocalExec] Tx size: 1153 bytes | 10 instructions
[2026-04-15 11:52:07] [INFO] [LocalExec] Jito accepted via frankfurt
[2026-04-15 11:52:07] [INFO] [LAT] gate=1ms build=48ms sign=12ms submit=18ms TOTAL=79ms
[2026-04-15 11:52:07] [INFO] [LocalExec] ✅ Tx submitted: 2jLmuyW6Sh5H7LQ5AhkpJeEKyd1ra48zCA4VekgxZmrVz7JkwqA3ZMsp91yGn1E7Yie1kV9dep2ogqa1zhijZ21f
[2026-04-15 11:52:08] [INFO] [LocalExec] Jito accepted via mainnet
[2026-04-15 11:52:08] [INFO] [LocalExec] Jito accepted via amsterdam
[2026-04-15 11:52:09] [INFO] [XDEX] SOL/USDC | spread: 0.0160% | fees: 0.0600% | sub-fee | hi: Orca (83.608153) FpCMFDFGYotvufJ7HrFHsWEiiQCGbkLCtwHiDnh7o28Q | lo: Orca (83.594773) Czfq3xZZDmsdGdUyrNLtRhGc47cXcZtLG4crryfu44zE
[2026-04-15 11:52:11] [INFO] [XDEX] SOL/USDT | spread: 0.0720% | fees: 0.0600% | PROFITABLE | hi: Orca (83.568617) FwewVm8u6tFPGewAyHmWAqad9hmF7mvqxK4mJ7iNqqGC | lo: Orca (83.508487) HcoJqG325TTifs6jyWvRJ9ET4pDu12Xrt2EQKZGFmuKX
[2026-04-15 11:52:11] [INFO] [LocalExec] Small loan (2.0 SOL) — trusting spread, skipping computeSwap gate | local math: -7.1998 USD
[2026-04-15 11:52:11] [INFO] 🎯 LOCAL EXEC — SOL/USDT | spread: 0.072% | loan: 2.0 SOL | profit: ~$-7.1998 | buy: Orca@FwewVm8u → sell: Orca@HcoJqG32
[2026-04-15 11:52:11] [INFO] [LocalExec] Jito tip: 50000 lamports (~$0.0042)
[2026-04-15 11:52:11] [INFO] [LocalExec] borrowIxIndex dynamically set to 2
[2026-04-15 11:52:11] [INFO] [LocalExec] Tx size: 1153 bytes | 10 instructions
[2026-04-15 11:52:11] [INFO] [LocalExec] Jito accepted via frankfurt
[2026-04-15 11:52:11] [INFO] [LAT] gate=1ms build=57ms sign=18ms submit=16ms TOTAL=92ms
[2026-04-15 11:52:11] [INFO] [LocalExec] ✅ Tx submitted: 653yapUcvPBcXFGuWkR7WTsZnazYSY4xpiwdxF4zpSAuDKZg7ewe9Q31Es2NPFSYsbd5wagHZFG8RJntSd6bs2Fi
[2026-04-15 11:52:11] [INFO] [LocalExec] Jito accepted via mainnet
[2026-04-15 11:52:11] [INFO] [LocalExec] Jito accepted via amsterdam
[2026-04-15 11:52:12] [INFO] [XDEX] SOL/USDC | spread: 0.0022% | fees: 0.0600% | sub-fee | hi: Orca (83.596621) FpCMFDFGYotvufJ7HrFHsWEiiQCGbkLCtwHiDnh7o28Q | lo: Orca (83.594773) Czfq3xZZDmsdGdUyrNLtRhGc47cXcZtLG4crryfu44zE
[2026-04-15 11:52:16] [INFO] [XDEX] SOL/USDT | spread: 0.0685% | fees: 0.0600% | PROFITABLE | hi: Orca (83.565679) FwewVm8u6tFPGewAyHmWAqad9hmF7mvqxK4mJ7iNqqGC | lo: Orca (83.508487) HcoJqG325TTifs6jyWvRJ9ET4pDu12Xrt2EQKZGFmuKX
[2026-04-15 11:52:16] [INFO] [LocalExec] Small loan (2.0 SOL) — trusting spread, skipping computeSwap gate | local math: -7.2051 USD
[2026-04-15 11:52:16] [INFO] 🎯 LOCAL EXEC — SOL/USDT | spread: 0.068% | loan: 2.0 SOL | profit: ~$-7.2051 | buy: Orca@FwewVm8u → sell: Orca@HcoJqG32
[2026-04-15 11:52:16] [INFO] [LocalExec] Jito tip: 50000 lamports (~$0.0042)
[2026-04-15 11:52:16] [INFO] [LocalExec] borrowIxIndex dynamically set to 2
[2026-04-15 11:52:16] [ERROR] [LocalExec] Error: failed to get recent blockhash: Error: 429 Too Many Requests: {"jsonrpc":"2.0","error":{"code":-32429,"message":"rate limited"}}
[2026-04-15 11:52:16] [ERROR] [LocalExec] Stack: Error: failed to get recent blockhash: Error: 429 Too Many Requests: {"jsonrpc":"2.0","error":{"code":-32429,"message":"rate limited"}}
    at Connection.getLatestBlockhash (/home/mohitsingh_pop1/ARB-BOT/node_modules/@solana/web3.js/lib/index.cjs.js:7228:13)
    at process.processTicksAndRejections (node:internal/process/task_queues:95:5)
    at async Executor.executeLocal (/home/mohitsingh_pop1/ARB-BOT/src/executor.js:1313:29)
    at async wsCallback (/home/mohitsingh_pop1/ARB-BOT/src/bot.js:298:44)
[2026-04-15 11:52:16] [INFO] [LocalExec] Small loan (1.0 SOL) — trusting spread, skipping computeSwap gate | local math: -1.8376 USD
[2026-04-15 11:52:16] [INFO] 🎯 LOCAL EXEC — SOL/USDT | spread: 0.068% | loan: 1.0 SOL | profit: ~$-1.8376 | buy: Orca@FwewVm8u → sell: Orca@HcoJqG32
[2026-04-15 11:52:16] [INFO] [LocalExec] Jito tip: 50000 lamports (~$0.0042)
[2026-04-15 11:52:16] [INFO] [LocalExec] borrowIxIndex dynamically set to 2
[2026-04-15 11:52:16] [ERROR] [LocalExec] Error: failed to get recent blockhash: Error: 429 Too Many Requests: {"jsonrpc":"2.0","error":{"code":-32429,"message":"rate limited"}}
[2026-04-15 11:52:16] [ERROR] [LocalExec] Stack: Error: failed to get recent blockhash: Error: 429 Too Many Requests: {"jsonrpc":"2.0","error":{"code":-32429,"message":"rate limited"}}
    at Connection.getLatestBlockhash (/home/mohitsingh_pop1/ARB-BOT/node_modules/@solana/web3.js/lib/index.cjs.js:7228:13)
    at process.processTicksAndRejections (node:internal/process/task_queues:95:5)
    at async Executor.executeLocal (/home/mohitsingh_pop1/ARB-BOT/src/executor.js:1313:29)
    at async wsCallback (/home/mohitsingh_pop1/ARB-BOT/src/bot.js:298:44)
[2026-04-15 11:52:18] [ERROR] [Executor] Tx failed on-chain: {"InstructionError":[7,{"Custom":6038}]}
[2026-04-15 11:52:19] [INFO] [XDEX] SOL/USDC | spread: 0.0029% | fees: 0.0600% | sub-fee | hi: Orca (83.594773) Czfq3xZZDmsdGdUyrNLtRhGc47cXcZtLG4crryfu44zE | lo: Orca (83.592377) FpCMFDFGYotvufJ7HrFHsWEiiQCGbkLCtwHiDnh7o28Q
[2026-04-15 11:52:21] [ERROR] [Executor] Tx failed on-chain: {"InstructionError":[7,{"Custom":6038}]}
[2026-04-15 11:52:21] [INFO] [XDEX] SOL/USDT | spread: 0.0685% | fees: 0.0600% | PROFITABLE | hi: Orca (83.565679) FwewVm8u6tFPGewAyHmWAqad9hmF7mvqxK4mJ7iNqqGC | lo: Orca (83.508487) HcoJqG325TTifs6jyWvRJ9ET4pDu12Xrt2EQKZGFmuKX
[2026-04-15 11:52:21] [INFO] [LocalExec] Small loan (2.0 SOL) — trusting spread, skipping computeSwap gate | local math: -7.2051 USD
[2026-04-15 11:52:21] [INFO] 🎯 LOCAL EXEC — SOL/USDT | spread: 0.068% | loan: 2.0 SOL | profit: ~$-7.2051 | buy: Orca@FwewVm8u → sell: Orca@HcoJqG32
[2026-04-15 11:52:21] [INFO] [LocalExec] Jito tip: 50000 lamports (~$0.0042)
[2026-04-15 11:52:21] [INFO] [LocalExec] borrowIxIndex dynamically set to 2
[2026-04-15 11:52:21] [ERROR] [LocalExec] Error: failed to get recent blockhash: Error: 429 Too Many Requests: {"jsonrpc":"2.0","error":{"code":-32429,"message":"rate limited"}}
[2026-04-15 11:52:21] [ERROR] [LocalExec] Stack: Error: failed to get recent blockhash: Error: 429 Too Many Requests: {"jsonrpc":"2.0","error":{"code":-32429,"message":"rate limited"}}
    at Connection.getLatestBlockhash (/home/mohitsingh_pop1/ARB-BOT/node_modules/@solana/web3.js/lib/index.cjs.js:7228:13)
    at process.processTicksAndRejections (node:internal/process/task_queues:95:5)
    at async Executor.executeLocal (/home/mohitsingh_pop1/ARB-BOT/src/executor.js:1313:29)
    at async wsCallback (/home/mohitsingh_pop1/ARB-BOT/src/bot.js:298:44)
[2026-04-15 11:52:21] [INFO] [LocalExec] Small loan (1.0 SOL) — trusting spread, skipping computeSwap gate | local math: -1.8376 USD
[2026-04-15 11:52:21] [INFO] 🎯 LOCAL EXEC — SOL/USDT | spread: 0.068% | loan: 1.0 SOL | profit: ~$-1.8376 | buy: Orca@FwewVm8u → sell: Orca@HcoJqG32
[2026-04-15 11:52:21] [INFO] [LocalExec] Jito tip: 50000 lamports (~$0.0042)
[2026-04-15 11:52:21] [INFO] [LocalExec] borrowIxIndex dynamically set to 2
[2026-04-15 11:52:21] [ERROR] [LocalExec] Error: failed to get recent blockhash: Error: 429 Too Many Requests: {"jsonrpc":"2.0","error":{"code":-32429,"message":"rate limited"}}
[2026-04-15 11:52:21] [ERROR] [LocalExec] Stack: Error: failed to get recent blockhash: Error: 429 Too Many Requests: {"jsonrpc":"2.0","error":{"code":-32429,"message":"rate limited"}}
    at Connection.getLatestBlockhash (/home/mohitsingh_pop1/ARB-BOT/node_modules/@solana/web3.js/lib/index.cjs.js:7228:13)
    at process.processTicksAndRejections (node:internal/process/task_queues:95:5)
    at async Executor.executeLocal (/home/mohitsingh_pop1/ARB-BOT/src/executor.js:1313:29)
    at async wsCallback (/home/mohitsingh_pop1/ARB-BOT/src/bot.js:298:44)
[2026-04-15 11:52:24] [INFO] [XDEX] SOL/USDC | spread: 0.0033% | fees: 0.0600% | sub-fee | hi: Orca (83.594773) Czfq3xZZDmsdGdUyrNLtRhGc47cXcZtLG4crryfu44zE | lo: Orca (83.592042) FpCMFDFGYotvufJ7HrFHsWEiiQCGbkLCtwHiDnh7o28Q
[2026-04-15 11:52:25] [ERROR] [Executor] Tx failed on-chain: {"InstructionError":[7,{"Custom":6038}]}
[2026-04-15 11:52:27] [INFO] [XDEX] SOL/USDT | spread: 0.0549% | fees: 0.0600% | sub-fee | hi: Orca (83.554303) FwewVm8u6tFPGewAyHmWAqad9hmF7mvqxK4mJ7iNqqGC | lo: Orca (83.508487) HcoJqG325TTifs6jyWvRJ9ET4pDu12Xrt2EQKZGFmuKX
[2026-04-15 11:52:30] [INFO] [XDEX] SOL/USDC | spread: 0.0102% | fees: 0.0600% | sub-fee | hi: Orca (83.594773) Czfq3xZZDmsdGdUyrNLtRhGc47cXcZtLG4crryfu44zE | lo: Orca (83.586281) FpCMFDFGYotvufJ7HrFHsWEiiQCGbkLCtwHiDnh7o28Q
[2026-04-15 11:52:30] [INFO] [XDEX] SOL/USDT | spread: 0.0549% | fees: 0.0600% | sub-fee | hi: Orca (83.554303) FwewVm8u6tFPGewAyHmWAqad9hmF7mvqxK4mJ7iNqqGC | lo: Orca (83.508487) HcoJqG325TTifs6jyWvRJ9ET4pDu12Xrt2EQKZGFmuKX
[2026-04-15 11:52:34] [INFO] [XDEX] SOL/USDT | spread: 0.0549% | fees: 0.0600% | sub-fee | hi: Orca (83.554303) FwewVm8u6tFPGewAyHmWAqad9hmF7mvqxK4mJ7iNqqGC | lo: Orca (83.508487) HcoJqG325TTifs6jyWvRJ9ET4pDu12Xrt2EQKZGFmuKX
[2026-04-15 11:52:34] [INFO] [XDEX] SOL/USDC | spread: 0.0102% | fees: 0.0600% | sub-fee | hi: Orca (83.594773) Czfq3xZZDmsdGdUyrNLtRhGc47cXcZtLG4crryfu44zE | lo: Orca (83.586281) FpCMFDFGYotvufJ7HrFHsWEiiQCGbkLCtwHiDnh7o28Q
[2026-04-15 11:52:37] [INFO] [XDEX] SOL/USDT | spread: 0.0549% | fees: 0.0600% | sub-fee | hi: Orca (83.554303) FwewVm8u6tFPGewAyHmWAqad9hmF7mvqxK4mJ7iNqqGC | lo: Orca (83.508487) HcoJqG325TTifs6jyWvRJ9ET4pDu12Xrt2EQKZGFmuKX
[2026-04-15 11:52:38] [INFO] [XDEX] SOL/USDC | spread: 0.0071% | fees: 0.0600% | sub-fee | hi: Orca (83.600681) FpCMFDFGYotvufJ7HrFHsWEiiQCGbkLCtwHiDnh7o28Q | lo: Orca (83.594773) Czfq3xZZDmsdGdUyrNLtRhGc47cXcZtLG4crryfu44zE
[2026-04-15 11:52:41] [INFO] [XDEX] SOL/USDT | spread: 0.0549% | fees: 0.0600% | sub-fee | hi: Orca (83.554303) FwewVm8u6tFPGewAyHmWAqad9hmF7mvqxK4mJ7iNqqGC | lo: Orca (83.508487) HcoJqG325TTifs6jyWvRJ9ET4pDu12Xrt2EQKZGFmuKX
[2026-04-15 11:52:42] [INFO] [XDEX] SOL/USDC | spread: 0.0101% | fees: 0.0600% | sub-fee | hi: Orca (83.603256) FpCMFDFGYotvufJ7HrFHsWEiiQCGbkLCtwHiDnh7o28Q | lo: Orca (83.594773) Czfq3xZZDmsdGdUyrNLtRhGc47cXcZtLG4crryfu44zE
[2026-04-15 11:52:45] [INFO] [XDEX] SOL/USDC | spread: 0.0178% | fees: 0.0600% | sub-fee | hi: Orca (83.609646) FpCMFDFGYotvufJ7HrFHsWEiiQCGbkLCtwHiDnh7o28Q | lo: Orca (83.594773) Czfq3xZZDmsdGdUyrNLtRhGc47cXcZtLG4crryfu44zE
[2026-04-15 11:52:46] [INFO] [XDEX] SOL/USDT | spread: 0.0549% | fees: 0.0600% | sub-fee | hi: Orca (83.554303) FwewVm8u6tFPGewAyHmWAqad9hmF7mvqxK4mJ7iNqqGC | lo: Orca (83.508487) HcoJqG325TTifs6jyWvRJ9ET4pDu12Xrt2EQKZGFmuKX
[2026-04-15 11:52:51] [INFO] [XDEX] SOL/USDT | spread: 0.0549% | fees: 0.0600% | sub-fee | hi: Orca (83.554303) FwewVm8u6tFPGewAyHmWAqad9hmF7mvqxK4mJ7iNqqGC | lo: Orca (83.508487) HcoJqG325TTifs6jyWvRJ9ET4pDu12Xrt2EQKZGFmuKX
[2026-04-15 11:52:52] [INFO] [XDEX] SOL/USDC | spread: 0.0157% | fees: 0.0600% | sub-fee | hi: Orca (83.609646) FpCMFDFGYotvufJ7HrFHsWEiiQCGbkLCtwHiDnh7o28Q | lo: Orca (83.596509) Czfq3xZZDmsdGdUyrNLtRhGc47cXcZtLG4crryfu44zE
[2026-04-15 11:52:55] [INFO] [XDEX] SOL/USDC | spread: 0.0135% | fees: 0.0600% | sub-fee | hi: Orca (83.607772) FpCMFDFGYotvufJ7HrFHsWEiiQCGbkLCtwHiDnh7o28Q | lo: Orca (83.596509) Czfq3xZZDmsdGdUyrNLtRhGc47cXcZtLG4crryfu44zE
[2026-04-15 11:52:57] [INFO] [XDEX] SOL/USDT | spread: 0.0090% | fees: 0.0600% | sub-fee | hi: Orca (83.554303) FwewVm8u6tFPGewAyHmWAqad9hmF7mvqxK4mJ7iNqqGC | lo: Orca (83.546807) HcoJqG325TTifs6jyWvRJ9ET4pDu12Xrt2EQKZGFmuKX
[2026-04-15 11:52:58] [INFO] [XDEX] SOL/USDC | spread: 0.0135% | fees: 0.0600% | sub-fee | hi: Orca (83.607772) FpCMFDFGYotvufJ7HrFHsWEiiQCGbkLCtwHiDnh7o28Q | lo: Orca (83.596509) Czfq3xZZDmsdGdUyrNLtRhGc47cXcZtLG4crryfu44zE
[2026-04-15 11:53:00] [INFO] [XDEX] SOL/USDT | spread: 0.0090% | fees: 0.0600% | sub-fee | hi: Orca (83.554303) FwewVm8u6tFPGewAyHmWAqad9hmF7mvqxK4mJ7iNqqGC | lo: Orca (83.546807) HcoJqG325TTifs6jyWvRJ9ET4pDu12Xrt2EQKZGFmuKX
[2026-04-15 11:53:00] [INFO] 💓 alive | slots +211 | detected: 0 | attempted: 7 | sent: 3
[2026-04-15 11:53:02] [INFO] 
SIGINT received — shutting down...
[2026-04-15 11:53:02] [INFO] 📊 STATS | Slots: 458 | Detected: 0 | Attempted: 7 | Sent: 3 | Success: 0 | Profit: ~$0.00
[2026-04-15 11:53:02] [INFO] [PoolWatcher] All subscriptions removed
[2026-04-15 12:02:07] [INFO] ════════════════════════════════════════════════════════════
[2026-04-15 12:02:07] [INFO]   🤖 SOLANA FLASHLOAN ARB BOT — STARTING
[2026-04-15 12:02:07] [INFO] ════════════════════════════════════════════════════════════
[2026-04-15 12:02:07] [INFO] ✅ Discord alerts enabled
[2026-04-15 12:02:07] [INFO] ✅ Discord tx-log channel enabled
[2026-04-15 12:02:07] [INFO] ✅ Connected to primary RPC (mainnet.helius-rpc.com)
[2026-04-15 12:02:07] [INFO] [Price] Seeded SOL/USD = $83.56
[2026-04-15 12:02:07] [INFO] Wallet:          ESzi3jyKV4EWi1TC36nRwLiHHDVTmzn9iCFTotToyhC3
[2026-04-15 12:02:07] [INFO] SOL Balance:     0.1821 SOL
[2026-04-15 12:02:07] [INFO] [Scanner] Loaded 5 pairs from pairs.json
[2026-04-15 12:02:07] [INFO] [Executor] Initializing MarginFi flashloan client...
[2026-04-15 12:02:07] [INFO] [Executor] 429 circuit breaker installed on MarginFi connection
[2026-04-15 12:02:08] [INFO] [Executor] MarginFi loaded. Banks: 1
[2026-04-15 12:02:08] [INFO] [Executor] Loaded saved MarginFi account: 9H89EXD35fcEHV5Sj3c1662GWZzLrPZ89zm2EMFyP9n8
[2026-04-15 12:02:08] [INFO] [Executor] MarginFi account: 9H89EXD35fcEHV5Sj3c1662GWZzLrPZ89zm2EMFyP9n8
[2026-04-15 12:02:08] [INFO] [Executor] ✅ Flash loan ready (all MarginFi accounts support flashloans)
[2026-04-15 12:02:08] [INFO] [Executor] MFI account overrides cached (group: 4qp6Fx6t...)
[2026-04-15 12:02:08] [INFO] [Executor] MFI instruction templates cached ✅
[2026-04-15 12:02:08] [INFO] [Executor] Initializing Kamino flashloan templates...
[2026-04-15 12:02:08] [INFO] [Executor] Kamino flashloan templates cached ✅ (wsolAta: DQwQCSZL...)
[2026-04-15 12:02:08] [INFO] [Executor] Blockhash cache started (refresh every 200ms) ✅
[2026-04-15 12:02:08] [INFO] 
[2026-04-15 12:02:08] [INFO] Active pairs (5):
[2026-04-15 12:02:08] [INFO]   1. SOL/USDT [anchor]
[2026-04-15 12:02:08] [INFO]   2. SOL/USDC
[2026-04-15 12:02:08] [INFO]   3. SOL/BONK
[2026-04-15 12:02:08] [INFO]   4. SOL/WIF
[2026-04-15 12:02:08] [INFO]   5. SOL/FARTCOIN
[2026-04-15 12:02:08] [INFO] 
[2026-04-15 12:02:08] [INFO] [Scheduler] Next update in 11 day(s) on 26/4/2026
[2026-04-15 12:02:08] [INFO] 
[2026-04-15 12:02:08] [INFO] Trigger:         WebSocket pool subscriptions (~50-100ms) + slot fallback every 62 slots
[2026-04-15 12:02:08] [INFO] Flashloan size:  1–100 SOL (dynamic)
[2026-04-15 12:02:08] [INFO] Min profit:      $0.05
[2026-04-15 12:02:08] [INFO] 
[2026-04-15 12:02:08] [INFO] [Price] ✅ Binance WS connected — SOL/USD updating in real-time
[2026-04-15 12:02:09] [INFO] [PoolWatcher] Fetching pool addresses (Orca + Raydium + Meteora)...
[2026-04-15 12:02:16] [INFO] [PoolWatcher] ✅ 58 subscriptions — Orca:45 | Raydium CLMM:5 | Raydium AMM:5 | Meteora:3
[2026-04-15 12:02:16] [INFO] [PoolWatcher]   SOL/USDT → 11 subs (Orca:9 Raydium CLMM:1 Raydium AMM:1)
[2026-04-15 12:02:16] [INFO] [PoolWatcher]   SOL/USDC → 11 subs (Orca:9 Raydium CLMM:1 Raydium AMM:1)
[2026-04-15 12:02:16] [INFO] [PoolWatcher]   SOL/BONK → 12 subs (Orca:9 Raydium CLMM:1 Raydium AMM:1 Meteora:1)
[2026-04-15 12:02:16] [INFO] [PoolWatcher]   SOL/WIF → 12 subs (Orca:9 Raydium CLMM:1 Raydium AMM:1 Meteora:1)
[2026-04-15 12:02:16] [INFO] [PoolWatcher]   SOL/FARTCOIN → 12 subs (Orca:9 Raydium CLMM:1 Raydium AMM:1 Meteora:1)
[2026-04-15 12:02:16] [INFO] [LocalPools] Registered 53 pools (Orca + Raydium CLMM + Meteora) for local math
[2026-04-15 12:02:16] [INFO] [LocalPools] Seeding pool cache with initial RPC data...
[2026-04-15 12:02:16] [INFO] [LocalPools] Seeded 48 pools in cache
[2026-04-15 12:02:16] [INFO] [Scheduler] Monthly pair updater scheduled ✅
[2026-04-15 12:02:16] [INFO] ✅ Bot is live. Press Ctrl+C to stop.

[2026-04-15 12:02:18] [INFO] [XDEX] SOL/USDT | spread: 0.0089% | fees: 0.0600% | sub-fee | hi: Orca (83.560643) HcoJqG325TTifs6jyWvRJ9ET4pDu12Xrt2EQKZGFmuKX | lo: Orca (83.553176) FwewVm8u6tFPGewAyHmWAqad9hmF7mvqxK4mJ7iNqqGC
[2026-04-15 12:02:18] [INFO] [XDEX] SOL/USDC | spread: 0.0237% | fees: 0.0700% | sub-fee | hi: Orca (83.580358) FpCMFDFGYotvufJ7HrFHsWEiiQCGbkLCtwHiDnh7o28Q | lo: Orca (83.560558) 7qbRF6YsyGuLUVs6Y1q64bdVrfe4ZcUUz1JRdoVNUJnm
[2026-04-15 12:02:24] [INFO] [XDEX] SOL/USDC | spread: 0.0237% | fees: 0.0700% | sub-fee | hi: Orca (83.580358) FpCMFDFGYotvufJ7HrFHsWEiiQCGbkLCtwHiDnh7o28Q | lo: Orca (83.560558) 7qbRF6YsyGuLUVs6Y1q64bdVrfe4ZcUUz1JRdoVNUJnm
[2026-04-15 12:02:25] [INFO] [XDEX] SOL/USDT | spread: 0.0089% | fees: 0.0600% | sub-fee | hi: Orca (83.560643) HcoJqG325TTifs6jyWvRJ9ET4pDu12Xrt2EQKZGFmuKX | lo: Orca (83.553176) FwewVm8u6tFPGewAyHmWAqad9hmF7mvqxK4mJ7iNqqGC
[2026-04-15 12:02:27] [INFO] [XDEX] SOL/USDC | spread: 0.0237% | fees: 0.0700% | sub-fee | hi: Orca (83.580358) FpCMFDFGYotvufJ7HrFHsWEiiQCGbkLCtwHiDnh7o28Q | lo: Orca (83.560558) 7qbRF6YsyGuLUVs6Y1q64bdVrfe4ZcUUz1JRdoVNUJnm
[2026-04-15 12:02:31] [INFO] [XDEX] SOL/USDC | spread: 0.0237% | fees: 0.0700% | sub-fee | hi: Orca (83.580358) FpCMFDFGYotvufJ7HrFHsWEiiQCGbkLCtwHiDnh7o28Q | lo: Orca (83.560558) 7qbRF6YsyGuLUVs6Y1q64bdVrfe4ZcUUz1JRdoVNUJnm
[2026-04-15 12:02:32] [INFO] [XDEX] SOL/USDT | spread: 0.0089% | fees: 0.0600% | sub-fee | hi: Orca (83.560643) HcoJqG325TTifs6jyWvRJ9ET4pDu12Xrt2EQKZGFmuKX | lo: Orca (83.553176) FwewVm8u6tFPGewAyHmWAqad9hmF7mvqxK4mJ7iNqqGC
[2026-04-15 12:02:34] [INFO] [XDEX] SOL/USDC | spread: 0.0384% | fees: 0.0700% | sub-fee | hi: Orca (83.592605) FpCMFDFGYotvufJ7HrFHsWEiiQCGbkLCtwHiDnh7o28Q | lo: Orca (83.560558) 7qbRF6YsyGuLUVs6Y1q64bdVrfe4ZcUUz1JRdoVNUJnm
[2026-04-15 12:02:35] [INFO] [XDEX] SOL/USDT | spread: 0.0089% | fees: 0.0600% | sub-fee | hi: Orca (83.560643) HcoJqG325TTifs6jyWvRJ9ET4pDu12Xrt2EQKZGFmuKX | lo: Orca (83.553176) FwewVm8u6tFPGewAyHmWAqad9hmF7mvqxK4mJ7iNqqGC
[2026-04-15 12:02:37] [INFO] [XDEX] SOL/USDC | spread: 0.0505% | fees: 0.0600% | sub-fee | hi: Orca (83.622878) FpCMFDFGYotvufJ7HrFHsWEiiQCGbkLCtwHiDnh7o28Q | lo: Orca (83.580674) Czfq3xZZDmsdGdUyrNLtRhGc47cXcZtLG4crryfu44zE
[2026-04-15 12:02:39] [INFO] [XDEX] SOL/USDT | spread: 0.0293% | fees: 0.0600% | sub-fee | hi: Orca (83.585104) FwewVm8u6tFPGewAyHmWAqad9hmF7mvqxK4mJ7iNqqGC | lo: Orca (83.560643) HcoJqG325TTifs6jyWvRJ9ET4pDu12Xrt2EQKZGFmuKX
[2026-04-15 12:02:41] [INFO] [XDEX] SOL/USDC | spread: 0.0505% | fees: 0.0600% | sub-fee | hi: Orca (83.622878) FpCMFDFGYotvufJ7HrFHsWEiiQCGbkLCtwHiDnh7o28Q | lo: Orca (83.580674) Czfq3xZZDmsdGdUyrNLtRhGc47cXcZtLG4crryfu44zE
[2026-04-15 12:02:46] [INFO] [XDEX] SOL/USDC | spread: 0.0505% | fees: 0.0600% | sub-fee | hi: Orca (83.622878) FpCMFDFGYotvufJ7HrFHsWEiiQCGbkLCtwHiDnh7o28Q | lo: Orca (83.580674) Czfq3xZZDmsdGdUyrNLtRhGc47cXcZtLG4crryfu44zE
[2026-04-15 12:02:46] [INFO] [XDEX] SOL/USDT | spread: 0.0293% | fees: 0.0600% | sub-fee | hi: Orca (83.585104) FwewVm8u6tFPGewAyHmWAqad9hmF7mvqxK4mJ7iNqqGC | lo: Orca (83.560643) HcoJqG325TTifs6jyWvRJ9ET4pDu12Xrt2EQKZGFmuKX
[2026-04-15 12:02:49] [INFO] [XDEX] SOL/USDC | spread: 0.0628% | fees: 0.0700% | sub-fee | hi: Orca (83.628049) FpCMFDFGYotvufJ7HrFHsWEiiQCGbkLCtwHiDnh7o28Q | lo: Orca (83.575528) 7qbRF6YsyGuLUVs6Y1q64bdVrfe4ZcUUz1JRdoVNUJnm
[2026-04-15 12:02:50] [INFO] [XDEX] SOL/USDT | spread: 0.0261% | fees: 0.0600% | sub-fee | hi: Orca (83.585104) FwewVm8u6tFPGewAyHmWAqad9hmF7mvqxK4mJ7iNqqGC | lo: Orca (83.563307) HcoJqG325TTifs6jyWvRJ9ET4pDu12Xrt2EQKZGFmuKX
[2026-04-15 12:02:52] [INFO] [XDEX] SOL/USDC | spread: 0.0712% | fees: 0.0700% | PROFITABLE | hi: Orca (83.635045) FpCMFDFGYotvufJ7HrFHsWEiiQCGbkLCtwHiDnh7o28Q | lo: Orca (83.575528) 7qbRF6YsyGuLUVs6Y1q64bdVrfe4ZcUUz1JRdoVNUJnm
[2026-04-15 12:02:52] [INFO] [LocalExec] Small loan (2.0 SOL) — trusting spread, skipping computeSwap gate | local math: -0.1795 USD
[2026-04-15 12:02:52] [INFO] 🎯 LOCAL EXEC — SOL/USDC | spread: 0.071% | loan: 2.0 SOL | profit: ~$-0.1795 | buy: Orca@FpCMFDFG → sell: Orca@7qbRF6Ys
[2026-04-15 12:02:52] [INFO] [LocalExec] Refreshed pool state for Orca FpCMFDFG
[2026-04-15 12:02:52] [INFO] [LocalExec] Refreshed pool state for Orca 7qbRF6Ys
[2026-04-15 12:02:52] [INFO] [LocalExec] Jito tip: 50000 lamports (~$0.0042)
[2026-04-15 12:02:52] [INFO] [LocalExec] borrowIxIndex dynamically set to 2
[2026-04-15 12:02:52] [INFO] [LocalExec] Tx size: 1153 bytes | 10 instructions
[2026-04-15 12:02:52] [INFO] [LocalExec] Jito accepted via frankfurt
[2026-04-15 12:02:52] [INFO] [LAT] gate=3ms build=142ms sign=35ms submit=47ms TOTAL=227ms
[2026-04-15 12:02:52] [INFO] [LocalExec] ✅ Tx submitted: 2E1m2pZiR4eftfBUgKBPJE4iK5MpkiPrrx6jWLHH7y47J6cQjB9Q5b5F4V8ykYTsUzDL7PA7gaKD3ZofZYrJ1yy
[2026-04-15 12:02:52] [INFO] [LocalExec] Jito accepted via amsterdam
[2026-04-15 12:02:52] [INFO] [LocalExec] Jito accepted via mainnet
[2026-04-15 12:02:53] [INFO] [XDEX] SOL/USDT | spread: 0.0497% | fees: 0.0600% | sub-fee | hi: Orca (83.604817) FwewVm8u6tFPGewAyHmWAqad9hmF7mvqxK4mJ7iNqqGC | lo: Orca (83.563307) HcoJqG325TTifs6jyWvRJ9ET4pDu12Xrt2EQKZGFmuKX
[2026-04-15 12:02:55] [INFO] [XDEX] SOL/USDC | spread: 0.0370% | fees: 0.0700% | sub-fee | hi: Orca (83.635045) FpCMFDFGYotvufJ7HrFHsWEiiQCGbkLCtwHiDnh7o28Q | lo: Orca (83.604095) 7qbRF6YsyGuLUVs6Y1q64bdVrfe4ZcUUz1JRdoVNUJnm
[2026-04-15 12:02:56] [INFO] [XDEX] SOL/USDT | spread: 0.0498% | fees: 0.0600% | sub-fee | hi: Orca (83.604920) FwewVm8u6tFPGewAyHmWAqad9hmF7mvqxK4mJ7iNqqGC | lo: Orca (83.563307) HcoJqG325TTifs6jyWvRJ9ET4pDu12Xrt2EQKZGFmuKX
[2026-04-15 12:02:59] [INFO] [XDEX] SOL/USDC | spread: 0.0370% | fees: 0.0700% | sub-fee | hi: Orca (83.635045) FpCMFDFGYotvufJ7HrFHsWEiiQCGbkLCtwHiDnh7o28Q | lo: Orca (83.604095) 7qbRF6YsyGuLUVs6Y1q64bdVrfe4ZcUUz1JRdoVNUJnm
[2026-04-15 12:03:00] [INFO] [XDEX] SOL/USDT | spread: 0.0686% | fees: 0.0600% | PROFITABLE | hi: Orca (83.620639) FwewVm8u6tFPGewAyHmWAqad9hmF7mvqxK4mJ7iNqqGC | lo: Orca (83.563307) HcoJqG325TTifs6jyWvRJ9ET4pDu12Xrt2EQKZGFmuKX
[2026-04-15 12:03:00] [INFO] [LocalExec] Small loan (2.0 SOL) — trusting spread, skipping computeSwap gate | local math: -7.2103 USD
[2026-04-15 12:03:00] [INFO] 🎯 LOCAL EXEC — SOL/USDT | spread: 0.069% | loan: 2.0 SOL | profit: ~$-7.2103 | buy: Orca@FwewVm8u → sell: Orca@HcoJqG32
[2026-04-15 12:03:00] [INFO] [LocalExec] Refreshed pool state for Orca FwewVm8u
[2026-04-15 12:03:00] [INFO] [LocalExec] Refreshed pool state for Orca HcoJqG32
[2026-04-15 12:03:00] [INFO] [LocalExec] Jito tip: 50000 lamports (~$0.0042)
[2026-04-15 12:03:00] [INFO] [LocalExec] borrowIxIndex dynamically set to 2
[2026-04-15 12:03:00] [INFO] [LocalExec] Tx size: 1153 bytes | 10 instructions
[2026-04-15 12:03:00] [INFO] [LocalExec] Jito accepted via mainnet
[2026-04-15 12:03:00] [INFO] [LAT] gate=1ms build=90ms sign=19ms submit=30ms TOTAL=140ms
[2026-04-15 12:03:00] [INFO] [LocalExec] ✅ Tx submitted: 5JmPArubUXsR2hMaWd8RfDcMuywi2ErfVWXFAmYke5cnAwTW7QfyJufGYpih5MGVrXtuEwKapZ33b34KkUxcFiw3
[2026-04-15 12:03:00] [INFO] [LocalExec] Jito accepted via frankfurt
[2026-04-15 12:03:00] [INFO] [LocalExec] Jito accepted via amsterdam
[2026-04-15 12:03:03] [INFO] [XDEX] SOL/USDT | spread: 0.0686% | fees: 0.0600% | PROFITABLE | hi: Orca (83.620639) FwewVm8u6tFPGewAyHmWAqad9hmF7mvqxK4mJ7iNqqGC | lo: Orca (83.563307) HcoJqG325TTifs6jyWvRJ9ET4pDu12Xrt2EQKZGFmuKX
[2026-04-15 12:03:03] [INFO] [LocalExec] Small loan (2.0 SOL) — trusting spread, skipping computeSwap gate | local math: -7.2103 USD
[2026-04-15 12:03:03] [INFO] 🎯 LOCAL EXEC — SOL/USDT | spread: 0.069% | loan: 2.0 SOL | profit: ~$-7.2103 | buy: Orca@FwewVm8u → sell: Orca@HcoJqG32
[2026-04-15 12:03:03] [INFO] [LocalExec] Refreshed pool state for Orca FwewVm8u
[2026-04-15 12:03:03] [INFO] [LocalExec] Refreshed pool state for Orca HcoJqG32
[2026-04-15 12:03:03] [INFO] [LocalExec] Jito tip: 50000 lamports (~$0.0042)
[2026-04-15 12:03:03] [INFO] [LocalExec] borrowIxIndex dynamically set to 2
[2026-04-15 12:03:03] [INFO] [LocalExec] Tx size: 1153 bytes | 10 instructions
[2026-04-15 12:03:03] [INFO] [LocalExec] Jito accepted via mainnet
[2026-04-15 12:03:03] [INFO] [LAT] gate=1ms build=86ms sign=9ms submit=22ms TOTAL=118ms
[2026-04-15 12:03:03] [INFO] [LocalExec] ✅ Tx submitted: 5M2bWfvhgaem4VY1Fo2sBKna9xBZiQGoQ2t2bBGL92jgmnomZajHaKFQ8wvFvDWW8QAfe2KjSA8HTdbTzadX8cJF
[2026-04-15 12:03:03] [INFO] [LocalExec] Jito accepted via frankfurt
[2026-04-15 12:03:03] [INFO] [LocalExec] Jito accepted via amsterdam
[2026-04-15 12:03:04] [INFO] [XDEX] SOL/USDC | spread: 0.0370% | fees: 0.0700% | sub-fee | hi: Orca (83.635045) FpCMFDFGYotvufJ7HrFHsWEiiQCGbkLCtwHiDnh7o28Q | lo: Orca (83.604095) 7qbRF6YsyGuLUVs6Y1q64bdVrfe4ZcUUz1JRdoVNUJnm
[2026-04-15 12:03:05] [ERROR] [Executor] Tx failed on-chain: {"InstructionError":[7,{"Custom":6036}]}
[2026-04-15 12:03:07] [INFO] [XDEX] SOL/USDT | spread: 0.0378% | fees: 0.0600% | sub-fee | hi: Orca (83.594930) FwewVm8u6tFPGewAyHmWAqad9hmF7mvqxK4mJ7iNqqGC | lo: Orca (83.563307) HcoJqG325TTifs6jyWvRJ9ET4pDu12Xrt2EQKZGFmuKX
[2026-04-15 12:03:10] [INFO] [XDEX] SOL/USDT | spread: 0.0255% | fees: 0.0600% | sub-fee | hi: Orca (83.584617) FwewVm8u6tFPGewAyHmWAqad9hmF7mvqxK4mJ7iNqqGC | lo: Orca (83.563307) HcoJqG325TTifs6jyWvRJ9ET4pDu12Xrt2EQKZGFmuKX
[2026-04-15 12:03:11] [INFO] [XDEX] SOL/USDC | spread: 0.0370% | fees: 0.0700% | sub-fee | hi: Orca (83.635045) FpCMFDFGYotvufJ7HrFHsWEiiQCGbkLCtwHiDnh7o28Q | lo: Orca (83.604095) 7qbRF6YsyGuLUVs6Y1q64bdVrfe4ZcUUz1JRdoVNUJnm
[2026-04-15 12:03:13] [ERROR] [Executor] Tx failed on-chain: {"InstructionError":[7,{"Custom":6038}]}
[2026-04-15 12:03:14] [INFO] [XDEX] SOL/USDC | spread: 0.0325% | fees: 0.0600% | sub-fee | hi: Orca (83.628202) Czfq3xZZDmsdGdUyrNLtRhGc47cXcZtLG4crryfu44zE | lo: Orca (83.601019) FpCMFDFGYotvufJ7HrFHsWEiiQCGbkLCtwHiDnh7o28Q
[2026-04-15 12:03:16] [ERROR] [Executor] Tx failed on-chain: {"InstructionError":[7,{"Custom":6038}]}
[2026-04-15 12:03:17] [INFO] [XDEX] SOL/USDC | spread: 0.0330% | fees: 0.0700% | sub-fee | hi: Orca (83.631690) FpCMFDFGYotvufJ7HrFHsWEiiQCGbkLCtwHiDnh7o28Q | lo: Orca (83.604095) 7qbRF6YsyGuLUVs6Y1q64bdVrfe4ZcUUz1JRdoVNUJnm
[2026-04-15 12:03:17] [INFO] [XDEX] SOL/USDT | spread: 0.0340% | fees: 0.0600% | sub-fee | hi: Orca (83.591693) FwewVm8u6tFPGewAyHmWAqad9hmF7mvqxK4mJ7iNqqGC | lo: Orca (83.563307) HcoJqG325TTifs6jyWvRJ9ET4pDu12Xrt2EQKZGFmuKX
[2026-04-15 12:03:21] [INFO] [XDEX] SOL/USDT | spread: 0.0626% | fees: 0.0600% | PROFITABLE | hi: Orca (83.615649) FwewVm8u6tFPGewAyHmWAqad9hmF7mvqxK4mJ7iNqqGC | lo: Orca (83.563307) HcoJqG325TTifs6jyWvRJ9ET4pDu12Xrt2EQKZGFmuKX
[2026-04-15 12:03:21] [INFO] [LocalExec] Small loan (2.0 SOL) — trusting spread, skipping computeSwap gate | local math: -7.2194 USD
[2026-04-15 12:03:21] [INFO] 🎯 LOCAL EXEC — SOL/USDT | spread: 0.063% | loan: 2.0 SOL | profit: ~$-7.2194 | buy: Orca@FwewVm8u → sell: Orca@HcoJqG32
[2026-04-15 12:03:21] [WARN] [LocalExec] Pool fresh fetch failed (429?): failed to get info about account FwewVm8u6tFPGewAyHmWAqad9hmF7mvqxK4mJ7iNqqGC: E
[2026-04-15 12:03:21] [INFO] [LocalExec] Refreshed pool state for Orca HcoJqG32
[2026-04-15 12:03:21] [INFO] [LocalExec] Jito tip: 50000 lamports (~$0.0042)
[2026-04-15 12:03:21] [INFO] [LocalExec] borrowIxIndex dynamically set to 2
[2026-04-15 12:03:21] [INFO] [LocalExec] Tx size: 1153 bytes | 10 instructions
[2026-04-15 12:03:21] [INFO] [LocalExec] Jito accepted via mainnet
[2026-04-15 12:03:21] [INFO] [LAT] gate=1ms build=143ms sign=11ms submit=26ms TOTAL=181ms
[2026-04-15 12:03:21] [INFO] [LocalExec] ✅ Tx submitted: CbUaEcwHmQRwmzg8WrXG2QgtwtzyJfBf6dMC9X7hnKN6iMbAfDMi7dTvmcxXMt9rBiVvQ9kKtbrBjuwZN8DLKKH
[2026-04-15 12:03:21] [INFO] [LocalExec] Jito accepted via frankfurt
[2026-04-15 12:03:21] [INFO] [LocalExec] Jito accepted via amsterdam
[2026-04-15 12:03:21] [INFO] [XDEX] SOL/USDC | spread: 0.0633% | fees: 0.0700% | sub-fee | hi: Orca (83.657024) FpCMFDFGYotvufJ7HrFHsWEiiQCGbkLCtwHiDnh7o28Q | lo: Orca (83.604095) 7qbRF6YsyGuLUVs6Y1q64bdVrfe4ZcUUz1JRdoVNUJnm
[2026-04-15 12:03:24] [INFO] [XDEX] SOL/USDT | spread: 0.0626% | fees: 0.0600% | PROFITABLE | hi: Orca (83.615649) FwewVm8u6tFPGewAyHmWAqad9hmF7mvqxK4mJ7iNqqGC | lo: Orca (83.563307) HcoJqG325TTifs6jyWvRJ9ET4pDu12Xrt2EQKZGFmuKX
[2026-04-15 12:03:24] [INFO] [LocalExec] Small loan (2.0 SOL) — trusting spread, skipping computeSwap gate | local math: -7.2185 USD
[2026-04-15 12:03:24] [INFO] 🎯 LOCAL EXEC — SOL/USDT | spread: 0.063% | loan: 2.0 SOL | profit: ~$-7.2185 | buy: Orca@FwewVm8u → sell: Orca@HcoJqG32
[2026-04-15 12:03:24] [INFO] [XDEX] SOL/USDC | spread: 0.0633% | fees: 0.0700% | sub-fee | hi: Orca (83.657024) FpCMFDFGYotvufJ7HrFHsWEiiQCGbkLCtwHiDnh7o28Q | lo: Orca (83.604095) 7qbRF6YsyGuLUVs6Y1q64bdVrfe4ZcUUz1JRdoVNUJnm
[2026-04-15 12:03:24] [INFO] [LocalExec] Refreshed pool state for Orca FwewVm8u
[2026-04-15 12:03:24] [INFO] [LocalExec] Refreshed pool state for Orca HcoJqG32
[2026-04-15 12:03:24] [INFO] [LocalExec] Jito tip: 50000 lamports (~$0.0042)
[2026-04-15 12:03:24] [INFO] [LocalExec] borrowIxIndex dynamically set to 2
[2026-04-15 12:03:24] [INFO] [LocalExec] Tx size: 1153 bytes | 10 instructions
[2026-04-15 12:03:24] [INFO] [LocalExec] Jito accepted via mainnet
[2026-04-15 12:03:24] [INFO] [LAT] gate=2ms build=82ms sign=16ms submit=16ms TOTAL=116ms
[2026-04-15 12:03:24] [INFO] [LocalExec] ✅ Tx submitted: 3ZfmiYi9X5aWHyCQ3ZQNhggSYHArtQvikc9UK9igMsaSutxRpT7uoVLxToui6JzaKjUbGVHTWWTvCpuFzzTzNxLj
[2026-04-15 12:03:24] [INFO] [LocalExec] Jito accepted via frankfurt
[2026-04-15 12:03:24] [INFO] [LocalExec] Jito accepted via amsterdam
[2026-04-15 12:03:24] [ERROR] Unhandled rejection: Error: 429 Too Many Requests: {"jsonrpc":"2.0","error":{"code":-32429,"message":"rate limited"}}
[2026-04-15 12:03:28] [INFO] [XDEX] SOL/USDC | spread: 0.0410% | fees: 0.0700% | sub-fee | hi: Orca (83.638331) FpCMFDFGYotvufJ7HrFHsWEiiQCGbkLCtwHiDnh7o28Q | lo: Orca (83.604095) 7qbRF6YsyGuLUVs6Y1q64bdVrfe4ZcUUz1JRdoVNUJnm
[2026-04-15 12:03:28] [INFO] [XDEX] SOL/USDT | spread: 0.0626% | fees: 0.0600% | PROFITABLE | hi: Orca (83.615649) FwewVm8u6tFPGewAyHmWAqad9hmF7mvqxK4mJ7iNqqGC | lo: Orca (83.563307) HcoJqG325TTifs6jyWvRJ9ET4pDu12Xrt2EQKZGFmuKX
[2026-04-15 12:03:28] [INFO] [LocalExec] Small loan (2.0 SOL) — trusting spread, skipping computeSwap gate | local math: -7.2185 USD
[2026-04-15 12:03:28] [INFO] 🎯 LOCAL EXEC — SOL/USDT | spread: 0.063% | loan: 2.0 SOL | profit: ~$-7.2185 | buy: Orca@FwewVm8u → sell: Orca@HcoJqG32
[2026-04-15 12:03:28] [INFO] [LocalExec] Refreshed pool state for Orca FwewVm8u
[2026-04-15 12:03:28] [INFO] [LocalExec] Refreshed pool state for Orca HcoJqG32
[2026-04-15 12:03:28] [INFO] [LocalExec] Jito tip: 50000 lamports (~$0.0042)
[2026-04-15 12:03:28] [INFO] [LocalExec] borrowIxIndex dynamically set to 2
[2026-04-15 12:03:28] [INFO] [LocalExec] Tx size: 1153 bytes | 10 instructions
[2026-04-15 12:03:28] [INFO] [LocalExec] Jito accepted via mainnet
[2026-04-15 12:03:28] [INFO] [LAT] gate=0ms build=98ms sign=8ms submit=14ms TOTAL=120ms
[2026-04-15 12:03:28] [INFO] [LocalExec] ✅ Tx submitted: p8hfodcpf1aYCUZXXTfQ5jr8qWcgqUYWZyzfJrdMvXR8u1te7VRSzAXRyGi3SmjfJDdhrgnZGxyW7dQFEMHGoRF
[2026-04-15 12:03:28] [INFO] [LocalExec] Jito accepted via frankfurt
[2026-04-15 12:03:28] [INFO] [LocalExec] Jito accepted via amsterdam
[2026-04-15 12:03:31] [INFO] [XDEX] SOL/USDC | spread: 0.0410% | fees: 0.0700% | sub-fee | hi: Orca (83.638331) FpCMFDFGYotvufJ7HrFHsWEiiQCGbkLCtwHiDnh7o28Q | lo: Orca (83.604095) 7qbRF6YsyGuLUVs6Y1q64bdVrfe4ZcUUz1JRdoVNUJnm
[2026-04-15 12:03:32] [INFO] [XDEX] SOL/USDT | spread: 0.0533% | fees: 0.0600% | sub-fee | hi: Orca (83.607832) FwewVm8u6tFPGewAyHmWAqad9hmF7mvqxK4mJ7iNqqGC | lo: Orca (83.563307) HcoJqG325TTifs6jyWvRJ9ET4pDu12Xrt2EQKZGFmuKX
[2026-04-15 12:03:35] [INFO] [XDEX] SOL/USDC | spread: 0.0410% | fees: 0.0700% | sub-fee | hi: Orca (83.638331) FpCMFDFGYotvufJ7HrFHsWEiiQCGbkLCtwHiDnh7o28Q | lo: Orca (83.604095) 7qbRF6YsyGuLUVs6Y1q64bdVrfe4ZcUUz1JRdoVNUJnm
[2026-04-15 12:03:35] [INFO] [XDEX] SOL/USDT | spread: 0.0418% | fees: 0.0600% | sub-fee | hi: Orca (83.598234) FwewVm8u6tFPGewAyHmWAqad9hmF7mvqxK4mJ7iNqqGC | lo: Orca (83.563307) HcoJqG325TTifs6jyWvRJ9ET4pDu12Xrt2EQKZGFmuKX
[2026-04-15 12:03:36] [ERROR] [Executor] Tx failed on-chain: {"InstructionError":[7,{"Custom":6038}]}
[2026-04-15 12:03:38] [ERROR] [Executor] Tx failed on-chain: {"InstructionError":[7,{"Custom":6038}]}
[2026-04-15 12:03:38] [INFO] [XDEX] SOL/USDC | spread: 0.0342% | fees: 0.0700% | sub-fee | hi: Orca (83.632652) FpCMFDFGYotvufJ7HrFHsWEiiQCGbkLCtwHiDnh7o28Q | lo: Orca (83.604095) 7qbRF6YsyGuLUVs6Y1q64bdVrfe4ZcUUz1JRdoVNUJnm
[2026-04-15 12:03:38] [INFO] [XDEX] SOL/USDT | spread: 0.0264% | fees: 0.0600% | sub-fee | hi: Orca (83.585389) FwewVm8u6tFPGewAyHmWAqad9hmF7mvqxK4mJ7iNqqGC | lo: Orca (83.563307) HcoJqG325TTifs6jyWvRJ9ET4pDu12Xrt2EQKZGFmuKX
[2026-04-15 12:03:40] [ERROR] [Executor] Tx failed on-chain: {"InstructionError":[7,{"Custom":6038}]}
[2026-04-15 12:03:42] [INFO] [XDEX] SOL/USDC | spread: 0.0342% | fees: 0.0700% | sub-fee | hi: Orca (83.632652) FpCMFDFGYotvufJ7HrFHsWEiiQCGbkLCtwHiDnh7o28Q | lo: Orca (83.604095) 7qbRF6YsyGuLUVs6Y1q64bdVrfe4ZcUUz1JRdoVNUJnm
[2026-04-15 12:03:43] [INFO] [XDEX] SOL/USDT | spread: 0.0264% | fees: 0.0600% | sub-fee | hi: Orca (83.585389) FwewVm8u6tFPGewAyHmWAqad9hmF7mvqxK4mJ7iNqqGC | lo: Orca (83.563307) HcoJqG325TTifs6jyWvRJ9ET4pDu12Xrt2EQKZGFmuKX
[2026-04-15 12:03:45] [INFO] [XDEX] SOL/USDC | spread: 0.0342% | fees: 0.0700% | sub-fee | hi: Orca (83.632652) FpCMFDFGYotvufJ7HrFHsWEiiQCGbkLCtwHiDnh7o28Q | lo: Orca (83.604095) 7qbRF6YsyGuLUVs6Y1q64bdVrfe4ZcUUz1JRdoVNUJnm
[2026-04-15 12:03:49] [INFO] [XDEX] SOL/USDT | spread: 0.0264% | fees: 0.0600% | sub-fee | hi: Orca (83.585389) FwewVm8u6tFPGewAyHmWAqad9hmF7mvqxK4mJ7iNqqGC | lo: Orca (83.563307) HcoJqG325TTifs6jyWvRJ9ET4pDu12Xrt2EQKZGFmuKX
[2026-04-15 12:03:49] [INFO] [XDEX] SOL/USDC | spread: 0.0283% | fees: 0.0700% | sub-fee | hi: Orca (83.627788) FpCMFDFGYotvufJ7HrFHsWEiiQCGbkLCtwHiDnh7o28Q | lo: Orca (83.604095) 7qbRF6YsyGuLUVs6Y1q64bdVrfe4ZcUUz1JRdoVNUJnm
[2026-04-15 12:03:51] [INFO] 
SIGINT received — shutting down...
[2026-04-15 12:03:51] [INFO] 📊 STATS | Slots: 281 | Detected: 0 | Attempted: 6 | Sent: 6 | Success: 0 | Profit: ~$0.00
[2026-04-15 12:03:51] [INFO] [PoolWatcher] All subscriptions removed
[2026-04-15 12:16:39] [INFO] ════════════════════════════════════════════════════════════
[2026-04-15 12:16:39] [INFO]   🤖 SOLANA FLASHLOAN ARB BOT — STARTING
[2026-04-15 12:16:39] [INFO] ════════════════════════════════════════════════════════════
[2026-04-15 12:16:39] [INFO] ✅ Discord alerts enabled
[2026-04-15 12:16:39] [INFO] ✅ Discord tx-log channel enabled
[2026-04-15 12:16:39] [INFO] ✅ Connected to primary RPC (mainnet.helius-rpc.com)
[2026-04-15 12:16:39] [INFO] [Price] Seeded SOL/USD = $83.51
[2026-04-15 12:16:39] [INFO] Wallet:          ESzi3jyKV4EWi1TC36nRwLiHHDVTmzn9iCFTotToyhC3
[2026-04-15 12:16:39] [INFO] SOL Balance:     0.1820 SOL
[2026-04-15 12:16:39] [INFO] [Scanner] Loaded 5 pairs from pairs.json
[2026-04-15 12:16:39] [INFO] [Executor] Initializing MarginFi flashloan client...
[2026-04-15 12:16:39] [INFO] [Executor] 429 circuit breaker installed on MarginFi connection
[2026-04-15 12:16:40] [INFO] [Executor] MarginFi loaded. Banks: 1
[2026-04-15 12:16:40] [INFO] [Executor] Loaded saved MarginFi account: 9H89EXD35fcEHV5Sj3c1662GWZzLrPZ89zm2EMFyP9n8
[2026-04-15 12:16:40] [INFO] [Executor] MarginFi account: 9H89EXD35fcEHV5Sj3c1662GWZzLrPZ89zm2EMFyP9n8
[2026-04-15 12:16:40] [INFO] [Executor] ✅ Flash loan ready (all MarginFi accounts support flashloans)
[2026-04-15 12:16:40] [INFO] [Executor] MFI account overrides cached (group: 4qp6Fx6t...)
[2026-04-15 12:16:40] [INFO] [Executor] MFI instruction templates cached ✅
[2026-04-15 12:16:40] [INFO] [Executor] Initializing Kamino flashloan templates...
[2026-04-15 12:16:40] [INFO] [Executor] Kamino flashloan templates cached ✅ (wsolAta: DQwQCSZL...)
[2026-04-15 12:16:40] [INFO] [Executor] Blockhash cache started (refresh every 200ms) ✅
[2026-04-15 12:16:40] [INFO] 
[2026-04-15 12:16:40] [INFO] Active pairs (5):
[2026-04-15 12:16:40] [INFO]   1. SOL/USDT [anchor]
[2026-04-15 12:16:40] [INFO]   2. SOL/USDC
[2026-04-15 12:16:40] [INFO]   3. SOL/BONK
[2026-04-15 12:16:40] [INFO]   4. SOL/WIF
[2026-04-15 12:16:40] [INFO]   5. SOL/FARTCOIN
[2026-04-15 12:16:40] [INFO] 
[2026-04-15 12:16:40] [INFO] [Scheduler] Next update in 11 day(s) on 26/4/2026
[2026-04-15 12:16:40] [INFO] 
[2026-04-15 12:16:40] [INFO] Trigger:         WebSocket pool subscriptions (~50-100ms) + slot fallback every 62 slots
[2026-04-15 12:16:40] [INFO] Flashloan size:  1–100 SOL (dynamic)
[2026-04-15 12:16:40] [INFO] Min profit:      $0.05
[2026-04-15 12:16:40] [INFO] 
[2026-04-15 12:16:40] [INFO] [Price] ✅ Binance WS connected — SOL/USD updating in real-time
[2026-04-15 12:16:40] [INFO] [PoolWatcher] Fetching pool addresses (Orca + Raydium + Meteora)...
[2026-04-15 12:16:48] [INFO] [PoolWatcher] ✅ 58 subscriptions — Orca:45 | Raydium CLMM:5 | Raydium AMM:5 | Meteora:3
[2026-04-15 12:16:48] [INFO] [PoolWatcher]   SOL/USDT → 11 subs (Orca:9 Raydium CLMM:1 Raydium AMM:1)
[2026-04-15 12:16:48] [INFO] [PoolWatcher]   SOL/USDC → 11 subs (Orca:9 Raydium CLMM:1 Raydium AMM:1)
[2026-04-15 12:16:48] [INFO] [PoolWatcher]   SOL/BONK → 12 subs (Orca:9 Raydium CLMM:1 Raydium AMM:1 Meteora:1)
[2026-04-15 12:16:48] [INFO] [PoolWatcher]   SOL/WIF → 12 subs (Orca:9 Raydium CLMM:1 Raydium AMM:1 Meteora:1)
[2026-04-15 12:16:48] [INFO] [PoolWatcher]   SOL/FARTCOIN → 12 subs (Orca:9 Raydium CLMM:1 Raydium AMM:1 Meteora:1)
[2026-04-15 12:16:48] [INFO] [LocalPools] Registered 53 pools (Orca + Raydium CLMM + Meteora) for local math
[2026-04-15 12:16:48] [INFO] [LocalPools] Seeding pool cache with initial RPC data...
[2026-04-15 12:16:48] [INFO] [LocalPools] Seeded 48 pools in cache
[2026-04-15 12:16:48] [INFO] [Scheduler] Monthly pair updater scheduled ✅
[2026-04-15 12:16:48] [INFO] ✅ Bot is live. Press Ctrl+C to stop.

[2026-04-15 12:16:48] [INFO] [XDEX] SOL/USDT | spread: 0.0365% | fees: 0.0600% | sub-fee | hi: Orca (83.465359) FwewVm8u6tFPGewAyHmWAqad9hmF7mvqxK4mJ7iNqqGC | lo: Orca (83.434909) HcoJqG325TTifs6jyWvRJ9ET4pDu12Xrt2EQKZGFmuKX
[2026-04-15 12:16:48] [INFO] [XDEX] SOL/USDC | spread: 0.0343% | fees: 0.0700% | sub-fee | hi: Orca (83.506535) FpCMFDFGYotvufJ7HrFHsWEiiQCGbkLCtwHiDnh7o28Q | lo: Orca (83.477875) 7qbRF6YsyGuLUVs6Y1q64bdVrfe4ZcUUz1JRdoVNUJnm
[2026-04-15 12:16:51] [INFO] [XDEX] SOL/USDC | spread: 0.0208% | fees: 0.0700% | sub-fee | hi: Orca (83.515104) FpCMFDFGYotvufJ7HrFHsWEiiQCGbkLCtwHiDnh7o28Q | lo: Orca (83.497746) 7qbRF6YsyGuLUVs6Y1q64bdVrfe4ZcUUz1JRdoVNUJnm
[2026-04-15 12:16:51] [INFO] [XDEX] SOL/USDT | spread: 0.0365% | fees: 0.0600% | sub-fee | hi: Orca (83.465359) FwewVm8u6tFPGewAyHmWAqad9hmF7mvqxK4mJ7iNqqGC | lo: Orca (83.434909) HcoJqG325TTifs6jyWvRJ9ET4pDu12Xrt2EQKZGFmuKX
[2026-04-15 12:16:54] [INFO] [XDEX] SOL/USDC | spread: 0.0448% | fees: 0.0700% | sub-fee | hi: Orca (83.535176) FpCMFDFGYotvufJ7HrFHsWEiiQCGbkLCtwHiDnh7o28Q | lo: Orca (83.497746) 7qbRF6YsyGuLUVs6Y1q64bdVrfe4ZcUUz1JRdoVNUJnm
[2026-04-15 12:16:54] [INFO] [XDEX] SOL/USDT | spread: 0.0286% | fees: 0.0600% | sub-fee | hi: Orca (83.465359) FwewVm8u6tFPGewAyHmWAqad9hmF7mvqxK4mJ7iNqqGC | lo: Orca (83.441514) HcoJqG325TTifs6jyWvRJ9ET4pDu12Xrt2EQKZGFmuKX
[2026-04-15 12:16:58] [INFO] [XDEX] SOL/USDC | spread: 0.0448% | fees: 0.0700% | sub-fee | hi: Orca (83.535176) FpCMFDFGYotvufJ7HrFHsWEiiQCGbkLCtwHiDnh7o28Q | lo: Orca (83.497746) 7qbRF6YsyGuLUVs6Y1q64bdVrfe4ZcUUz1JRdoVNUJnm
[2026-04-15 12:16:58] [INFO] [XDEX] SOL/USDT | spread: 0.0286% | fees: 0.0600% | sub-fee | hi: Orca (83.465359) FwewVm8u6tFPGewAyHmWAqad9hmF7mvqxK4mJ7iNqqGC | lo: Orca (83.441514) HcoJqG325TTifs6jyWvRJ9ET4pDu12Xrt2EQKZGFmuKX
[2026-04-15 12:17:01] [INFO] [XDEX] SOL/USDC | spread: 0.0448% | fees: 0.0700% | sub-fee | hi: Orca (83.535176) FpCMFDFGYotvufJ7HrFHsWEiiQCGbkLCtwHiDnh7o28Q | lo: Orca (83.497746) 7qbRF6YsyGuLUVs6Y1q64bdVrfe4ZcUUz1JRdoVNUJnm
[2026-04-15 12:17:04] [INFO] [XDEX] SOL/USDT | spread: 0.0723% | fees: 0.0600% | PROFITABLE | hi: Orca (83.501822) FwewVm8u6tFPGewAyHmWAqad9hmF7mvqxK4mJ7iNqqGC | lo: Orca (83.441514) HcoJqG325TTifs6jyWvRJ9ET4pDu12Xrt2EQKZGFmuKX
[2026-04-15 12:17:04] [INFO] [LocalExec] Small loan (2.0 SOL) — trusting spread, skipping computeSwap gate | local math: -7.1931 USD
[2026-04-15 12:17:04] [INFO] 🎯 LOCAL EXEC — SOL/USDT | spread: 0.072% | loan: 2.0 SOL | profit: ~$-7.1931 | buy: Orca@FwewVm8u → sell: Orca@HcoJqG32
[2026-04-15 12:17:04] [INFO] [XDEX] SOL/USDC | spread: 0.0448% | fees: 0.0700% | sub-fee | hi: Orca (83.535176) FpCMFDFGYotvufJ7HrFHsWEiiQCGbkLCtwHiDnh7o28Q | lo: Orca (83.497746) 7qbRF6YsyGuLUVs6Y1q64bdVrfe4ZcUUz1JRdoVNUJnm
[2026-04-15 12:17:04] [INFO] [LocalExec] Batch-refreshed 2 pool states
[2026-04-15 12:17:04] [INFO] [LocalExec] Jito tip: 50000 lamports (~$0.0042)
[2026-04-15 12:17:04] [INFO] [LocalExec] borrowIxIndex dynamically set to 2
[2026-04-15 12:17:04] [INFO] [LocalExec] Tx size: 1153 bytes | 10 instructions
[2026-04-15 12:17:04] [INFO] [LocalExec] Jito accepted via mainnet
[2026-04-15 12:17:04] [INFO] [LAT] gate=3ms build=86ms sign=28ms submit=58ms TOTAL=175ms
[2026-04-15 12:17:04] [INFO] [LocalExec] ✅ Tx submitted: 4szRAH3VeQzA7QLDwR8JevLKuvFUPSZysoURkTFYvVPr17yZn8nzEKrE5gdB7dcEnBthPK6cKbBWSs2YAVKMKDRP
[2026-04-15 12:17:04] [INFO] [LocalExec] Jito accepted via frankfurt
[2026-04-15 12:17:04] [INFO] [LocalExec] Jito accepted via amsterdam
[2026-04-15 12:17:08] [INFO] [XDEX] SOL/USDC | spread: 0.0331% | fees: 0.0700% | sub-fee | hi: Orca (83.535176) FpCMFDFGYotvufJ7HrFHsWEiiQCGbkLCtwHiDnh7o28Q | lo: Orca (83.507563) 7qbRF6YsyGuLUVs6Y1q64bdVrfe4ZcUUz1JRdoVNUJnm
[2026-04-15 12:17:08] [INFO] [XDEX] SOL/USDT | spread: 0.0111% | fees: 0.0600% | sub-fee | hi: Orca (83.501822) FwewVm8u6tFPGewAyHmWAqad9hmF7mvqxK4mJ7iNqqGC | lo: Orca (83.492572) HcoJqG325TTifs6jyWvRJ9ET4pDu12Xrt2EQKZGFmuKX
[2026-04-15 12:17:12] [INFO] [XDEX] SOL/USDC | spread: 0.0331% | fees: 0.0700% | sub-fee | hi: Orca (83.535176) FpCMFDFGYotvufJ7HrFHsWEiiQCGbkLCtwHiDnh7o28Q | lo: Orca (83.507576) 7qbRF6YsyGuLUVs6Y1q64bdVrfe4ZcUUz1JRdoVNUJnm
[2026-04-15 12:17:13] [INFO] [XDEX] SOL/USDT | spread: 0.0111% | fees: 0.0600% | sub-fee | hi: Orca (83.501822) FwewVm8u6tFPGewAyHmWAqad9hmF7mvqxK4mJ7iNqqGC | lo: Orca (83.492572) HcoJqG325TTifs6jyWvRJ9ET4pDu12Xrt2EQKZGFmuKX
[2026-04-15 12:17:15] [INFO] [XDEX] SOL/USDC | spread: 0.0330% | fees: 0.0700% | sub-fee | hi: Orca (83.535176) FpCMFDFGYotvufJ7HrFHsWEiiQCGbkLCtwHiDnh7o28Q | lo: Orca (83.507600) 7qbRF6YsyGuLUVs6Y1q64bdVrfe4ZcUUz1JRdoVNUJnm
[2026-04-15 12:17:16] [INFO] [XDEX] SOL/USDT | spread: 0.0102% | fees: 0.0600% | sub-fee | hi: Orca (83.501822) FwewVm8u6tFPGewAyHmWAqad9hmF7mvqxK4mJ7iNqqGC | lo: Orca (83.493273) HcoJqG325TTifs6jyWvRJ9ET4pDu12Xrt2EQKZGFmuKX
[2026-04-15 12:17:17] [ERROR] [Executor] Tx failed on-chain: {"InstructionError":[7,{"Custom":6038}]}
[2026-04-15 12:17:19] [INFO] [XDEX] SOL/USDC | spread: 0.0453% | fees: 0.0700% | sub-fee | hi: Orca (83.545476) FpCMFDFGYotvufJ7HrFHsWEiiQCGbkLCtwHiDnh7o28Q | lo: Orca (83.507662) 7qbRF6YsyGuLUVs6Y1q64bdVrfe4ZcUUz1JRdoVNUJnm
[2026-04-15 12:17:20] [INFO] [XDEX] SOL/USDT | spread: 0.0239% | fees: 0.0600% | sub-fee | hi: Orca (83.513211) FwewVm8u6tFPGewAyHmWAqad9hmF7mvqxK4mJ7iNqqGC | lo: Orca (83.493273) HcoJqG325TTifs6jyWvRJ9ET4pDu12Xrt2EQKZGFmuKX
[2026-04-15 12:17:22] [INFO] [XDEX] SOL/USDC | spread: 0.0244% | fees: 0.0700% | sub-fee | hi: Orca (83.545476) FpCMFDFGYotvufJ7HrFHsWEiiQCGbkLCtwHiDnh7o28Q | lo: Orca (83.525116) 7qbRF6YsyGuLUVs6Y1q64bdVrfe4ZcUUz1JRdoVNUJnm
[2026-04-15 12:17:23] [INFO] [XDEX] SOL/USDT | spread: 0.0342% | fees: 0.0600% | sub-fee | hi: Orca (83.521835) FwewVm8u6tFPGewAyHmWAqad9hmF7mvqxK4mJ7iNqqGC | lo: Orca (83.493273) HcoJqG325TTifs6jyWvRJ9ET4pDu12Xrt2EQKZGFmuKX
[2026-04-15 12:17:27] [INFO] [XDEX] SOL/USDC | spread: 0.0244% | fees: 0.0700% | sub-fee | hi: Orca (83.545476) FpCMFDFGYotvufJ7HrFHsWEiiQCGbkLCtwHiDnh7o28Q | lo: Orca (83.525116) 7qbRF6YsyGuLUVs6Y1q64bdVrfe4ZcUUz1JRdoVNUJnm
[2026-04-15 12:17:29] [INFO] [XDEX] SOL/USDT | spread: 0.0342% | fees: 0.0600% | sub-fee | hi: Orca (83.521835) FwewVm8u6tFPGewAyHmWAqad9hmF7mvqxK4mJ7iNqqGC | lo: Orca (83.493273) HcoJqG325TTifs6jyWvRJ9ET4pDu12Xrt2EQKZGFmuKX
[2026-04-15 12:17:31] [INFO] [XDEX] SOL/USDC | spread: 0.0374% | fees: 0.0700% | sub-fee | hi: Orca (83.557717) FpCMFDFGYotvufJ7HrFHsWEiiQCGbkLCtwHiDnh7o28Q | lo: Orca (83.526445) 7qbRF6YsyGuLUVs6Y1q64bdVrfe4ZcUUz1JRdoVNUJnm
[2026-04-15 12:17:34] [INFO] [XDEX] SOL/USDC | spread: 0.0374% | fees: 0.0700% | sub-fee | hi: Orca (83.557717) FpCMFDFGYotvufJ7HrFHsWEiiQCGbkLCtwHiDnh7o28Q | lo: Orca (83.526445) 7qbRF6YsyGuLUVs6Y1q64bdVrfe4ZcUUz1JRdoVNUJnm
[2026-04-15 12:17:37] [INFO] [XDEX] SOL/USDT | spread: 0.0342% | fees: 0.0600% | sub-fee | hi: Orca (83.521835) FwewVm8u6tFPGewAyHmWAqad9hmF7mvqxK4mJ7iNqqGC | lo: Orca (83.493273) HcoJqG325TTifs6jyWvRJ9ET4pDu12Xrt2EQKZGFmuKX
[2026-04-15 12:17:40] [INFO] [XDEX] SOL/USDT | spread: 0.0342% | fees: 0.0600% | sub-fee | hi: Orca (83.521835) FwewVm8u6tFPGewAyHmWAqad9hmF7mvqxK4mJ7iNqqGC | lo: Orca (83.493273) HcoJqG325TTifs6jyWvRJ9ET4pDu12Xrt2EQKZGFmuKX
[2026-04-15 12:17:43] [INFO] [XDEX] SOL/USDT | spread: 0.0342% | fees: 0.0600% | sub-fee | hi: Orca (83.521835) FwewVm8u6tFPGewAyHmWAqad9hmF7mvqxK4mJ7iNqqGC | lo: Orca (83.493273) HcoJqG325TTifs6jyWvRJ9ET4pDu12Xrt2EQKZGFmuKX
[2026-04-15 12:17:50] [INFO] [XDEX] SOL/USDT | spread: 0.0342% | fees: 0.0600% | sub-fee | hi: Orca (83.521835) FwewVm8u6tFPGewAyHmWAqad9hmF7mvqxK4mJ7iNqqGC | lo: Orca (83.493273) HcoJqG325TTifs6jyWvRJ9ET4pDu12Xrt2EQKZGFmuKX
[2026-04-15 12:17:51] [INFO] [XDEX] SOL/USDC | spread: 0.0374% | fees: 0.0700% | sub-fee | hi: Orca (83.557717) FpCMFDFGYotvufJ7HrFHsWEiiQCGbkLCtwHiDnh7o28Q | lo: Orca (83.526445) 7qbRF6YsyGuLUVs6Y1q64bdVrfe4ZcUUz1JRdoVNUJnm
[2026-04-15 12:17:55] [INFO] [XDEX] SOL/USDT | spread: 0.0342% | fees: 0.0600% | sub-fee | hi: Orca (83.521835) FwewVm8u6tFPGewAyHmWAqad9hmF7mvqxK4mJ7iNqqGC | lo: Orca (83.493273) HcoJqG325TTifs6jyWvRJ9ET4pDu12Xrt2EQKZGFmuKX
[2026-04-15 12:17:57] [INFO] [XDEX] SOL/USDC | spread: 0.0204% | fees: 0.0700% | sub-fee | hi: Orca (83.543517) FpCMFDFGYotvufJ7HrFHsWEiiQCGbkLCtwHiDnh7o28Q | lo: Orca (83.526445) 7qbRF6YsyGuLUVs6Y1q64bdVrfe4ZcUUz1JRdoVNUJnm
[2026-04-15 12:18:00] [INFO] [XDEX] SOL/USDT | spread: 0.0342% | fees: 0.0600% | sub-fee | hi: Orca (83.521835) FwewVm8u6tFPGewAyHmWAqad9hmF7mvqxK4mJ7iNqqGC | lo: Orca (83.493273) HcoJqG325TTifs6jyWvRJ9ET4pDu12Xrt2EQKZGFmuKX
[2026-04-15 12:18:01] [INFO] [XDEX] SOL/USDC | spread: 0.0354% | fees: 0.0700% | sub-fee | hi: Orca (83.555992) FpCMFDFGYotvufJ7HrFHsWEiiQCGbkLCtwHiDnh7o28Q | lo: Orca (83.526445) 7qbRF6YsyGuLUVs6Y1q64bdVrfe4ZcUUz1JRdoVNUJnm
[2026-04-15 12:18:04] [INFO] [XDEX] SOL/USDC | spread: 0.0416% | fees: 0.0700% | sub-fee | hi: Orca (83.561203) FpCMFDFGYotvufJ7HrFHsWEiiQCGbkLCtwHiDnh7o28Q | lo: Orca (83.526445) 7qbRF6YsyGuLUVs6Y1q64bdVrfe4ZcUUz1JRdoVNUJnm
[2026-04-15 12:18:06] [INFO] [XDEX] SOL/USDT | spread: 0.0342% | fees: 0.0600% | sub-fee | hi: Orca (83.521817) FwewVm8u6tFPGewAyHmWAqad9hmF7mvqxK4mJ7iNqqGC | lo: Orca (83.493273) HcoJqG325TTifs6jyWvRJ9ET4pDu12Xrt2EQKZGFmuKX
[2026-04-15 12:18:08] [INFO] [XDEX] SOL/USDC | spread: 0.0416% | fees: 0.0700% | sub-fee | hi: Orca (83.561203) FpCMFDFGYotvufJ7HrFHsWEiiQCGbkLCtwHiDnh7o28Q | lo: Orca (83.526445) 7qbRF6YsyGuLUVs6Y1q64bdVrfe4ZcUUz1JRdoVNUJnm
[2026-04-15 12:18:12] [INFO] [XDEX] SOL/USDT | spread: 0.0342% | fees: 0.0600% | sub-fee | hi: Orca (83.521817) FwewVm8u6tFPGewAyHmWAqad9hmF7mvqxK4mJ7iNqqGC | lo: Orca (83.493273) HcoJqG325TTifs6jyWvRJ9ET4pDu12Xrt2EQKZGFmuKX
[2026-04-15 12:18:14] [INFO] [XDEX] SOL/USDC | spread: 0.0416% | fees: 0.0700% | sub-fee | hi: Orca (83.561203) FpCMFDFGYotvufJ7HrFHsWEiiQCGbkLCtwHiDnh7o28Q | lo: Orca (83.526445) 7qbRF6YsyGuLUVs6Y1q64bdVrfe4ZcUUz1JRdoVNUJnm
[2026-04-15 12:18:16] [INFO] [XDEX] SOL/USDT | spread: 0.0342% | fees: 0.0600% | sub-fee | hi: Orca (83.521817) FwewVm8u6tFPGewAyHmWAqad9hmF7mvqxK4mJ7iNqqGC | lo: Orca (83.493273) HcoJqG325TTifs6jyWvRJ9ET4pDu12Xrt2EQKZGFmuKX
[2026-04-15 12:18:19] [INFO] [XDEX] SOL/USDC | spread: 0.0394% | fees: 0.0700% | sub-fee | hi: Orca (83.561203) FpCMFDFGYotvufJ7HrFHsWEiiQCGbkLCtwHiDnh7o28Q | lo: Orca (83.528320) 7qbRF6YsyGuLUVs6Y1q64bdVrfe4ZcUUz1JRdoVNUJnm
[2026-04-15 12:18:23] [INFO] [XDEX] SOL/USDC | spread: 0.0394% | fees: 0.0700% | sub-fee | hi: Orca (83.561203) FpCMFDFGYotvufJ7HrFHsWEiiQCGbkLCtwHiDnh7o28Q | lo: Orca (83.528320) 7qbRF6YsyGuLUVs6Y1q64bdVrfe4ZcUUz1JRdoVNUJnm
[2026-04-15 12:18:24] [INFO] [XDEX] SOL/USDT | spread: 0.0342% | fees: 0.0600% | sub-fee | hi: Orca (83.521817) FwewVm8u6tFPGewAyHmWAqad9hmF7mvqxK4mJ7iNqqGC | lo: Orca (83.493273) HcoJqG325TTifs6jyWvRJ9ET4pDu12Xrt2EQKZGFmuKX
[2026-04-15 12:18:28] [INFO] [XDEX] SOL/USDC | spread: 0.0394% | fees: 0.0700% | sub-fee | hi: Orca (83.561203) FpCMFDFGYotvufJ7HrFHsWEiiQCGbkLCtwHiDnh7o28Q | lo: Orca (83.528320) 7qbRF6YsyGuLUVs6Y1q64bdVrfe4ZcUUz1JRdoVNUJnm
[2026-04-15 12:18:28] [INFO] [XDEX] SOL/USDT | spread: 0.0306% | fees: 0.0600% | sub-fee | hi: Orca (83.518792) FwewVm8u6tFPGewAyHmWAqad9hmF7mvqxK4mJ7iNqqGC | lo: Orca (83.493273) HcoJqG325TTifs6jyWvRJ9ET4pDu12Xrt2EQKZGFmuKX
[2026-04-15 12:18:33] [INFO] [XDEX] SOL/USDC | spread: 0.0213% | fees: 0.0700% | sub-fee | hi: Orca (83.546076) FpCMFDFGYotvufJ7HrFHsWEiiQCGbkLCtwHiDnh7o28Q | lo: Orca (83.528320) 7qbRF6YsyGuLUVs6Y1q64bdVrfe4ZcUUz1JRdoVNUJnm
[2026-04-15 12:18:33] [INFO] [XDEX] SOL/USDT | spread: 0.0251% | fees: 0.0600% | sub-fee | hi: Orca (83.514218) FwewVm8u6tFPGewAyHmWAqad9hmF7mvqxK4mJ7iNqqGC | lo: Orca (83.493273) HcoJqG325TTifs6jyWvRJ9ET4pDu12Xrt2EQKZGFmuKX
[2026-04-15 12:18:36] [INFO] [XDEX] SOL/USDC | spread: 0.0211% | fees: 0.0700% | sub-fee | hi: Orca (83.545945) FpCMFDFGYotvufJ7HrFHsWEiiQCGbkLCtwHiDnh7o28Q | lo: Orca (83.528320) 7qbRF6YsyGuLUVs6Y1q64bdVrfe4ZcUUz1JRdoVNUJnm
[2026-04-15 12:18:38] [INFO] [XDEX] SOL/USDT | spread: 0.0251% | fees: 0.0600% | sub-fee | hi: Orca (83.514218) FwewVm8u6tFPGewAyHmWAqad9hmF7mvqxK4mJ7iNqqGC | lo: Orca (83.493273) HcoJqG325TTifs6jyWvRJ9ET4pDu12Xrt2EQKZGFmuKX
[2026-04-15 12:18:41] [INFO] [XDEX] SOL/USDC | spread: 0.0211% | fees: 0.0700% | sub-fee | hi: Orca (83.545945) FpCMFDFGYotvufJ7HrFHsWEiiQCGbkLCtwHiDnh7o28Q | lo: Orca (83.528320) 7qbRF6YsyGuLUVs6Y1q64bdVrfe4ZcUUz1JRdoVNUJnm
[2026-04-15 12:18:42] [INFO] [XDEX] SOL/USDT | spread: 0.0251% | fees: 0.0600% | sub-fee | hi: Orca (83.514218) FwewVm8u6tFPGewAyHmWAqad9hmF7mvqxK4mJ7iNqqGC | lo: Orca (83.493273) HcoJqG325TTifs6jyWvRJ9ET4pDu12Xrt2EQKZGFmuKX
[2026-04-15 12:18:45] [INFO] [XDEX] SOL/USDC | spread: 0.0126% | fees: 0.0600% | sub-fee | hi: Orca (83.542455) Czfq3xZZDmsdGdUyrNLtRhGc47cXcZtLG4crryfu44zE | lo: Orca (83.531939) FpCMFDFGYotvufJ7HrFHsWEiiQCGbkLCtwHiDnh7o28Q
[2026-04-15 12:18:48] [INFO] 💓 alive | slots +186 | detected: 0 | attempted: 1 | sent: 1
[2026-04-15 12:18:49] [INFO] [XDEX] SOL/USDT | spread: 0.0161% | fees: 0.0600% | sub-fee | hi: Orca (83.506685) FwewVm8u6tFPGewAyHmWAqad9hmF7mvqxK4mJ7iNqqGC | lo: Orca (83.493273) HcoJqG325TTifs6jyWvRJ9ET4pDu12Xrt2EQKZGFmuKX
[2026-04-15 12:18:52] [INFO] [XDEX] SOL/USDC | spread: 0.0126% | fees: 0.0600% | sub-fee | hi: Orca (83.542455) Czfq3xZZDmsdGdUyrNLtRhGc47cXcZtLG4crryfu44zE | lo: Orca (83.531939) FpCMFDFGYotvufJ7HrFHsWEiiQCGbkLCtwHiDnh7o28Q
[2026-04-15 12:18:56] [INFO] [XDEX] SOL/USDC | spread: 0.0126% | fees: 0.0600% | sub-fee | hi: Orca (83.542428) Czfq3xZZDmsdGdUyrNLtRhGc47cXcZtLG4crryfu44zE | lo: Orca (83.531939) FpCMFDFGYotvufJ7HrFHsWEiiQCGbkLCtwHiDnh7o28Q
[2026-04-15 12:18:58] [INFO] [XDEX] SOL/USDT | spread: 0.0161% | fees: 0.0600% | sub-fee | hi: Orca (83.506685) FwewVm8u6tFPGewAyHmWAqad9hmF7mvqxK4mJ7iNqqGC | lo: Orca (83.493273) HcoJqG325TTifs6jyWvRJ9ET4pDu12Xrt2EQKZGFmuKX
[2026-04-15 12:19:03] [INFO] [XDEX] SOL/USDT | spread: 0.0161% | fees: 0.0600% | sub-fee | hi: Orca (83.506685) FwewVm8u6tFPGewAyHmWAqad9hmF7mvqxK4mJ7iNqqGC | lo: Orca (83.493273) HcoJqG325TTifs6jyWvRJ9ET4pDu12Xrt2EQKZGFmuKX
[2026-04-15 12:19:06] [INFO] [XDEX] SOL/USDT | spread: 0.0161% | fees: 0.0600% | sub-fee | hi: Orca (83.506685) FwewVm8u6tFPGewAyHmWAqad9hmF7mvqxK4mJ7iNqqGC | lo: Orca (83.493273) HcoJqG325TTifs6jyWvRJ9ET4pDu12Xrt2EQKZGFmuKX
[2026-04-15 12:19:08] [INFO] [XDEX] SOL/USDC | spread: 0.0126% | fees: 0.0600% | sub-fee | hi: Orca (83.542428) Czfq3xZZDmsdGdUyrNLtRhGc47cXcZtLG4crryfu44zE | lo: Orca (83.531939) FpCMFDFGYotvufJ7HrFHsWEiiQCGbkLCtwHiDnh7o28Q
[2026-04-15 12:19:09] [INFO] [XDEX] SOL/USDT | spread: 0.0161% | fees: 0.0600% | sub-fee | hi: Orca (83.506685) FwewVm8u6tFPGewAyHmWAqad9hmF7mvqxK4mJ7iNqqGC | lo: Orca (83.493273) HcoJqG325TTifs6jyWvRJ9ET4pDu12Xrt2EQKZGFmuKX
[2026-04-15 12:19:14] [INFO] [XDEX] SOL/USDT | spread: 0.0161% | fees: 0.0600% | sub-fee | hi: Orca (83.506685) FwewVm8u6tFPGewAyHmWAqad9hmF7mvqxK4mJ7iNqqGC | lo: Orca (83.493273) HcoJqG325TTifs6jyWvRJ9ET4pDu12Xrt2EQKZGFmuKX
[2026-04-15 12:19:20] [INFO] [XDEX] SOL/USDC | spread: 0.0126% | fees: 0.0600% | sub-fee | hi: Orca (83.542428) Czfq3xZZDmsdGdUyrNLtRhGc47cXcZtLG4crryfu44zE | lo: Orca (83.531939) FpCMFDFGYotvufJ7HrFHsWEiiQCGbkLCtwHiDnh7o28Q
[2026-04-15 12:19:25] [INFO] [XDEX] SOL/USDC | spread: 0.0055% | fees: 0.0600% | sub-fee | hi: Orca (83.542428) Czfq3xZZDmsdGdUyrNLtRhGc47cXcZtLG4crryfu44zE | lo: Orca (83.537840) FpCMFDFGYotvufJ7HrFHsWEiiQCGbkLCtwHiDnh7o28Q
[2026-04-15 12:19:28] [INFO] [XDEX] SOL/USDC | spread: 0.0244% | fees: 0.0700% | sub-fee | hi: Orca (83.548682) FpCMFDFGYotvufJ7HrFHsWEiiQCGbkLCtwHiDnh7o28Q | lo: Orca (83.528320) 7qbRF6YsyGuLUVs6Y1q64bdVrfe4ZcUUz1JRdoVNUJnm
[2026-04-15 12:19:31] [INFO] [XDEX] SOL/USDC | spread: 0.0244% | fees: 0.0700% | sub-fee | hi: Orca (83.548682) FpCMFDFGYotvufJ7HrFHsWEiiQCGbkLCtwHiDnh7o28Q | lo: Orca (83.528320) 7qbRF6YsyGuLUVs6Y1q64bdVrfe4ZcUUz1JRdoVNUJnm
[2026-04-15 12:19:35] [INFO] [XDEX] SOL/USDC | spread: 0.0244% | fees: 0.0700% | sub-fee | hi: Orca (83.548682) FpCMFDFGYotvufJ7HrFHsWEiiQCGbkLCtwHiDnh7o28Q | lo: Orca (83.528320) 7qbRF6YsyGuLUVs6Y1q64bdVrfe4ZcUUz1JRdoVNUJnm
[2026-04-15 12:19:39] [INFO] [XDEX] SOL/USDC | spread: 0.0244% | fees: 0.0700% | sub-fee | hi: Orca (83.548682) FpCMFDFGYotvufJ7HrFHsWEiiQCGbkLCtwHiDnh7o28Q | lo: Orca (83.528320) 7qbRF6YsyGuLUVs6Y1q64bdVrfe4ZcUUz1JRdoVNUJnm
[2026-04-15 12:19:42] [INFO] [XDEX] SOL/USDC | spread: 0.0244% | fees: 0.0700% | sub-fee | hi: Orca (83.548682) FpCMFDFGYotvufJ7HrFHsWEiiQCGbkLCtwHiDnh7o28Q | lo: Orca (83.528320) 7qbRF6YsyGuLUVs6Y1q64bdVrfe4ZcUUz1JRdoVNUJnm
[2026-04-15 12:19:52] [INFO] [XDEX] SOL/USDC | spread: 0.0244% | fees: 0.0700% | sub-fee | hi: Orca (83.548682) FpCMFDFGYotvufJ7HrFHsWEiiQCGbkLCtwHiDnh7o28Q | lo: Orca (83.528320) 7qbRF6YsyGuLUVs6Y1q64bdVrfe4ZcUUz1JRdoVNUJnm
[2026-04-15 12:19:55] [INFO] [XDEX] SOL/USDC | spread: 0.0244% | fees: 0.0700% | sub-fee | hi: Orca (83.548682) FpCMFDFGYotvufJ7HrFHsWEiiQCGbkLCtwHiDnh7o28Q | lo: Orca (83.528320) 7qbRF6YsyGuLUVs6Y1q64bdVrfe4ZcUUz1JRdoVNUJnm
[2026-04-15 12:19:58] [INFO] [XDEX] SOL/USDC | spread: 0.0245% | fees: 0.0700% | sub-fee | hi: Orca (83.548790) FpCMFDFGYotvufJ7HrFHsWEiiQCGbkLCtwHiDnh7o28Q | lo: Orca (83.528320) 7qbRF6YsyGuLUVs6Y1q64bdVrfe4ZcUUz1JRdoVNUJnm
[2026-04-15 12:20:02] [INFO] [XDEX] SOL/USDC | spread: 0.0228% | fees: 0.0700% | sub-fee | hi: Orca (83.547385) FpCMFDFGYotvufJ7HrFHsWEiiQCGbkLCtwHiDnh7o28Q | lo: Orca (83.528320) 7qbRF6YsyGuLUVs6Y1q64bdVrfe4ZcUUz1JRdoVNUJnm
[2026-04-15 12:20:14] [INFO] [XDEX] SOL/USDC | spread: 0.0061% | fees: 0.0600% | sub-fee | hi: Orca (83.542430) Czfq3xZZDmsdGdUyrNLtRhGc47cXcZtLG4crryfu44zE | lo: Orca (83.537312) FpCMFDFGYotvufJ7HrFHsWEiiQCGbkLCtwHiDnh7o28Q
[2026-04-15 12:20:21] [INFO] [XDEX] SOL/USDC | spread: 0.0061% | fees: 0.0600% | sub-fee | hi: Orca (83.542430) Czfq3xZZDmsdGdUyrNLtRhGc47cXcZtLG4crryfu44zE | lo: Orca (83.537312) FpCMFDFGYotvufJ7HrFHsWEiiQCGbkLCtwHiDnh7o28Q
[2026-04-15 12:20:27] [INFO] [XDEX] SOL/USDC | spread: 0.0062% | fees: 0.0600% | sub-fee | hi: Orca (83.542430) Czfq3xZZDmsdGdUyrNLtRhGc47cXcZtLG4crryfu44zE | lo: Orca (83.537274) FpCMFDFGYotvufJ7HrFHsWEiiQCGbkLCtwHiDnh7o28Q
[2026-04-15 12:20:34] [INFO] [XDEX] SOL/USDC | spread: 0.0034% | fees: 0.0600% | sub-fee | hi: Orca (83.542430) Czfq3xZZDmsdGdUyrNLtRhGc47cXcZtLG4crryfu44zE | lo: Orca (83.539579) FpCMFDFGYotvufJ7HrFHsWEiiQCGbkLCtwHiDnh7o28Q
[2026-04-15 12:20:37] [INFO] [XDEX] SOL/USDC | spread: 0.0052% | fees: 0.0600% | sub-fee | hi: Orca (83.546772) FpCMFDFGYotvufJ7HrFHsWEiiQCGbkLCtwHiDnh7o28Q | lo: Orca (83.542432) Czfq3xZZDmsdGdUyrNLtRhGc47cXcZtLG4crryfu44zE
[2026-04-15 12:20:41] [INFO] [XDEX] SOL/USDC | spread: 0.0087% | fees: 0.0600% | sub-fee | hi: Orca (83.549742) FpCMFDFGYotvufJ7HrFHsWEiiQCGbkLCtwHiDnh7o28Q | lo: Orca (83.542432) Czfq3xZZDmsdGdUyrNLtRhGc47cXcZtLG4crryfu44zE
[2026-04-15 12:20:44] [INFO] [XDEX] SOL/USDC | spread: 0.0087% | fees: 0.0600% | sub-fee | hi: Orca (83.549742) FpCMFDFGYotvufJ7HrFHsWEiiQCGbkLCtwHiDnh7o28Q | lo: Orca (83.542433) Czfq3xZZDmsdGdUyrNLtRhGc47cXcZtLG4crryfu44zE
[2026-04-15 12:20:48] [INFO] [XDEX] SOL/USDC | spread: 0.0169% | fees: 0.0600% | sub-fee | hi: Orca (83.556513) FpCMFDFGYotvufJ7HrFHsWEiiQCGbkLCtwHiDnh7o28Q | lo: Orca (83.542433) Czfq3xZZDmsdGdUyrNLtRhGc47cXcZtLG4crryfu44zE
[2026-04-15 12:20:48] [INFO] 💓 alive | slots +143 | detected: 0 | attempted: 1 | sent: 1
[2026-04-15 12:20:51] [INFO] [XDEX] SOL/USDC | spread: 0.0510% | fees: 0.0700% | sub-fee | hi: Orca (83.573054) FpCMFDFGYotvufJ7HrFHsWEiiQCGbkLCtwHiDnh7o28Q | lo: Orca (83.530494) 7qbRF6YsyGuLUVs6Y1q64bdVrfe4ZcUUz1JRdoVNUJnm
[2026-04-15 12:20:55] [INFO] [XDEX] SOL/USDC | spread: 0.0095% | fees: 0.0600% | sub-fee | hi: Orca (83.573054) FpCMFDFGYotvufJ7HrFHsWEiiQCGbkLCtwHiDnh7o28Q | lo: Orca (83.565156) Czfq3xZZDmsdGdUyrNLtRhGc47cXcZtLG4crryfu44zE
[2026-04-15 12:20:58] [INFO] [XDEX] SOL/USDC | spread: 0.0094% | fees: 0.0600% | sub-fee | hi: Orca (83.573054) FpCMFDFGYotvufJ7HrFHsWEiiQCGbkLCtwHiDnh7o28Q | lo: Orca (83.565180) Czfq3xZZDmsdGdUyrNLtRhGc47cXcZtLG4crryfu44zE
[2026-04-15 12:20:58] [INFO] [XDEX] SOL/USDT | spread: 0.0019% | fees: 0.0600% | sub-fee | hi: Orca (83.541731) HcoJqG325TTifs6jyWvRJ9ET4pDu12Xrt2EQKZGFmuKX | lo: Orca (83.540149) FwewVm8u6tFPGewAyHmWAqad9hmF7mvqxK4mJ7iNqqGC
[2026-04-15 12:21:02] [INFO] [XDEX] SOL/USDC | spread: 0.0094% | fees: 0.0600% | sub-fee | hi: Orca (83.573054) FpCMFDFGYotvufJ7HrFHsWEiiQCGbkLCtwHiDnh7o28Q | lo: Orca (83.565180) Czfq3xZZDmsdGdUyrNLtRhGc47cXcZtLG4crryfu44zE
[2026-04-15 12:21:02] [INFO] [XDEX] SOL/USDT | spread: 0.0052% | fees: 0.0600% | sub-fee | hi: Orca (83.546055) FwewVm8u6tFPGewAyHmWAqad9hmF7mvqxK4mJ7iNqqGC | lo: Orca (83.541731) HcoJqG325TTifs6jyWvRJ9ET4pDu12Xrt2EQKZGFmuKX
[2026-04-15 12:21:06] [INFO] [XDEX] SOL/USDT | spread: 0.0052% | fees: 0.0600% | sub-fee | hi: Orca (83.546055) FwewVm8u6tFPGewAyHmWAqad9hmF7mvqxK4mJ7iNqqGC | lo: Orca (83.541731) HcoJqG325TTifs6jyWvRJ9ET4pDu12Xrt2EQKZGFmuKX
[2026-04-15 12:21:09] [INFO] [XDEX] SOL/USDC | spread: 0.0094% | fees: 0.0600% | sub-fee | hi: Orca (83.573054) FpCMFDFGYotvufJ7HrFHsWEiiQCGbkLCtwHiDnh7o28Q | lo: Orca (83.565180) Czfq3xZZDmsdGdUyrNLtRhGc47cXcZtLG4crryfu44zE
[2026-04-15 12:21:11] [INFO] [XDEX] SOL/USDT | spread: 0.0052% | fees: 0.0600% | sub-fee | hi: Orca (83.546055) FwewVm8u6tFPGewAyHmWAqad9hmF7mvqxK4mJ7iNqqGC | lo: Orca (83.541731) HcoJqG325TTifs6jyWvRJ9ET4pDu12Xrt2EQKZGFmuKX
[2026-04-15 12:21:15] [INFO] [XDEX] SOL/USDC | spread: 0.0094% | fees: 0.0600% | sub-fee | hi: Orca (83.573054) FpCMFDFGYotvufJ7HrFHsWEiiQCGbkLCtwHiDnh7o28Q | lo: Orca (83.565181) Czfq3xZZDmsdGdUyrNLtRhGc47cXcZtLG4crryfu44zE
[2026-04-15 12:21:16] [INFO] [XDEX] SOL/USDT | spread: 0.0052% | fees: 0.0600% | sub-fee | hi: Orca (83.546055) FwewVm8u6tFPGewAyHmWAqad9hmF7mvqxK4mJ7iNqqGC | lo: Orca (83.541731) HcoJqG325TTifs6jyWvRJ9ET4pDu12Xrt2EQKZGFmuKX
[2026-04-15 12:21:18] [INFO] [XDEX] SOL/USDC | spread: 0.0018% | fees: 0.0600% | sub-fee | hi: Orca (83.566652) FpCMFDFGYotvufJ7HrFHsWEiiQCGbkLCtwHiDnh7o28Q | lo: Orca (83.565181) Czfq3xZZDmsdGdUyrNLtRhGc47cXcZtLG4crryfu44zE
[2026-04-15 12:21:21] [INFO] [XDEX] SOL/USDT | spread: 0.0022% | fees: 0.0600% | sub-fee | hi: Orca (83.541731) HcoJqG325TTifs6jyWvRJ9ET4pDu12Xrt2EQKZGFmuKX | lo: Orca (83.539872) FwewVm8u6tFPGewAyHmWAqad9hmF7mvqxK4mJ7iNqqGC
[2026-04-15 12:21:26] [INFO] [XDEX] SOL/USDC | spread: 0.0250% | fees: 0.0600% | sub-fee | hi: Orca (83.565181) Czfq3xZZDmsdGdUyrNLtRhGc47cXcZtLG4crryfu44zE | lo: Orca (83.544273) FpCMFDFGYotvufJ7HrFHsWEiiQCGbkLCtwHiDnh7o28Q
[2026-04-15 12:21:26] [INFO] [XDEX] SOL/USDT | spread: 0.0171% | fees: 0.0600% | sub-fee | hi: Orca (83.541731) HcoJqG325TTifs6jyWvRJ9ET4pDu12Xrt2EQKZGFmuKX | lo: Orca (83.527464) FwewVm8u6tFPGewAyHmWAqad9hmF7mvqxK4mJ7iNqqGC
[2026-04-15 12:21:30] [INFO] [XDEX] SOL/USDT | spread: 0.0177% | fees: 0.0600% | sub-fee | hi: Orca (83.541731) HcoJqG325TTifs6jyWvRJ9ET4pDu12Xrt2EQKZGFmuKX | lo: Orca (83.526974) FwewVm8u6tFPGewAyHmWAqad9hmF7mvqxK4mJ7iNqqGC
[2026-04-15 12:21:32] [INFO] [XDEX] SOL/USDC | spread: 0.0250% | fees: 0.0600% | sub-fee | hi: Orca (83.565181) Czfq3xZZDmsdGdUyrNLtRhGc47cXcZtLG4crryfu44zE | lo: Orca (83.544273) FpCMFDFGYotvufJ7HrFHsWEiiQCGbkLCtwHiDnh7o28Q
[2026-04-15 12:21:34] [INFO] [XDEX] SOL/USDT | spread: 0.0256% | fees: 0.0600% | sub-fee | hi: Orca (83.541731) HcoJqG325TTifs6jyWvRJ9ET4pDu12Xrt2EQKZGFmuKX | lo: Orca (83.520379) FwewVm8u6tFPGewAyHmWAqad9hmF7mvqxK4mJ7iNqqGC
[2026-04-15 12:21:38] [INFO] [XDEX] SOL/USDC | spread: 0.0250% | fees: 0.0600% | sub-fee | hi: Orca (83.565181) Czfq3xZZDmsdGdUyrNLtRhGc47cXcZtLG4crryfu44zE | lo: Orca (83.544273) FpCMFDFGYotvufJ7HrFHsWEiiQCGbkLCtwHiDnh7o28Q
[2026-04-15 12:21:39] [INFO] [XDEX] SOL/USDT | spread: 0.0256% | fees: 0.0600% | sub-fee | hi: Orca (83.541731) HcoJqG325TTifs6jyWvRJ9ET4pDu12Xrt2EQKZGFmuKX | lo: Orca (83.520379) FwewVm8u6tFPGewAyHmWAqad9hmF7mvqxK4mJ7iNqqGC
[2026-04-15 12:21:44] [INFO] [XDEX] SOL/USDT | spread: 0.0256% | fees: 0.0600% | sub-fee | hi: Orca (83.541731) HcoJqG325TTifs6jyWvRJ9ET4pDu12Xrt2EQKZGFmuKX | lo: Orca (83.520379) FwewVm8u6tFPGewAyHmWAqad9hmF7mvqxK4mJ7iNqqGC
[2026-04-15 12:21:46] [INFO] [XDEX] SOL/USDC | spread: 0.0222% | fees: 0.0600% | sub-fee | hi: Orca (83.565181) Czfq3xZZDmsdGdUyrNLtRhGc47cXcZtLG4crryfu44zE | lo: Orca (83.546647) FpCMFDFGYotvufJ7HrFHsWEiiQCGbkLCtwHiDnh7o28Q
[2026-04-15 12:21:49] [INFO] [XDEX] SOL/USDC | spread: 0.0194% | fees: 0.0600% | sub-fee | hi: Orca (83.565181) Czfq3xZZDmsdGdUyrNLtRhGc47cXcZtLG4crryfu44zE | lo: Orca (83.548991) FpCMFDFGYotvufJ7HrFHsWEiiQCGbkLCtwHiDnh7o28Q
[2026-04-15 12:21:51] [INFO] [XDEX] SOL/USDT | spread: 0.0271% | fees: 0.0600% | sub-fee | hi: Orca (83.541731) HcoJqG325TTifs6jyWvRJ9ET4pDu12Xrt2EQKZGFmuKX | lo: Orca (83.519071) FwewVm8u6tFPGewAyHmWAqad9hmF7mvqxK4mJ7iNqqGC
[2026-04-15 12:21:52] [INFO] [XDEX] SOL/USDC | spread: 0.0120% | fees: 0.0600% | sub-fee | hi: Orca (83.565174) Czfq3xZZDmsdGdUyrNLtRhGc47cXcZtLG4crryfu44zE | lo: Orca (83.555147) FpCMFDFGYotvufJ7HrFHsWEiiQCGbkLCtwHiDnh7o28Q
[2026-04-15 12:21:54] [INFO] [XDEX] SOL/USDT | spread: 0.0220% | fees: 0.0600% | sub-fee | hi: Orca (83.541731) HcoJqG325TTifs6jyWvRJ9ET4pDu12Xrt2EQKZGFmuKX | lo: Orca (83.523366) FwewVm8u6tFPGewAyHmWAqad9hmF7mvqxK4mJ7iNqqGC
[2026-04-15 12:21:56] [INFO] [XDEX] SOL/USDC | spread: 0.0005% | fees: 0.0600% | sub-fee | hi: Orca (83.565562) FpCMFDFGYotvufJ7HrFHsWEiiQCGbkLCtwHiDnh7o28Q | lo: Orca (83.565172) Czfq3xZZDmsdGdUyrNLtRhGc47cXcZtLG4crryfu44zE
[2026-04-15 12:22:00] [INFO] [XDEX] SOL/USDT | spread: 0.0220% | fees: 0.0600% | sub-fee | hi: Orca (83.541731) HcoJqG325TTifs6jyWvRJ9ET4pDu12Xrt2EQKZGFmuKX | lo: Orca (83.523366) FwewVm8u6tFPGewAyHmWAqad9hmF7mvqxK4mJ7iNqqGC
[2026-04-15 12:22:00] [INFO] [XDEX] SOL/USDC | spread: 0.0055% | fees: 0.0600% | sub-fee | hi: Orca (83.569771) FpCMFDFGYotvufJ7HrFHsWEiiQCGbkLCtwHiDnh7o28Q | lo: Orca (83.565172) Czfq3xZZDmsdGdUyrNLtRhGc47cXcZtLG4crryfu44zE
[2026-04-15 12:22:03] [INFO] [XDEX] SOL/USDT | spread: 0.0128% | fees: 0.0600% | sub-fee | hi: Orca (83.541731) HcoJqG325TTifs6jyWvRJ9ET4pDu12Xrt2EQKZGFmuKX | lo: Orca (83.531046) FwewVm8u6tFPGewAyHmWAqad9hmF7mvqxK4mJ7iNqqGC
[2026-04-15 12:22:05] [INFO] [XDEX] SOL/USDC | spread: 0.0147% | fees: 0.0600% | sub-fee | hi: Orca (83.577434) FpCMFDFGYotvufJ7HrFHsWEiiQCGbkLCtwHiDnh7o28Q | lo: Orca (83.565172) Czfq3xZZDmsdGdUyrNLtRhGc47cXcZtLG4crryfu44zE
[2026-04-15 12:22:07] [INFO] [XDEX] SOL/USDT | spread: 0.0049% | fees: 0.0600% | sub-fee | hi: Orca (83.545827) FwewVm8u6tFPGewAyHmWAqad9hmF7mvqxK4mJ7iNqqGC | lo: Orca (83.541731) HcoJqG325TTifs6jyWvRJ9ET4pDu12Xrt2EQKZGFmuKX
[2026-04-15 12:22:08] [INFO] [XDEX] SOL/USDC | spread: 0.0183% | fees: 0.0600% | sub-fee | hi: Orca (83.585421) FpCMFDFGYotvufJ7HrFHsWEiiQCGbkLCtwHiDnh7o28Q | lo: Orca (83.570114) Czfq3xZZDmsdGdUyrNLtRhGc47cXcZtLG4crryfu44zE
[2026-04-15 12:22:10] [INFO] [XDEX] SOL/USDT | spread: 0.0049% | fees: 0.0600% | sub-fee | hi: Orca (83.545827) FwewVm8u6tFPGewAyHmWAqad9hmF7mvqxK4mJ7iNqqGC | lo: Orca (83.541731) HcoJqG325TTifs6jyWvRJ9ET4pDu12Xrt2EQKZGFmuKX
[2026-04-15 12:22:13] [INFO] [XDEX] SOL/USDC | spread: 0.0270% | fees: 0.0700% | sub-fee | hi: Orca (83.585421) FpCMFDFGYotvufJ7HrFHsWEiiQCGbkLCtwHiDnh7o28Q | lo: Orca (83.562898) 7qbRF6YsyGuLUVs6Y1q64bdVrfe4ZcUUz1JRdoVNUJnm
[2026-04-15 12:22:13] [INFO] [XDEX] SOL/USDT | spread: 0.0049% | fees: 0.0600% | sub-fee | hi: Orca (83.545827) FwewVm8u6tFPGewAyHmWAqad9hmF7mvqxK4mJ7iNqqGC | lo: Orca (83.541731) HcoJqG325TTifs6jyWvRJ9ET4pDu12Xrt2EQKZGFmuKX
[2026-04-15 12:22:17] [INFO] [XDEX] SOL/USDC | spread: 0.0310% | fees: 0.0700% | sub-fee | hi: Orca (83.588792) FpCMFDFGYotvufJ7HrFHsWEiiQCGbkLCtwHiDnh7o28Q | lo: Orca (83.562898) 7qbRF6YsyGuLUVs6Y1q64bdVrfe4ZcUUz1JRdoVNUJnm
[2026-04-15 12:22:17] [INFO] [XDEX] SOL/USDT | spread: 0.0070% | fees: 0.0600% | sub-fee | hi: Orca (83.547554) FwewVm8u6tFPGewAyHmWAqad9hmF7mvqxK4mJ7iNqqGC | lo: Orca (83.541731) HcoJqG325TTifs6jyWvRJ9ET4pDu12Xrt2EQKZGFmuKX
[2026-04-15 12:22:21] [INFO] [XDEX] SOL/USDT | spread: 0.0116% | fees: 0.0600% | sub-fee | hi: Orca (83.551401) FwewVm8u6tFPGewAyHmWAqad9hmF7mvqxK4mJ7iNqqGC | lo: Orca (83.541731) HcoJqG325TTifs6jyWvRJ9ET4pDu12Xrt2EQKZGFmuKX
[2026-04-15 12:22:25] [INFO] [XDEX] SOL/USDC | spread: 0.0310% | fees: 0.0700% | sub-fee | hi: Orca (83.588792) FpCMFDFGYotvufJ7HrFHsWEiiQCGbkLCtwHiDnh7o28Q | lo: Orca (83.562898) 7qbRF6YsyGuLUVs6Y1q64bdVrfe4ZcUUz1JRdoVNUJnm
[2026-04-15 12:22:26] [INFO] [XDEX] SOL/USDT | spread: 0.0135% | fees: 0.0600% | sub-fee | hi: Orca (83.552994) FwewVm8u6tFPGewAyHmWAqad9hmF7mvqxK4mJ7iNqqGC | lo: Orca (83.541731) HcoJqG325TTifs6jyWvRJ9ET4pDu12Xrt2EQKZGFmuKX
[2026-04-15 12:22:37] [INFO] [XDEX] SOL/USDC | spread: 0.0310% | fees: 0.0700% | sub-fee | hi: Orca (83.588792) FpCMFDFGYotvufJ7HrFHsWEiiQCGbkLCtwHiDnh7o28Q | lo: Orca (83.562898) 7qbRF6YsyGuLUVs6Y1q64bdVrfe4ZcUUz1JRdoVNUJnm
[2026-04-15 12:22:37] [INFO] [XDEX] SOL/USDT | spread: 0.0135% | fees: 0.0600% | sub-fee | hi: Orca (83.552994) FwewVm8u6tFPGewAyHmWAqad9hmF7mvqxK4mJ7iNqqGC | lo: Orca (83.541731) HcoJqG325TTifs6jyWvRJ9ET4pDu12Xrt2EQKZGFmuKX
[2026-04-15 12:22:46] [INFO] [XDEX] SOL/USDT | spread: 0.0135% | fees: 0.0600% | sub-fee | hi: Orca (83.552994) FwewVm8u6tFPGewAyHmWAqad9hmF7mvqxK4mJ7iNqqGC | lo: Orca (83.541731) HcoJqG325TTifs6jyWvRJ9ET4pDu12Xrt2EQKZGFmuKX
[2026-04-15 12:22:48] [INFO] 💓 alive | slots +279 | detected: 0 | attempted: 1 | sent: 1
[2026-04-15 12:22:49] [INFO] [XDEX] SOL/USDT | spread: 0.0135% | fees: 0.0600% | sub-fee | hi: Orca (83.552994) FwewVm8u6tFPGewAyHmWAqad9hmF7mvqxK4mJ7iNqqGC | lo: Orca (83.541731) HcoJqG325TTifs6jyWvRJ9ET4pDu12Xrt2EQKZGFmuKX
[2026-04-15 12:22:54] [INFO] [XDEX] SOL/USDT | spread: 0.0135% | fees: 0.0600% | sub-fee | hi: Orca (83.552994) FwewVm8u6tFPGewAyHmWAqad9hmF7mvqxK4mJ7iNqqGC | lo: Orca (83.541731) HcoJqG325TTifs6jyWvRJ9ET4pDu12Xrt2EQKZGFmuKX
[2026-04-15 12:22:57] [INFO] [XDEX] SOL/USDT | spread: 0.0105% | fees: 0.0600% | sub-fee | hi: Orca (83.550485) FwewVm8u6tFPGewAyHmWAqad9hmF7mvqxK4mJ7iNqqGC | lo: Orca (83.541731) HcoJqG325TTifs6jyWvRJ9ET4pDu12Xrt2EQKZGFmuKX
[2026-04-15 12:23:06] [INFO] [XDEX] SOL/USDC | spread: 0.0177% | fees: 0.0600% | sub-fee | hi: Orca (83.588792) FpCMFDFGYotvufJ7HrFHsWEiiQCGbkLCtwHiDnh7o28Q | lo: Orca (83.573998) Czfq3xZZDmsdGdUyrNLtRhGc47cXcZtLG4crryfu44zE
[2026-04-15 12:23:17] [INFO] [XDEX] SOL/USDC | spread: 0.0005% | fees: 0.0600% | sub-fee | hi: Orca (83.587923) FpCMFDFGYotvufJ7HrFHsWEiiQCGbkLCtwHiDnh7o28Q | lo: Orca (83.587475) Czfq3xZZDmsdGdUyrNLtRhGc47cXcZtLG4crryfu44zE
[2026-04-15 12:23:33] [INFO] [XDEX] SOL/USDC | spread: 0.0005% | fees: 0.0600% | sub-fee | hi: Orca (83.587923) FpCMFDFGYotvufJ7HrFHsWEiiQCGbkLCtwHiDnh7o28Q | lo: Orca (83.587475) Czfq3xZZDmsdGdUyrNLtRhGc47cXcZtLG4crryfu44zE
[2026-04-15 12:23:39] [INFO] [XDEX] SOL/USDC | spread: 0.0019% | fees: 0.0600% | sub-fee | hi: Orca (83.587475) Czfq3xZZDmsdGdUyrNLtRhGc47cXcZtLG4crryfu44zE | lo: Orca (83.585856) FpCMFDFGYotvufJ7HrFHsWEiiQCGbkLCtwHiDnh7o28Q
[2026-04-15 12:23:43] [INFO] [XDEX] SOL/USDC | spread: 0.0073% | fees: 0.0600% | sub-fee | hi: Orca (83.587475) Czfq3xZZDmsdGdUyrNLtRhGc47cXcZtLG4crryfu44zE | lo: Orca (83.581378) FpCMFDFGYotvufJ7HrFHsWEiiQCGbkLCtwHiDnh7o28Q
[2026-04-15 12:23:52] [INFO] [XDEX] SOL/USDC | spread: 0.0073% | fees: 0.0600% | sub-fee | hi: Orca (83.587470) Czfq3xZZDmsdGdUyrNLtRhGc47cXcZtLG4crryfu44zE | lo: Orca (83.581378) FpCMFDFGYotvufJ7HrFHsWEiiQCGbkLCtwHiDnh7o28Q
[2026-04-15 12:24:02] [INFO] [XDEX] SOL/USDC | spread: 0.0125% | fees: 0.0600% | sub-fee | hi: Orca (83.587469) Czfq3xZZDmsdGdUyrNLtRhGc47cXcZtLG4crryfu44zE | lo: Orca (83.577049) FpCMFDFGYotvufJ7HrFHsWEiiQCGbkLCtwHiDnh7o28Q
[2026-04-15 12:24:11] [INFO] [XDEX] SOL/USDC | spread: 0.0125% | fees: 0.0600% | sub-fee | hi: Orca (83.587469) Czfq3xZZDmsdGdUyrNLtRhGc47cXcZtLG4crryfu44zE | lo: Orca (83.577049) FpCMFDFGYotvufJ7HrFHsWEiiQCGbkLCtwHiDnh7o28Q
[2026-04-15 12:24:15] [INFO] [XDEX] SOL/USDC | spread: 0.0125% | fees: 0.0600% | sub-fee | hi: Orca (83.587469) Czfq3xZZDmsdGdUyrNLtRhGc47cXcZtLG4crryfu44zE | lo: Orca (83.577049) FpCMFDFGYotvufJ7HrFHsWEiiQCGbkLCtwHiDnh7o28Q
[2026-04-15 12:24:39] [INFO] [XDEX] SOL/USDC | spread: 0.0123% | fees: 0.0600% | sub-fee | hi: Orca (83.587353) Czfq3xZZDmsdGdUyrNLtRhGc47cXcZtLG4crryfu44zE | lo: Orca (83.577049) FpCMFDFGYotvufJ7HrFHsWEiiQCGbkLCtwHiDnh7o28Q
[2026-04-15 12:24:43] [INFO] [XDEX] SOL/USDC | spread: 0.0086% | fees: 0.0600% | sub-fee | hi: Orca (83.584224) Czfq3xZZDmsdGdUyrNLtRhGc47cXcZtLG4crryfu44zE | lo: Orca (83.577049) FpCMFDFGYotvufJ7HrFHsWEiiQCGbkLCtwHiDnh7o28Q
[2026-04-15 12:24:47] [INFO] [XDEX] SOL/USDC | spread: 0.0193% | fees: 0.0600% | sub-fee | hi: Orca (83.575045) Czfq3xZZDmsdGdUyrNLtRhGc47cXcZtLG4crryfu44zE | lo: Orca (83.558893) FpCMFDFGYotvufJ7HrFHsWEiiQCGbkLCtwHiDnh7o28Q
[2026-04-15 12:24:48] [INFO] 💓 alive | slots +254 | detected: 0 | attempted: 1 | sent: 1
[2026-04-15 12:24:51] [INFO] [XDEX] SOL/USDC | spread: 0.0231% | fees: 0.0600% | sub-fee | hi: Orca (83.570482) Czfq3xZZDmsdGdUyrNLtRhGc47cXcZtLG4crryfu44zE | lo: Orca (83.551150) FpCMFDFGYotvufJ7HrFHsWEiiQCGbkLCtwHiDnh7o28Q
[2026-04-15 12:24:58] [INFO] [XDEX] SOL/USDC | spread: 0.0231% | fees: 0.0600% | sub-fee | hi: Orca (83.570482) Czfq3xZZDmsdGdUyrNLtRhGc47cXcZtLG4crryfu44zE | lo: Orca (83.551150) FpCMFDFGYotvufJ7HrFHsWEiiQCGbkLCtwHiDnh7o28Q
[2026-04-15 12:25:03] [INFO] [XDEX] SOL/USDC | spread: 0.0231% | fees: 0.0600% | sub-fee | hi: Orca (83.570482) Czfq3xZZDmsdGdUyrNLtRhGc47cXcZtLG4crryfu44zE | lo: Orca (83.551150) FpCMFDFGYotvufJ7HrFHsWEiiQCGbkLCtwHiDnh7o28Q
[2026-04-15 12:25:07] [INFO] [XDEX] SOL/USDC | spread: 0.0136% | fees: 0.0600% | sub-fee | hi: Orca (83.570482) Czfq3xZZDmsdGdUyrNLtRhGc47cXcZtLG4crryfu44zE | lo: Orca (83.559099) FpCMFDFGYotvufJ7HrFHsWEiiQCGbkLCtwHiDnh7o28Q
[2026-04-15 12:25:14] [INFO] [XDEX] SOL/USDC | spread: 0.0011% | fees: 0.0600% | sub-fee | hi: Orca (83.570482) Czfq3xZZDmsdGdUyrNLtRhGc47cXcZtLG4crryfu44zE | lo: Orca (83.569603) FpCMFDFGYotvufJ7HrFHsWEiiQCGbkLCtwHiDnh7o28Q
[2026-04-15 12:25:19] [INFO] [XDEX] SOL/USDC | spread: 0.0019% | fees: 0.0600% | sub-fee | hi: Orca (83.572087) FpCMFDFGYotvufJ7HrFHsWEiiQCGbkLCtwHiDnh7o28Q | lo: Orca (83.570482) Czfq3xZZDmsdGdUyrNLtRhGc47cXcZtLG4crryfu44zE
[2026-04-15 12:25:24] [INFO] [XDEX] SOL/USDC | spread: 0.0019% | fees: 0.0600% | sub-fee | hi: Orca (83.572087) FpCMFDFGYotvufJ7HrFHsWEiiQCGbkLCtwHiDnh7o28Q | lo: Orca (83.570482) Czfq3xZZDmsdGdUyrNLtRhGc47cXcZtLG4crryfu44zE
[2026-04-15 12:25:29] [INFO] [XDEX] SOL/USDC | spread: 0.0152% | fees: 0.0600% | sub-fee | hi: Orca (83.583207) FpCMFDFGYotvufJ7HrFHsWEiiQCGbkLCtwHiDnh7o28Q | lo: Orca (83.570482) Czfq3xZZDmsdGdUyrNLtRhGc47cXcZtLG4crryfu44zE
[2026-04-15 12:25:32] [INFO] [XDEX] SOL/USDC | spread: 0.0156% | fees: 0.0600% | sub-fee | hi: Orca (83.583527) FpCMFDFGYotvufJ7HrFHsWEiiQCGbkLCtwHiDnh7o28Q | lo: Orca (83.570482) Czfq3xZZDmsdGdUyrNLtRhGc47cXcZtLG4crryfu44zE
[2026-04-15 12:25:39] [INFO] [XDEX] SOL/USDC | spread: 0.0156% | fees: 0.0600% | sub-fee | hi: Orca (83.583527) FpCMFDFGYotvufJ7HrFHsWEiiQCGbkLCtwHiDnh7o28Q | lo: Orca (83.570482) Czfq3xZZDmsdGdUyrNLtRhGc47cXcZtLG4crryfu44zE
[2026-04-15 12:25:54] [INFO] [XDEX] SOL/USDC | spread: 0.0156% | fees: 0.0600% | sub-fee | hi: Orca (83.583527) FpCMFDFGYotvufJ7HrFHsWEiiQCGbkLCtwHiDnh7o28Q | lo: Orca (83.570482) Czfq3xZZDmsdGdUyrNLtRhGc47cXcZtLG4crryfu44zE
[2026-04-15 12:25:58] [INFO] [XDEX] SOL/USDC | spread: 0.0155% | fees: 0.0600% | sub-fee | hi: Orca (83.583406) FpCMFDFGYotvufJ7HrFHsWEiiQCGbkLCtwHiDnh7o28Q | lo: Orca (83.570482) Czfq3xZZDmsdGdUyrNLtRhGc47cXcZtLG4crryfu44zE
[2026-04-15 12:26:04] [INFO] [XDEX] SOL/USDC | spread: 0.0011% | fees: 0.0600% | sub-fee | hi: Orca (83.571422) FpCMFDFGYotvufJ7HrFHsWEiiQCGbkLCtwHiDnh7o28Q | lo: Orca (83.570482) Czfq3xZZDmsdGdUyrNLtRhGc47cXcZtLG4crryfu44zE
[2026-04-15 12:26:07] [INFO] [XDEX] SOL/USDC | spread: 0.0011% | fees: 0.0600% | sub-fee | hi: Orca (83.571422) FpCMFDFGYotvufJ7HrFHsWEiiQCGbkLCtwHiDnh7o28Q | lo: Orca (83.570482) Czfq3xZZDmsdGdUyrNLtRhGc47cXcZtLG4crryfu44zE
[2026-04-15 12:26:11] [INFO] [XDEX] SOL/USDC | spread: 0.0011% | fees: 0.0600% | sub-fee | hi: Orca (83.571422) FpCMFDFGYotvufJ7HrFHsWEiiQCGbkLCtwHiDnh7o28Q | lo: Orca (83.570482) Czfq3xZZDmsdGdUyrNLtRhGc47cXcZtLG4crryfu44zE
[2026-04-15 12:26:15] [INFO] [XDEX] SOL/USDC | spread: 0.0099% | fees: 0.0600% | sub-fee | hi: Orca (83.570482) Czfq3xZZDmsdGdUyrNLtRhGc47cXcZtLG4crryfu44zE | lo: Orca (83.562181) FpCMFDFGYotvufJ7HrFHsWEiiQCGbkLCtwHiDnh7o28Q
[2026-04-15 12:26:20] [INFO] [XDEX] SOL/USDC | spread: 0.0099% | fees: 0.0600% | sub-fee | hi: Orca (83.570482) Czfq3xZZDmsdGdUyrNLtRhGc47cXcZtLG4crryfu44zE | lo: Orca (83.562181) FpCMFDFGYotvufJ7HrFHsWEiiQCGbkLCtwHiDnh7o28Q
[2026-04-15 12:26:26] [INFO] [XDEX] SOL/USDC | spread: 0.0099% | fees: 0.0600% | sub-fee | hi: Orca (83.570482) Czfq3xZZDmsdGdUyrNLtRhGc47cXcZtLG4crryfu44zE | lo: Orca (83.562213) FpCMFDFGYotvufJ7HrFHsWEiiQCGbkLCtwHiDnh7o28Q
[2026-04-15 12:26:29] [INFO] [XDEX] SOL/USDC | spread: 0.0099% | fees: 0.0600% | sub-fee | hi: Orca (83.570482) Czfq3xZZDmsdGdUyrNLtRhGc47cXcZtLG4crryfu44zE | lo: Orca (83.562213) FpCMFDFGYotvufJ7HrFHsWEiiQCGbkLCtwHiDnh7o28Q
[2026-04-15 12:26:32] [INFO] [XDEX] SOL/USDC | spread: 0.0100% | fees: 0.0600% | sub-fee | hi: Orca (83.570545) Czfq3xZZDmsdGdUyrNLtRhGc47cXcZtLG4crryfu44zE | lo: Orca (83.562213) FpCMFDFGYotvufJ7HrFHsWEiiQCGbkLCtwHiDnh7o28Q
[2026-04-15 12:26:37] [INFO] [XDEX] SOL/USDC | spread: 0.0202% | fees: 0.0600% | sub-fee | hi: Orca (83.570545) Czfq3xZZDmsdGdUyrNLtRhGc47cXcZtLG4crryfu44zE | lo: Orca (83.553640) FpCMFDFGYotvufJ7HrFHsWEiiQCGbkLCtwHiDnh7o28Q
[2026-04-15 12:26:42] [INFO] [XDEX] SOL/USDC | spread: 0.0202% | fees: 0.0600% | sub-fee | hi: Orca (83.570545) Czfq3xZZDmsdGdUyrNLtRhGc47cXcZtLG4crryfu44zE | lo: Orca (83.553640) FpCMFDFGYotvufJ7HrFHsWEiiQCGbkLCtwHiDnh7o28Q
[2026-04-15 12:26:48] [INFO] 💓 alive | slots +225 | detected: 0 | attempted: 1 | sent: 1
[2026-04-15 12:26:49] [INFO] [XDEX] SOL/USDC | spread: 0.0355% | fees: 0.0600% | sub-fee | hi: Orca (83.570545) Czfq3xZZDmsdGdUyrNLtRhGc47cXcZtLG4crryfu44zE | lo: Orca (83.540914) FpCMFDFGYotvufJ7HrFHsWEiiQCGbkLCtwHiDnh7o28Q
[2026-04-15 12:26:52] [INFO] [XDEX] SOL/USDC | spread: 0.0169% | fees: 0.0600% | sub-fee | hi: Orca (83.540914) FpCMFDFGYotvufJ7HrFHsWEiiQCGbkLCtwHiDnh7o28Q | lo: Orca (83.526789) Czfq3xZZDmsdGdUyrNLtRhGc47cXcZtLG4crryfu44zE
[2026-04-15 12:26:56] [INFO] [XDEX] SOL/USDC | spread: 0.0530% | fees: 0.0700% | sub-fee | hi: Orca (83.553173) 7qbRF6YsyGuLUVs6Y1q64bdVrfe4ZcUUz1JRdoVNUJnm | lo: Orca (83.508928) FpCMFDFGYotvufJ7HrFHsWEiiQCGbkLCtwHiDnh7o28Q
[2026-04-15 12:26:56] [INFO] [XDEX] SOL/USDT | spread: 0.0244% | fees: 0.0600% | sub-fee | hi: Orca (83.497172) HcoJqG325TTifs6jyWvRJ9ET4pDu12Xrt2EQKZGFmuKX | lo: Orca (83.476794) FwewVm8u6tFPGewAyHmWAqad9hmF7mvqxK4mJ7iNqqGC
[2026-04-15 12:27:07] [INFO] [XDEX] SOL/USDC | spread: 0.0533% | fees: 0.0700% | sub-fee | hi: Orca (83.553173) 7qbRF6YsyGuLUVs6Y1q64bdVrfe4ZcUUz1JRdoVNUJnm | lo: Orca (83.508628) FpCMFDFGYotvufJ7HrFHsWEiiQCGbkLCtwHiDnh7o28Q
[2026-04-15 12:27:07] [INFO] [XDEX] SOL/USDT | spread: 0.0282% | fees: 0.0600% | sub-fee | hi: Orca (83.497172) HcoJqG325TTifs6jyWvRJ9ET4pDu12Xrt2EQKZGFmuKX | lo: Orca (83.473649) FwewVm8u6tFPGewAyHmWAqad9hmF7mvqxK4mJ7iNqqGC
[2026-04-15 12:27:11] [INFO] [XDEX] SOL/USDC | spread: 0.0623% | fees: 0.0700% | sub-fee | hi: Orca (83.553173) 7qbRF6YsyGuLUVs6Y1q64bdVrfe4ZcUUz1JRdoVNUJnm | lo: Orca (83.501142) FpCMFDFGYotvufJ7HrFHsWEiiQCGbkLCtwHiDnh7o28Q
[2026-04-15 12:27:12] [INFO] [XDEX] SOL/USDT | spread: 0.0282% | fees: 0.0600% | sub-fee | hi: Orca (83.497172) HcoJqG325TTifs6jyWvRJ9ET4pDu12Xrt2EQKZGFmuKX | lo: Orca (83.473649) FwewVm8u6tFPGewAyHmWAqad9hmF7mvqxK4mJ7iNqqGC
[2026-04-15 12:27:16] [INFO] [XDEX] SOL/USDC | spread: 0.0343% | fees: 0.0700% | sub-fee | hi: Orca (83.529805) 7qbRF6YsyGuLUVs6Y1q64bdVrfe4ZcUUz1JRdoVNUJnm | lo: Orca (83.501142) FpCMFDFGYotvufJ7HrFHsWEiiQCGbkLCtwHiDnh7o28Q
[2026-04-15 12:27:17] [INFO] [XDEX] SOL/USDT | spread: 0.0282% | fees: 0.0600% | sub-fee | hi: Orca (83.497172) HcoJqG325TTifs6jyWvRJ9ET4pDu12Xrt2EQKZGFmuKX | lo: Orca (83.473649) FwewVm8u6tFPGewAyHmWAqad9hmF7mvqxK4mJ7iNqqGC
[2026-04-15 12:27:21] [INFO] [XDEX] SOL/USDT | spread: 0.0282% | fees: 0.0600% | sub-fee | hi: Orca (83.497172) HcoJqG325TTifs6jyWvRJ9ET4pDu12Xrt2EQKZGFmuKX | lo: Orca (83.473649) FwewVm8u6tFPGewAyHmWAqad9hmF7mvqxK4mJ7iNqqGC
[2026-04-15 12:27:22] [INFO] [XDEX] SOL/USDC | spread: 0.0341% | fees: 0.0700% | sub-fee | hi: Orca (83.529805) 7qbRF6YsyGuLUVs6Y1q64bdVrfe4ZcUUz1JRdoVNUJnm | lo: Orca (83.501308) FpCMFDFGYotvufJ7HrFHsWEiiQCGbkLCtwHiDnh7o28Q
[2026-04-15 12:27:25] [INFO] [XDEX] SOL/USDC | spread: 0.0341% | fees: 0.0700% | sub-fee | hi: Orca (83.529805) 7qbRF6YsyGuLUVs6Y1q64bdVrfe4ZcUUz1JRdoVNUJnm | lo: Orca (83.501308) FpCMFDFGYotvufJ7HrFHsWEiiQCGbkLCtwHiDnh7o28Q
[2026-04-15 12:27:27] [INFO] [XDEX] SOL/USDT | spread: 0.0282% | fees: 0.0600% | sub-fee | hi: Orca (83.497172) HcoJqG325TTifs6jyWvRJ9ET4pDu12Xrt2EQKZGFmuKX | lo: Orca (83.473649) FwewVm8u6tFPGewAyHmWAqad9hmF7mvqxK4mJ7iNqqGC
[2026-04-15 12:27:29] [INFO] [XDEX] SOL/USDC | spread: 0.0341% | fees: 0.0700% | sub-fee | hi: Orca (83.529805) 7qbRF6YsyGuLUVs6Y1q64bdVrfe4ZcUUz1JRdoVNUJnm | lo: Orca (83.501308) FpCMFDFGYotvufJ7HrFHsWEiiQCGbkLCtwHiDnh7o28Q
[2026-04-15 12:27:31] [INFO] [XDEX] SOL/USDT | spread: 0.0282% | fees: 0.0600% | sub-fee | hi: Orca (83.497172) HcoJqG325TTifs6jyWvRJ9ET4pDu12Xrt2EQKZGFmuKX | lo: Orca (83.473649) FwewVm8u6tFPGewAyHmWAqad9hmF7mvqxK4mJ7iNqqGC
[2026-04-15 12:27:35] [INFO] [XDEX] SOL/USDT | spread: 0.0282% | fees: 0.0600% | sub-fee | hi: Orca (83.497172) HcoJqG325TTifs6jyWvRJ9ET4pDu12Xrt2EQKZGFmuKX | lo: Orca (83.473649) FwewVm8u6tFPGewAyHmWAqad9hmF7mvqxK4mJ7iNqqGC
[2026-04-15 12:27:35] [INFO] [XDEX] SOL/USDC | spread: 0.0341% | fees: 0.0700% | sub-fee | hi: Orca (83.529805) 7qbRF6YsyGuLUVs6Y1q64bdVrfe4ZcUUz1JRdoVNUJnm | lo: Orca (83.501308) FpCMFDFGYotvufJ7HrFHsWEiiQCGbkLCtwHiDnh7o28Q
[2026-04-15 12:27:38] [INFO] [XDEX] SOL/USDT | spread: 0.0282% | fees: 0.0600% | sub-fee | hi: Orca (83.497172) HcoJqG325TTifs6jyWvRJ9ET4pDu12Xrt2EQKZGFmuKX | lo: Orca (83.473649) FwewVm8u6tFPGewAyHmWAqad9hmF7mvqxK4mJ7iNqqGC
[2026-04-15 12:27:40] [INFO] [XDEX] SOL/USDC | spread: 0.0250% | fees: 0.0700% | sub-fee | hi: Orca (83.529805) 7qbRF6YsyGuLUVs6Y1q64bdVrfe4ZcUUz1JRdoVNUJnm | lo: Orca (83.508947) FpCMFDFGYotvufJ7HrFHsWEiiQCGbkLCtwHiDnh7o28Q
[2026-04-15 12:27:43] [INFO] [XDEX] SOL/USDT | spread: 0.0282% | fees: 0.0600% | sub-fee | hi: Orca (83.497172) HcoJqG325TTifs6jyWvRJ9ET4pDu12Xrt2EQKZGFmuKX | lo: Orca (83.473649) FwewVm8u6tFPGewAyHmWAqad9hmF7mvqxK4mJ7iNqqGC
[2026-04-15 12:27:44] [INFO] [XDEX] SOL/USDC | spread: 0.0289% | fees: 0.0700% | sub-fee | hi: Orca (83.529805) 7qbRF6YsyGuLUVs6Y1q64bdVrfe4ZcUUz1JRdoVNUJnm | lo: Orca (83.505659) FpCMFDFGYotvufJ7HrFHsWEiiQCGbkLCtwHiDnh7o28Q
[2026-04-15 12:27:47] [INFO] [XDEX] SOL/USDC | spread: 0.0289% | fees: 0.0700% | sub-fee | hi: Orca (83.529805) 7qbRF6YsyGuLUVs6Y1q64bdVrfe4ZcUUz1JRdoVNUJnm | lo: Orca (83.505659) FpCMFDFGYotvufJ7HrFHsWEiiQCGbkLCtwHiDnh7o28Q
[2026-04-15 12:27:50] [INFO] [XDEX] SOL/USDC | spread: 0.0289% | fees: 0.0700% | sub-fee | hi: Orca (83.529805) 7qbRF6YsyGuLUVs6Y1q64bdVrfe4ZcUUz1JRdoVNUJnm | lo: Orca (83.505659) FpCMFDFGYotvufJ7HrFHsWEiiQCGbkLCtwHiDnh7o28Q
[2026-04-15 12:27:52] [INFO] [XDEX] SOL/USDT | spread: 0.0285% | fees: 0.0600% | sub-fee | hi: Orca (83.497172) HcoJqG325TTifs6jyWvRJ9ET4pDu12Xrt2EQKZGFmuKX | lo: Orca (83.473360) FwewVm8u6tFPGewAyHmWAqad9hmF7mvqxK4mJ7iNqqGC
[2026-04-15 12:27:53] [INFO] [XDEX] SOL/USDC | spread: 0.0289% | fees: 0.0700% | sub-fee | hi: Orca (83.529805) 7qbRF6YsyGuLUVs6Y1q64bdVrfe4ZcUUz1JRdoVNUJnm | lo: Orca (83.505659) FpCMFDFGYotvufJ7HrFHsWEiiQCGbkLCtwHiDnh7o28Q
[2026-04-15 12:27:56] [INFO] [XDEX] SOL/USDT | spread: 0.0285% | fees: 0.0600% | sub-fee | hi: Orca (83.497172) HcoJqG325TTifs6jyWvRJ9ET4pDu12Xrt2EQKZGFmuKX | lo: Orca (83.473360) FwewVm8u6tFPGewAyHmWAqad9hmF7mvqxK4mJ7iNqqGC
[2026-04-15 12:27:59] [INFO] [XDEX] SOL/USDC | spread: 0.0383% | fees: 0.0700% | sub-fee | hi: Orca (83.529805) 7qbRF6YsyGuLUVs6Y1q64bdVrfe4ZcUUz1JRdoVNUJnm | lo: Orca (83.497836) FpCMFDFGYotvufJ7HrFHsWEiiQCGbkLCtwHiDnh7o28Q
[2026-04-15 12:28:00] [INFO] [XDEX] SOL/USDT | spread: 0.0285% | fees: 0.0600% | sub-fee | hi: Orca (83.497172) HcoJqG325TTifs6jyWvRJ9ET4pDu12Xrt2EQKZGFmuKX | lo: Orca (83.473360) FwewVm8u6tFPGewAyHmWAqad9hmF7mvqxK4mJ7iNqqGC
[2026-04-15 12:28:02] [INFO] [XDEX] SOL/USDC | spread: 0.0383% | fees: 0.0700% | sub-fee | hi: Orca (83.529805) 7qbRF6YsyGuLUVs6Y1q64bdVrfe4ZcUUz1JRdoVNUJnm | lo: Orca (83.497836) FpCMFDFGYotvufJ7HrFHsWEiiQCGbkLCtwHiDnh7o28Q
[2026-04-15 12:28:06] [INFO] [XDEX] SOL/USDC | spread: 0.0383% | fees: 0.0700% | sub-fee | hi: Orca (83.529805) 7qbRF6YsyGuLUVs6Y1q64bdVrfe4ZcUUz1JRdoVNUJnm | lo: Orca (83.497836) FpCMFDFGYotvufJ7HrFHsWEiiQCGbkLCtwHiDnh7o28Q
[2026-04-15 12:28:08] [INFO] [XDEX] SOL/USDT | spread: 0.0405% | fees: 0.0600% | sub-fee | hi: Orca (83.497172) HcoJqG325TTifs6jyWvRJ9ET4pDu12Xrt2EQKZGFmuKX | lo: Orca (83.463349) FwewVm8u6tFPGewAyHmWAqad9hmF7mvqxK4mJ7iNqqGC
[2026-04-15 12:28:12] [INFO] [XDEX] SOL/USDT | spread: 0.0405% | fees: 0.0600% | sub-fee | hi: Orca (83.497172) HcoJqG325TTifs6jyWvRJ9ET4pDu12Xrt2EQKZGFmuKX | lo: Orca (83.463349) FwewVm8u6tFPGewAyHmWAqad9hmF7mvqxK4mJ7iNqqGC
[2026-04-15 12:28:12] [INFO] [XDEX] SOL/USDC | spread: 0.0329% | fees: 0.0700% | sub-fee | hi: Orca (83.525272) 7qbRF6YsyGuLUVs6Y1q64bdVrfe4ZcUUz1JRdoVNUJnm | lo: Orca (83.497836) FpCMFDFGYotvufJ7HrFHsWEiiQCGbkLCtwHiDnh7o28Q
[2026-04-15 12:28:15] [INFO] [XDEX] SOL/USDC | spread: 0.0329% | fees: 0.0700% | sub-fee | hi: Orca (83.525272) 7qbRF6YsyGuLUVs6Y1q64bdVrfe4ZcUUz1JRdoVNUJnm | lo: Orca (83.497836) FpCMFDFGYotvufJ7HrFHsWEiiQCGbkLCtwHiDnh7o28Q
[2026-04-15 12:28:16] [INFO] [XDEX] SOL/USDT | spread: 0.0059% | fees: 0.0600% | sub-fee | hi: Orca (83.468265) HcoJqG325TTifs6jyWvRJ9ET4pDu12Xrt2EQKZGFmuKX | lo: Orca (83.463349) FwewVm8u6tFPGewAyHmWAqad9hmF7mvqxK4mJ7iNqqGC
[2026-04-15 12:28:19] [INFO] [XDEX] SOL/USDC | spread: 0.0329% | fees: 0.0700% | sub-fee | hi: Orca (83.525272) 7qbRF6YsyGuLUVs6Y1q64bdVrfe4ZcUUz1JRdoVNUJnm | lo: Orca (83.497836) FpCMFDFGYotvufJ7HrFHsWEiiQCGbkLCtwHiDnh7o28Q
[2026-04-15 12:28:23] [INFO] [XDEX] SOL/USDT | spread: 0.0212% | fees: 0.0600% | sub-fee | hi: Orca (83.463349) FwewVm8u6tFPGewAyHmWAqad9hmF7mvqxK4mJ7iNqqGC | lo: Orca (83.445640) HcoJqG325TTifs6jyWvRJ9ET4pDu12Xrt2EQKZGFmuKX
[2026-04-15 12:28:23] [INFO] [XDEX] SOL/USDC | spread: 0.0329% | fees: 0.0700% | sub-fee | hi: Orca (83.525272) 7qbRF6YsyGuLUVs6Y1q64bdVrfe4ZcUUz1JRdoVNUJnm | lo: Orca (83.497836) FpCMFDFGYotvufJ7HrFHsWEiiQCGbkLCtwHiDnh7o28Q
[2026-04-15 12:28:34] [INFO] [XDEX] SOL/USDC | spread: 0.0329% | fees: 0.0700% | sub-fee | hi: Orca (83.525272) 7qbRF6YsyGuLUVs6Y1q64bdVrfe4ZcUUz1JRdoVNUJnm | lo: Orca (83.497836) FpCMFDFGYotvufJ7HrFHsWEiiQCGbkLCtwHiDnh7o28Q
[2026-04-15 12:28:35] [INFO] [XDEX] SOL/USDT | spread: 0.0212% | fees: 0.0600% | sub-fee | hi: Orca (83.463349) FwewVm8u6tFPGewAyHmWAqad9hmF7mvqxK4mJ7iNqqGC | lo: Orca (83.445640) HcoJqG325TTifs6jyWvRJ9ET4pDu12Xrt2EQKZGFmuKX
[2026-04-15 12:28:40] [INFO] [XDEX] SOL/USDC | spread: 0.0329% | fees: 0.0700% | sub-fee | hi: Orca (83.525272) 7qbRF6YsyGuLUVs6Y1q64bdVrfe4ZcUUz1JRdoVNUJnm | lo: Orca (83.497836) FpCMFDFGYotvufJ7HrFHsWEiiQCGbkLCtwHiDnh7o28Q
[2026-04-15 12:28:42] [INFO] [XDEX] SOL/USDT | spread: 0.0212% | fees: 0.0600% | sub-fee | hi: Orca (83.463349) FwewVm8u6tFPGewAyHmWAqad9hmF7mvqxK4mJ7iNqqGC | lo: Orca (83.445640) HcoJqG325TTifs6jyWvRJ9ET4pDu12Xrt2EQKZGFmuKX
[2026-04-15 12:28:48] [INFO] 💓 alive | slots +252 | detected: 0 | attempted: 1 | sent: 1
[2026-04-15 12:28:51] [INFO] [XDEX] SOL/USDT | spread: 0.0212% | fees: 0.0600% | sub-fee | hi: Orca (83.463349) FwewVm8u6tFPGewAyHmWAqad9hmF7mvqxK4mJ7iNqqGC | lo: Orca (83.445640) HcoJqG325TTifs6jyWvRJ9ET4pDu12Xrt2EQKZGFmuKX
[2026-04-15 12:28:56] [INFO] [XDEX] SOL/USDT | spread: 0.0212% | fees: 0.0600% | sub-fee | hi: Orca (83.463349) FwewVm8u6tFPGewAyHmWAqad9hmF7mvqxK4mJ7iNqqGC | lo: Orca (83.445640) HcoJqG325TTifs6jyWvRJ9ET4pDu12Xrt2EQKZGFmuKX
[2026-04-15 12:28:57] [INFO] [XDEX] SOL/USDC | spread: 0.0329% | fees: 0.0700% | sub-fee | hi: Orca (83.525272) 7qbRF6YsyGuLUVs6Y1q64bdVrfe4ZcUUz1JRdoVNUJnm | lo: Orca (83.497836) FpCMFDFGYotvufJ7HrFHsWEiiQCGbkLCtwHiDnh7o28Q
[2026-04-15 12:29:01] [INFO] [XDEX] SOL/USDT | spread: 0.0212% | fees: 0.0600% | sub-fee | hi: Orca (83.463349) FwewVm8u6tFPGewAyHmWAqad9hmF7mvqxK4mJ7iNqqGC | lo: Orca (83.445640) HcoJqG325TTifs6jyWvRJ9ET4pDu12Xrt2EQKZGFmuKX
[2026-04-15 12:29:02] [INFO] [XDEX] SOL/USDC | spread: 0.0329% | fees: 0.0700% | sub-fee | hi: Orca (83.525272) 7qbRF6YsyGuLUVs6Y1q64bdVrfe4ZcUUz1JRdoVNUJnm | lo: Orca (83.497836) FpCMFDFGYotvufJ7HrFHsWEiiQCGbkLCtwHiDnh7o28Q
[2026-04-15 12:29:05] [INFO] [XDEX] SOL/USDT | spread: 0.0212% | fees: 0.0600% | sub-fee | hi: Orca (83.463349) FwewVm8u6tFPGewAyHmWAqad9hmF7mvqxK4mJ7iNqqGC | lo: Orca (83.445640) HcoJqG325TTifs6jyWvRJ9ET4pDu12Xrt2EQKZGFmuKX
[2026-04-15 12:29:09] [INFO] [XDEX] SOL/USDC | spread: 0.0403% | fees: 0.0700% | sub-fee | hi: Orca (83.525272) 7qbRF6YsyGuLUVs6Y1q64bdVrfe4ZcUUz1JRdoVNUJnm | lo: Orca (83.491612) FpCMFDFGYotvufJ7HrFHsWEiiQCGbkLCtwHiDnh7o28Q
[2026-04-15 12:29:10] [INFO] [XDEX] SOL/USDT | spread: 0.0212% | fees: 0.0600% | sub-fee | hi: Orca (83.463349) FwewVm8u6tFPGewAyHmWAqad9hmF7mvqxK4mJ7iNqqGC | lo: Orca (83.445640) HcoJqG325TTifs6jyWvRJ9ET4pDu12Xrt2EQKZGFmuKX
[2026-04-15 12:29:12] [INFO] [XDEX] SOL/USDC | spread: 0.0340% | fees: 0.0700% | sub-fee | hi: Orca (83.519961) 7qbRF6YsyGuLUVs6Y1q64bdVrfe4ZcUUz1JRdoVNUJnm | lo: Orca (83.491612) FpCMFDFGYotvufJ7HrFHsWEiiQCGbkLCtwHiDnh7o28Q
[2026-04-15 12:29:14] [INFO] [XDEX] SOL/USDT | spread: 0.0212% | fees: 0.0600% | sub-fee | hi: Orca (83.463349) FwewVm8u6tFPGewAyHmWAqad9hmF7mvqxK4mJ7iNqqGC | lo: Orca (83.445640) HcoJqG325TTifs6jyWvRJ9ET4pDu12Xrt2EQKZGFmuKX
[2026-04-15 12:29:16] [INFO] [XDEX] SOL/USDC | spread: 0.0340% | fees: 0.0700% | sub-fee | hi: Orca (83.519961) 7qbRF6YsyGuLUVs6Y1q64bdVrfe4ZcUUz1JRdoVNUJnm | lo: Orca (83.491612) FpCMFDFGYotvufJ7HrFHsWEiiQCGbkLCtwHiDnh7o28Q
[2026-04-15 12:29:18] [INFO] [XDEX] SOL/USDT | spread: 0.0212% | fees: 0.0600% | sub-fee | hi: Orca (83.463349) FwewVm8u6tFPGewAyHmWAqad9hmF7mvqxK4mJ7iNqqGC | lo: Orca (83.445640) HcoJqG325TTifs6jyWvRJ9ET4pDu12Xrt2EQKZGFmuKX
[2026-04-15 12:29:19] [INFO] [XDEX] SOL/USDC | spread: 0.0340% | fees: 0.0700% | sub-fee | hi: Orca (83.519961) 7qbRF6YsyGuLUVs6Y1q64bdVrfe4ZcUUz1JRdoVNUJnm | lo: Orca (83.491612) FpCMFDFGYotvufJ7HrFHsWEiiQCGbkLCtwHiDnh7o28Q
[2026-04-15 12:29:21] [INFO] [XDEX] SOL/USDT | spread: 0.0212% | fees: 0.0600% | sub-fee | hi: Orca (83.463349) FwewVm8u6tFPGewAyHmWAqad9hmF7mvqxK4mJ7iNqqGC | lo: Orca (83.445640) HcoJqG325TTifs6jyWvRJ9ET4pDu12Xrt2EQKZGFmuKX
[2026-04-15 12:29:22] [INFO] [XDEX] SOL/USDC | spread: 0.0340% | fees: 0.0700% | sub-fee | hi: Orca (83.519961) 7qbRF6YsyGuLUVs6Y1q64bdVrfe4ZcUUz1JRdoVNUJnm | lo: Orca (83.491612) FpCMFDFGYotvufJ7HrFHsWEiiQCGbkLCtwHiDnh7o28Q
[2026-04-15 12:29:25] [INFO] [XDEX] SOL/USDT | spread: 0.0212% | fees: 0.0600% | sub-fee | hi: Orca (83.463349) FwewVm8u6tFPGewAyHmWAqad9hmF7mvqxK4mJ7iNqqGC | lo: Orca (83.445640) HcoJqG325TTifs6jyWvRJ9ET4pDu12Xrt2EQKZGFmuKX
[2026-04-15 12:29:29] [INFO] [XDEX] SOL/USDT | spread: 0.0212% | fees: 0.0600% | sub-fee | hi: Orca (83.463349) FwewVm8u6tFPGewAyHmWAqad9hmF7mvqxK4mJ7iNqqGC | lo: Orca (83.445640) HcoJqG325TTifs6jyWvRJ9ET4pDu12Xrt2EQKZGFmuKX
[2026-04-15 12:29:32] [INFO] [XDEX] SOL/USDC | spread: 0.0340% | fees: 0.0700% | sub-fee | hi: Orca (83.519961) 7qbRF6YsyGuLUVs6Y1q64bdVrfe4ZcUUz1JRdoVNUJnm | lo: Orca (83.491612) FpCMFDFGYotvufJ7HrFHsWEiiQCGbkLCtwHiDnh7o28Q
[2026-04-15 12:29:34] [INFO] [XDEX] SOL/USDT | spread: 0.0212% | fees: 0.0600% | sub-fee | hi: Orca (83.463349) FwewVm8u6tFPGewAyHmWAqad9hmF7mvqxK4mJ7iNqqGC | lo: Orca (83.445640) HcoJqG325TTifs6jyWvRJ9ET4pDu12Xrt2EQKZGFmuKX
[2026-04-15 12:29:36] [INFO] [XDEX] SOL/USDC | spread: 0.0336% | fees: 0.0700% | sub-fee | hi: Orca (83.519961) 7qbRF6YsyGuLUVs6Y1q64bdVrfe4ZcUUz1JRdoVNUJnm | lo: Orca (83.491906) FpCMFDFGYotvufJ7HrFHsWEiiQCGbkLCtwHiDnh7o28Q
[2026-04-15 12:29:37] [INFO] [XDEX] SOL/USDT | spread: 0.0212% | fees: 0.0600% | sub-fee | hi: Orca (83.463349) FwewVm8u6tFPGewAyHmWAqad9hmF7mvqxK4mJ7iNqqGC | lo: Orca (83.445640) HcoJqG325TTifs6jyWvRJ9ET4pDu12Xrt2EQKZGFmuKX
[2026-04-15 12:29:39] [INFO] [XDEX] SOL/USDC | spread: 0.0210% | fees: 0.0700% | sub-fee | hi: Orca (83.519961) 7qbRF6YsyGuLUVs6Y1q64bdVrfe4ZcUUz1JRdoVNUJnm | lo: Orca (83.502443) FpCMFDFGYotvufJ7HrFHsWEiiQCGbkLCtwHiDnh7o28Q
[2026-04-15 12:29:44] [INFO] [XDEX] SOL/USDT | spread: 0.0212% | fees: 0.0600% | sub-fee | hi: Orca (83.463349) FwewVm8u6tFPGewAyHmWAqad9hmF7mvqxK4mJ7iNqqGC | lo: Orca (83.445640) HcoJqG325TTifs6jyWvRJ9ET4pDu12Xrt2EQKZGFmuKX
[2026-04-15 12:29:47] [INFO] [XDEX] SOL/USDC | spread: 0.0210% | fees: 0.0700% | sub-fee | hi: Orca (83.519961) 7qbRF6YsyGuLUVs6Y1q64bdVrfe4ZcUUz1JRdoVNUJnm | lo: Orca (83.502443) FpCMFDFGYotvufJ7HrFHsWEiiQCGbkLCtwHiDnh7o28Q
[2026-04-15 12:29:47] [INFO] [XDEX] SOL/USDT | spread: 0.0236% | fees: 0.0600% | sub-fee | hi: Orca (83.465340) FwewVm8u6tFPGewAyHmWAqad9hmF7mvqxK4mJ7iNqqGC | lo: Orca (83.445640) HcoJqG325TTifs6jyWvRJ9ET4pDu12Xrt2EQKZGFmuKX
[2026-04-15 12:29:56] [INFO] [XDEX] SOL/USDC | spread: 0.0210% | fees: 0.0700% | sub-fee | hi: Orca (83.519961) 7qbRF6YsyGuLUVs6Y1q64bdVrfe4ZcUUz1JRdoVNUJnm | lo: Orca (83.502443) FpCMFDFGYotvufJ7HrFHsWEiiQCGbkLCtwHiDnh7o28Q
[2026-04-15 12:29:57] [INFO] [XDEX] SOL/USDT | spread: 0.0236% | fees: 0.0600% | sub-fee | hi: Orca (83.465340) FwewVm8u6tFPGewAyHmWAqad9hmF7mvqxK4mJ7iNqqGC | lo: Orca (83.445640) HcoJqG325TTifs6jyWvRJ9ET4pDu12Xrt2EQKZGFmuKX
[2026-04-15 12:29:59] [INFO] [XDEX] SOL/USDC | spread: 0.0089% | fees: 0.0600% | sub-fee | hi: Orca (83.514377) FpCMFDFGYotvufJ7HrFHsWEiiQCGbkLCtwHiDnh7o28Q | lo: Orca (83.506947) Czfq3xZZDmsdGdUyrNLtRhGc47cXcZtLG4crryfu44zE
[2026-04-15 12:30:03] [INFO] [XDEX] SOL/USDC | spread: 0.0089% | fees: 0.0600% | sub-fee | hi: Orca (83.514377) FpCMFDFGYotvufJ7HrFHsWEiiQCGbkLCtwHiDnh7o28Q | lo: Orca (83.506977) Czfq3xZZDmsdGdUyrNLtRhGc47cXcZtLG4crryfu44zE
[2026-04-15 12:30:03] [INFO] [XDEX] SOL/USDT | spread: 0.0347% | fees: 0.0600% | sub-fee | hi: Orca (83.474558) FwewVm8u6tFPGewAyHmWAqad9hmF7mvqxK4mJ7iNqqGC | lo: Orca (83.445640) HcoJqG325TTifs6jyWvRJ9ET4pDu12Xrt2EQKZGFmuKX
[2026-04-15 12:30:07] [INFO] [XDEX] SOL/USDT | spread: 0.0469% | fees: 0.0600% | sub-fee | hi: Orca (83.484750) FwewVm8u6tFPGewAyHmWAqad9hmF7mvqxK4mJ7iNqqGC | lo: Orca (83.445640) HcoJqG325TTifs6jyWvRJ9ET4pDu12Xrt2EQKZGFmuKX
[2026-04-15 12:30:07] [INFO] [XDEX] SOL/USDC | spread: 0.0160% | fees: 0.0600% | sub-fee | hi: Orca (83.523493) FpCMFDFGYotvufJ7HrFHsWEiiQCGbkLCtwHiDnh7o28Q | lo: Orca (83.510145) Czfq3xZZDmsdGdUyrNLtRhGc47cXcZtLG4crryfu44zE
[2026-04-15 12:30:10] [INFO] [XDEX] SOL/USDT | spread: 0.0553% | fees: 0.0600% | sub-fee | hi: Orca (83.491791) FwewVm8u6tFPGewAyHmWAqad9hmF7mvqxK4mJ7iNqqGC | lo: Orca (83.445640) HcoJqG325TTifs6jyWvRJ9ET4pDu12Xrt2EQKZGFmuKX
[2026-04-15 12:30:10] [INFO] [XDEX] SOL/USDC | spread: 0.0164% | fees: 0.0600% | sub-fee | hi: Orca (83.529289) FpCMFDFGYotvufJ7HrFHsWEiiQCGbkLCtwHiDnh7o28Q | lo: Orca (83.515569) Czfq3xZZDmsdGdUyrNLtRhGc47cXcZtLG4crryfu44zE
[2026-04-15 12:30:17] [INFO] [XDEX] SOL/USDT | spread: 0.0541% | fees: 0.0600% | sub-fee | hi: Orca (83.490744) FwewVm8u6tFPGewAyHmWAqad9hmF7mvqxK4mJ7iNqqGC | lo: Orca (83.445640) HcoJqG325TTifs6jyWvRJ9ET4pDu12Xrt2EQKZGFmuKX
[2026-04-15 12:30:20] [INFO] [XDEX] SOL/USDT | spread: 0.0541% | fees: 0.0600% | sub-fee | hi: Orca (83.490744) FwewVm8u6tFPGewAyHmWAqad9hmF7mvqxK4mJ7iNqqGC | lo: Orca (83.445640) HcoJqG325TTifs6jyWvRJ9ET4pDu12Xrt2EQKZGFmuKX
[2026-04-15 12:30:21] [INFO] [XDEX] SOL/USDC | spread: 0.0164% | fees: 0.0600% | sub-fee | hi: Orca (83.529289) FpCMFDFGYotvufJ7HrFHsWEiiQCGbkLCtwHiDnh7o28Q | lo: Orca (83.515569) Czfq3xZZDmsdGdUyrNLtRhGc47cXcZtLG4crryfu44zE
[2026-04-15 12:30:23] [INFO] [XDEX] SOL/USDT | spread: 0.0063% | fees: 0.0600% | sub-fee | hi: Orca (83.490744) FwewVm8u6tFPGewAyHmWAqad9hmF7mvqxK4mJ7iNqqGC | lo: Orca (83.485475) HcoJqG325TTifs6jyWvRJ9ET4pDu12Xrt2EQKZGFmuKX
[2026-04-15 12:30:28] [INFO] [XDEX] SOL/USDC | spread: 0.0164% | fees: 0.0600% | sub-fee | hi: Orca (83.529289) FpCMFDFGYotvufJ7HrFHsWEiiQCGbkLCtwHiDnh7o28Q | lo: Orca (83.515569) Czfq3xZZDmsdGdUyrNLtRhGc47cXcZtLG4crryfu44zE
[2026-04-15 12:30:30] [INFO] [XDEX] SOL/USDT | spread: 0.0059% | fees: 0.0600% | sub-fee | hi: Orca (83.495649) HcoJqG325TTifs6jyWvRJ9ET4pDu12Xrt2EQKZGFmuKX | lo: Orca (83.490744) FwewVm8u6tFPGewAyHmWAqad9hmF7mvqxK4mJ7iNqqGC
[2026-04-15 12:30:32] [INFO] [XDEX] SOL/USDC | spread: 0.0164% | fees: 0.0600% | sub-fee | hi: Orca (83.529289) FpCMFDFGYotvufJ7HrFHsWEiiQCGbkLCtwHiDnh7o28Q | lo: Orca (83.515569) Czfq3xZZDmsdGdUyrNLtRhGc47cXcZtLG4crryfu44zE
[2026-04-15 12:30:35] [INFO] [XDEX] SOL/USDT | spread: 0.0059% | fees: 0.0600% | sub-fee | hi: Orca (83.495649) HcoJqG325TTifs6jyWvRJ9ET4pDu12Xrt2EQKZGFmuKX | lo: Orca (83.490744) FwewVm8u6tFPGewAyHmWAqad9hmF7mvqxK4mJ7iNqqGC
[2026-04-15 12:30:35] [INFO] [XDEX] SOL/USDC | spread: 0.0164% | fees: 0.0600% | sub-fee | hi: Orca (83.529289) FpCMFDFGYotvufJ7HrFHsWEiiQCGbkLCtwHiDnh7o28Q | lo: Orca (83.515569) Czfq3xZZDmsdGdUyrNLtRhGc47cXcZtLG4crryfu44zE
[2026-04-15 12:30:38] [INFO] [XDEX] SOL/USDC | spread: 0.0164% | fees: 0.0600% | sub-fee | hi: Orca (83.529289) FpCMFDFGYotvufJ7HrFHsWEiiQCGbkLCtwHiDnh7o28Q | lo: Orca (83.515569) Czfq3xZZDmsdGdUyrNLtRhGc47cXcZtLG4crryfu44zE
[2026-04-15 12:30:41] [INFO] [XDEX] SOL/USDT | spread: 0.0059% | fees: 0.0600% | sub-fee | hi: Orca (83.495649) HcoJqG325TTifs6jyWvRJ9ET4pDu12Xrt2EQKZGFmuKX | lo: Orca (83.490744) FwewVm8u6tFPGewAyHmWAqad9hmF7mvqxK4mJ7iNqqGC
[2026-04-15 12:30:41] [INFO] [XDEX] SOL/USDC | spread: 0.0119% | fees: 0.0600% | sub-fee | hi: Orca (83.529289) FpCMFDFGYotvufJ7HrFHsWEiiQCGbkLCtwHiDnh7o28Q | lo: Orca (83.519350) Czfq3xZZDmsdGdUyrNLtRhGc47cXcZtLG4crryfu44zE
[2026-04-15 12:30:48] [INFO] 💓 alive | slots +196 | detected: 0 | attempted: 1 | sent: 1
[2026-04-15 12:30:50] [INFO] [XDEX] SOL/USDC | spread: 0.0204% | fees: 0.0600% | sub-fee | hi: Orca (83.536371) FpCMFDFGYotvufJ7HrFHsWEiiQCGbkLCtwHiDnh7o28Q | lo: Orca (83.519363) Czfq3xZZDmsdGdUyrNLtRhGc47cXcZtLG4crryfu44zE
[2026-04-15 12:30:52] [INFO] [XDEX] SOL/USDT | spread: 0.0066% | fees: 0.0600% | sub-fee | hi: Orca (83.501173) FwewVm8u6tFPGewAyHmWAqad9hmF7mvqxK4mJ7iNqqGC | lo: Orca (83.495649) HcoJqG325TTifs6jyWvRJ9ET4pDu12Xrt2EQKZGFmuKX
[2026-04-15 12:30:54] [INFO] [XDEX] SOL/USDC | spread: 0.0205% | fees: 0.0600% | sub-fee | hi: Orca (83.536945) FpCMFDFGYotvufJ7HrFHsWEiiQCGbkLCtwHiDnh7o28Q | lo: Orca (83.519812) Czfq3xZZDmsdGdUyrNLtRhGc47cXcZtLG4crryfu44zE
[2026-04-15 12:30:55] [INFO] [XDEX] SOL/USDT | spread: 0.0066% | fees: 0.0600% | sub-fee | hi: Orca (83.501173) FwewVm8u6tFPGewAyHmWAqad9hmF7mvqxK4mJ7iNqqGC | lo: Orca (83.495649) HcoJqG325TTifs6jyWvRJ9ET4pDu12Xrt2EQKZGFmuKX
[2026-04-15 12:30:58] [INFO] [XDEX] SOL/USDC | spread: 0.0205% | fees: 0.0600% | sub-fee | hi: Orca (83.536945) FpCMFDFGYotvufJ7HrFHsWEiiQCGbkLCtwHiDnh7o28Q | lo: Orca (83.519812) Czfq3xZZDmsdGdUyrNLtRhGc47cXcZtLG4crryfu44zE
[2026-04-15 12:31:02] [INFO] [XDEX] SOL/USDC | spread: 0.0205% | fees: 0.0600% | sub-fee | hi: Orca (83.536945) FpCMFDFGYotvufJ7HrFHsWEiiQCGbkLCtwHiDnh7o28Q | lo: Orca (83.519812) Czfq3xZZDmsdGdUyrNLtRhGc47cXcZtLG4crryfu44zE
[2026-04-15 12:31:05] [INFO] [XDEX] SOL/USDT | spread: 0.0066% | fees: 0.0600% | sub-fee | hi: Orca (83.501173) FwewVm8u6tFPGewAyHmWAqad9hmF7mvqxK4mJ7iNqqGC | lo: Orca (83.495649) HcoJqG325TTifs6jyWvRJ9ET4pDu12Xrt2EQKZGFmuKX
[2026-04-15 12:31:07] [INFO] [XDEX] SOL/USDC | spread: 0.0204% | fees: 0.0600% | sub-fee | hi: Orca (83.536945) FpCMFDFGYotvufJ7HrFHsWEiiQCGbkLCtwHiDnh7o28Q | lo: Orca (83.519891) Czfq3xZZDmsdGdUyrNLtRhGc47cXcZtLG4crryfu44zE
[2026-04-15 12:31:10] [INFO] [XDEX] SOL/USDT | spread: 0.0066% | fees: 0.0600% | sub-fee | hi: Orca (83.501180) FwewVm8u6tFPGewAyHmWAqad9hmF7mvqxK4mJ7iNqqGC | lo: Orca (83.495649) HcoJqG325TTifs6jyWvRJ9ET4pDu12Xrt2EQKZGFmuKX
[2026-04-15 12:31:12] [INFO] [XDEX] SOL/USDC | spread: 0.0172% | fees: 0.0600% | sub-fee | hi: Orca (83.536945) FpCMFDFGYotvufJ7HrFHsWEiiQCGbkLCtwHiDnh7o28Q | lo: Orca (83.522614) Czfq3xZZDmsdGdUyrNLtRhGc47cXcZtLG4crryfu44zE
[2026-04-15 12:31:18] [INFO] [XDEX] SOL/USDT | spread: 0.0093% | fees: 0.0600% | sub-fee | hi: Orca (83.503382) FwewVm8u6tFPGewAyHmWAqad9hmF7mvqxK4mJ7iNqqGC | lo: Orca (83.495649) HcoJqG325TTifs6jyWvRJ9ET4pDu12Xrt2EQKZGFmuKX
[2026-04-15 12:31:24] [INFO] [XDEX] SOL/USDT | spread: 0.0093% | fees: 0.0600% | sub-fee | hi: Orca (83.503382) FwewVm8u6tFPGewAyHmWAqad9hmF7mvqxK4mJ7iNqqGC | lo: Orca (83.495649) HcoJqG325TTifs6jyWvRJ9ET4pDu12Xrt2EQKZGFmuKX
[2026-04-15 12:31:27] [INFO] [XDEX] SOL/USDT | spread: 0.0093% | fees: 0.0600% | sub-fee | hi: Orca (83.503416) FwewVm8u6tFPGewAyHmWAqad9hmF7mvqxK4mJ7iNqqGC | lo: Orca (83.495649) HcoJqG325TTifs6jyWvRJ9ET4pDu12Xrt2EQKZGFmuKX
[2026-04-15 12:31:31] [INFO] [XDEX] SOL/USDC | spread: 0.0181% | fees: 0.0600% | sub-fee | hi: Orca (83.538565) FpCMFDFGYotvufJ7HrFHsWEiiQCGbkLCtwHiDnh7o28Q | lo: Orca (83.523436) Czfq3xZZDmsdGdUyrNLtRhGc47cXcZtLG4crryfu44zE
[2026-04-15 12:31:36] [INFO] [XDEX] SOL/USDC | spread: 0.0181% | fees: 0.0600% | sub-fee | hi: Orca (83.538565) FpCMFDFGYotvufJ7HrFHsWEiiQCGbkLCtwHiDnh7o28Q | lo: Orca (83.523436) Czfq3xZZDmsdGdUyrNLtRhGc47cXcZtLG4crryfu44zE
[2026-04-15 12:31:36] [INFO] [XDEX] SOL/USDT | spread: 0.0093% | fees: 0.0600% | sub-fee | hi: Orca (83.503416) FwewVm8u6tFPGewAyHmWAqad9hmF7mvqxK4mJ7iNqqGC | lo: Orca (83.495649) HcoJqG325TTifs6jyWvRJ9ET4pDu12Xrt2EQKZGFmuKX
[2026-04-15 12:31:42] [INFO] [XDEX] SOL/USDC | spread: 0.0181% | fees: 0.0600% | sub-fee | hi: Orca (83.538565) FpCMFDFGYotvufJ7HrFHsWEiiQCGbkLCtwHiDnh7o28Q | lo: Orca (83.523436) Czfq3xZZDmsdGdUyrNLtRhGc47cXcZtLG4crryfu44zE
[2026-04-15 12:31:43] [INFO] [XDEX] SOL/USDT | spread: 0.0093% | fees: 0.0600% | sub-fee | hi: Orca (83.503416) FwewVm8u6tFPGewAyHmWAqad9hmF7mvqxK4mJ7iNqqGC | lo: Orca (83.495649) HcoJqG325TTifs6jyWvRJ9ET4pDu12Xrt2EQKZGFmuKX
[2026-04-15 12:31:46] [INFO] [XDEX] SOL/USDC | spread: 0.0181% | fees: 0.0600% | sub-fee | hi: Orca (83.538565) FpCMFDFGYotvufJ7HrFHsWEiiQCGbkLCtwHiDnh7o28Q | lo: Orca (83.523436) Czfq3xZZDmsdGdUyrNLtRhGc47cXcZtLG4crryfu44zE
[2026-04-15 12:31:47] [INFO] [XDEX] SOL/USDT | spread: 0.0093% | fees: 0.0600% | sub-fee | hi: Orca (83.503416) FwewVm8u6tFPGewAyHmWAqad9hmF7mvqxK4mJ7iNqqGC | lo: Orca (83.495649) HcoJqG325TTifs6jyWvRJ9ET4pDu12Xrt2EQKZGFmuKX
[2026-04-15 12:31:50] [INFO] [XDEX] SOL/USDC | spread: 0.0181% | fees: 0.0600% | sub-fee | hi: Orca (83.538565) FpCMFDFGYotvufJ7HrFHsWEiiQCGbkLCtwHiDnh7o28Q | lo: Orca (83.523436) Czfq3xZZDmsdGdUyrNLtRhGc47cXcZtLG4crryfu44zE
[2026-04-15 12:31:51] [INFO] [XDEX] SOL/USDT | spread: 0.0093% | fees: 0.0600% | sub-fee | hi: Orca (83.503416) FwewVm8u6tFPGewAyHmWAqad9hmF7mvqxK4mJ7iNqqGC | lo: Orca (83.495649) HcoJqG325TTifs6jyWvRJ9ET4pDu12Xrt2EQKZGFmuKX
[2026-04-15 12:31:54] [INFO] [XDEX] SOL/USDT | spread: 0.0093% | fees: 0.0600% | sub-fee | hi: Orca (83.503416) FwewVm8u6tFPGewAyHmWAqad9hmF7mvqxK4mJ7iNqqGC | lo: Orca (83.495649) HcoJqG325TTifs6jyWvRJ9ET4pDu12Xrt2EQKZGFmuKX
[2026-04-15 12:31:57] [INFO] [XDEX] SOL/USDC | spread: 0.0172% | fees: 0.0600% | sub-fee | hi: Orca (83.537817) FpCMFDFGYotvufJ7HrFHsWEiiQCGbkLCtwHiDnh7o28Q | lo: Orca (83.523436) Czfq3xZZDmsdGdUyrNLtRhGc47cXcZtLG4crryfu44zE
[2026-04-15 12:32:00] [INFO] [XDEX] SOL/USDT | spread: 0.0093% | fees: 0.0600% | sub-fee | hi: Orca (83.503416) FwewVm8u6tFPGewAyHmWAqad9hmF7mvqxK4mJ7iNqqGC | lo: Orca (83.495649) HcoJqG325TTifs6jyWvRJ9ET4pDu12Xrt2EQKZGFmuKX
[2026-04-15 12:32:01] [INFO] [XDEX] SOL/USDC | spread: 0.0172% | fees: 0.0600% | sub-fee | hi: Orca (83.537817) FpCMFDFGYotvufJ7HrFHsWEiiQCGbkLCtwHiDnh7o28Q | lo: Orca (83.523436) Czfq3xZZDmsdGdUyrNLtRhGc47cXcZtLG4crryfu44zE
[2026-04-15 12:32:04] [INFO] [XDEX] SOL/USDT | spread: 0.0093% | fees: 0.0600% | sub-fee | hi: Orca (83.503416) FwewVm8u6tFPGewAyHmWAqad9hmF7mvqxK4mJ7iNqqGC | lo: Orca (83.495649) HcoJqG325TTifs6jyWvRJ9ET4pDu12Xrt2EQKZGFmuKX
[2026-04-15 12:32:07] [INFO] [XDEX] SOL/USDT | spread: 0.0093% | fees: 0.0600% | sub-fee | hi: Orca (83.503416) FwewVm8u6tFPGewAyHmWAqad9hmF7mvqxK4mJ7iNqqGC | lo: Orca (83.495649) HcoJqG325TTifs6jyWvRJ9ET4pDu12Xrt2EQKZGFmuKX
[2026-04-15 12:32:15] [INFO] [XDEX] SOL/USDT | spread: 0.0093% | fees: 0.0600% | sub-fee | hi: Orca (83.503416) FwewVm8u6tFPGewAyHmWAqad9hmF7mvqxK4mJ7iNqqGC | lo: Orca (83.495649) HcoJqG325TTifs6jyWvRJ9ET4pDu12Xrt2EQKZGFmuKX
[2026-04-15 12:32:16] [INFO] [XDEX] SOL/USDC | spread: 0.0122% | fees: 0.0600% | sub-fee | hi: Orca (83.533643) FpCMFDFGYotvufJ7HrFHsWEiiQCGbkLCtwHiDnh7o28Q | lo: Orca (83.523436) Czfq3xZZDmsdGdUyrNLtRhGc47cXcZtLG4crryfu44zE
[2026-04-15 12:32:20] [INFO] [XDEX] SOL/USDC | spread: 0.0122% | fees: 0.0600% | sub-fee | hi: Orca (83.533643) FpCMFDFGYotvufJ7HrFHsWEiiQCGbkLCtwHiDnh7o28Q | lo: Orca (83.523436) Czfq3xZZDmsdGdUyrNLtRhGc47cXcZtLG4crryfu44zE
[2026-04-15 12:32:24] [INFO] [XDEX] SOL/USDT | spread: 0.0093% | fees: 0.0600% | sub-fee | hi: Orca (83.503416) FwewVm8u6tFPGewAyHmWAqad9hmF7mvqxK4mJ7iNqqGC | lo: Orca (83.495649) HcoJqG325TTifs6jyWvRJ9ET4pDu12Xrt2EQKZGFmuKX
[2026-04-15 12:32:26] [INFO] [XDEX] SOL/USDC | spread: 0.0122% | fees: 0.0600% | sub-fee | hi: Orca (83.533643) FpCMFDFGYotvufJ7HrFHsWEiiQCGbkLCtwHiDnh7o28Q | lo: Orca (83.523436) Czfq3xZZDmsdGdUyrNLtRhGc47cXcZtLG4crryfu44zE
[2026-04-15 12:32:33] [INFO] [XDEX] SOL/USDC | spread: 0.0176% | fees: 0.0600% | sub-fee | hi: Orca (83.538117) FpCMFDFGYotvufJ7HrFHsWEiiQCGbkLCtwHiDnh7o28Q | lo: Orca (83.523436) Czfq3xZZDmsdGdUyrNLtRhGc47cXcZtLG4crryfu44zE
[2026-04-15 12:32:38] [INFO] [XDEX] SOL/USDC | spread: 0.0162% | fees: 0.0600% | sub-fee | hi: Orca (83.538117) FpCMFDFGYotvufJ7HrFHsWEiiQCGbkLCtwHiDnh7o28Q | lo: Orca (83.524576) Czfq3xZZDmsdGdUyrNLtRhGc47cXcZtLG4crryfu44zE
[2026-04-15 12:32:41] [INFO] [XDEX] SOL/USDC | spread: 0.0162% | fees: 0.0600% | sub-fee | hi: Orca (83.538117) FpCMFDFGYotvufJ7HrFHsWEiiQCGbkLCtwHiDnh7o28Q | lo: Orca (83.524576) Czfq3xZZDmsdGdUyrNLtRhGc47cXcZtLG4crryfu44zE
[2026-04-15 12:32:44] [INFO] [XDEX] SOL/USDC | spread: 0.0334% | fees: 0.0600% | sub-fee | hi: Orca (83.552469) FpCMFDFGYotvufJ7HrFHsWEiiQCGbkLCtwHiDnh7o28Q | lo: Orca (83.524576) Czfq3xZZDmsdGdUyrNLtRhGc47cXcZtLG4crryfu44zE
[2026-04-15 12:32:47] [INFO] [XDEX] SOL/USDC | spread: 0.0356% | fees: 0.0600% | sub-fee | hi: Orca (83.554326) FpCMFDFGYotvufJ7HrFHsWEiiQCGbkLCtwHiDnh7o28Q | lo: Orca (83.524576) Czfq3xZZDmsdGdUyrNLtRhGc47cXcZtLG4crryfu44zE
[2026-04-15 12:32:48] [INFO] 💓 alive | slots +223 | detected: 0 | attempted: 1 | sent: 1
[2026-04-15 12:32:54] [INFO] [XDEX] SOL/USDC | spread: 0.0379% | fees: 0.0600% | sub-fee | hi: Orca (83.556212) FpCMFDFGYotvufJ7HrFHsWEiiQCGbkLCtwHiDnh7o28Q | lo: Orca (83.524576) Czfq3xZZDmsdGdUyrNLtRhGc47cXcZtLG4crryfu44zE
[2026-04-15 12:32:59] [INFO] [XDEX] SOL/USDC | spread: 0.0168% | fees: 0.0600% | sub-fee | hi: Orca (83.556212) FpCMFDFGYotvufJ7HrFHsWEiiQCGbkLCtwHiDnh7o28Q | lo: Orca (83.542174) Czfq3xZZDmsdGdUyrNLtRhGc47cXcZtLG4crryfu44zE
[2026-04-15 12:33:04] [INFO] [XDEX] SOL/USDC | spread: 0.0168% | fees: 0.0600% | sub-fee | hi: Orca (83.556212) FpCMFDFGYotvufJ7HrFHsWEiiQCGbkLCtwHiDnh7o28Q | lo: Orca (83.542174) Czfq3xZZDmsdGdUyrNLtRhGc47cXcZtLG4crryfu44zE
[2026-04-15 12:33:11] [INFO] [XDEX] SOL/USDC | spread: 0.0168% | fees: 0.0600% | sub-fee | hi: Orca (83.556212) FpCMFDFGYotvufJ7HrFHsWEiiQCGbkLCtwHiDnh7o28Q | lo: Orca (83.542174) Czfq3xZZDmsdGdUyrNLtRhGc47cXcZtLG4crryfu44zE
[2026-04-15 12:33:18] [INFO] [XDEX] SOL/USDC | spread: 0.0166% | fees: 0.0600% | sub-fee | hi: Orca (83.556002) FpCMFDFGYotvufJ7HrFHsWEiiQCGbkLCtwHiDnh7o28Q | lo: Orca (83.542174) Czfq3xZZDmsdGdUyrNLtRhGc47cXcZtLG4crryfu44zE
[2026-04-15 12:33:23] [INFO] [XDEX] SOL/USDC | spread: 0.0166% | fees: 0.0600% | sub-fee | hi: Orca (83.556002) FpCMFDFGYotvufJ7HrFHsWEiiQCGbkLCtwHiDnh7o28Q | lo: Orca (83.542174) Czfq3xZZDmsdGdUyrNLtRhGc47cXcZtLG4crryfu44zE
[2026-04-15 12:33:27] [INFO] [XDEX] SOL/USDC | spread: 0.0097% | fees: 0.0600% | sub-fee | hi: Orca (83.564055) Czfq3xZZDmsdGdUyrNLtRhGc47cXcZtLG4crryfu44zE | lo: Orca (83.555964) FpCMFDFGYotvufJ7HrFHsWEiiQCGbkLCtwHiDnh7o28Q
[2026-04-15 12:33:30] [INFO] [XDEX] SOL/USDC | spread: 0.0184% | fees: 0.0600% | sub-fee | hi: Orca (83.584415) FpCMFDFGYotvufJ7HrFHsWEiiQCGbkLCtwHiDnh7o28Q | lo: Orca (83.569071) Czfq3xZZDmsdGdUyrNLtRhGc47cXcZtLG4crryfu44zE
[2026-04-15 12:33:32] [INFO] [XDEX] SOL/USDT | spread: 0.0247% | fees: 0.0600% | sub-fee | hi: Orca (83.545497) FwewVm8u6tFPGewAyHmWAqad9hmF7mvqxK4mJ7iNqqGC | lo: Orca (83.524846) HcoJqG325TTifs6jyWvRJ9ET4pDu12Xrt2EQKZGFmuKX
[2026-04-15 12:33:34] [INFO] [XDEX] SOL/USDC | spread: 0.0180% | fees: 0.0600% | sub-fee | hi: Orca (83.584415) FpCMFDFGYotvufJ7HrFHsWEiiQCGbkLCtwHiDnh7o28Q | lo: Orca (83.569337) Czfq3xZZDmsdGdUyrNLtRhGc47cXcZtLG4crryfu44zE
[2026-04-15 12:33:36] [INFO] [XDEX] SOL/USDT | spread: 0.0340% | fees: 0.0600% | sub-fee | hi: Orca (83.553224) FwewVm8u6tFPGewAyHmWAqad9hmF7mvqxK4mJ7iNqqGC | lo: Orca (83.524846) HcoJqG325TTifs6jyWvRJ9ET4pDu12Xrt2EQKZGFmuKX
[2026-04-15 12:33:41] [INFO] [XDEX] SOL/USDT | spread: 0.0348% | fees: 0.0600% | sub-fee | hi: Orca (83.553918) FwewVm8u6tFPGewAyHmWAqad9hmF7mvqxK4mJ7iNqqGC | lo: Orca (83.524846) HcoJqG325TTifs6jyWvRJ9ET4pDu12Xrt2EQKZGFmuKX
[2026-04-15 12:33:41] [INFO] [XDEX] SOL/USDC | spread: 0.0180% | fees: 0.0600% | sub-fee | hi: Orca (83.584415) FpCMFDFGYotvufJ7HrFHsWEiiQCGbkLCtwHiDnh7o28Q | lo: Orca (83.569337) Czfq3xZZDmsdGdUyrNLtRhGc47cXcZtLG4crryfu44zE
[2026-04-15 12:33:44] [INFO] [XDEX] SOL/USDT | spread: 0.0348% | fees: 0.0600% | sub-fee | hi: Orca (83.553918) FwewVm8u6tFPGewAyHmWAqad9hmF7mvqxK4mJ7iNqqGC | lo: Orca (83.524846) HcoJqG325TTifs6jyWvRJ9ET4pDu12Xrt2EQKZGFmuKX
[2026-04-15 12:33:44] [INFO] [XDEX] SOL/USDC | spread: 0.0204% | fees: 0.0700% | sub-fee | hi: Orca (83.584415) FpCMFDFGYotvufJ7HrFHsWEiiQCGbkLCtwHiDnh7o28Q | lo: Orca (83.567380) 7qbRF6YsyGuLUVs6Y1q64bdVrfe4ZcUUz1JRdoVNUJnm
[2026-04-15 12:33:47] [INFO] [XDEX] SOL/USDT | spread: 0.0396% | fees: 0.0600% | sub-fee | hi: Orca (83.557931) FwewVm8u6tFPGewAyHmWAqad9hmF7mvqxK4mJ7iNqqGC | lo: Orca (83.524846) HcoJqG325TTifs6jyWvRJ9ET4pDu12Xrt2EQKZGFmuKX
[2026-04-15 12:33:48] [INFO] [XDEX] SOL/USDC | spread: 0.0204% | fees: 0.0700% | sub-fee | hi: Orca (83.584415) FpCMFDFGYotvufJ7HrFHsWEiiQCGbkLCtwHiDnh7o28Q | lo: Orca (83.567380) 7qbRF6YsyGuLUVs6Y1q64bdVrfe4ZcUUz1JRdoVNUJnm
[2026-04-15 12:33:51] [INFO] [XDEX] SOL/USDC | spread: 0.0196% | fees: 0.0700% | sub-fee | hi: Orca (83.583788) FpCMFDFGYotvufJ7HrFHsWEiiQCGbkLCtwHiDnh7o28Q | lo: Orca (83.567380) 7qbRF6YsyGuLUVs6Y1q64bdVrfe4ZcUUz1JRdoVNUJnm
[2026-04-15 12:33:51] [INFO] [XDEX] SOL/USDT | spread: 0.0376% | fees: 0.0600% | sub-fee | hi: Orca (83.556236) FwewVm8u6tFPGewAyHmWAqad9hmF7mvqxK4mJ7iNqqGC | lo: Orca (83.524846) HcoJqG325TTifs6jyWvRJ9ET4pDu12Xrt2EQKZGFmuKX
[2026-04-15 12:33:56] [INFO] [XDEX] SOL/USDT | spread: 0.0050% | fees: 0.0600% | sub-fee | hi: Orca (83.553484) HcoJqG325TTifs6jyWvRJ9ET4pDu12Xrt2EQKZGFmuKX | lo: Orca (83.549319) FwewVm8u6tFPGewAyHmWAqad9hmF7mvqxK4mJ7iNqqGC
[2026-04-15 12:33:57] [INFO] [XDEX] SOL/USDC | spread: 0.0166% | fees: 0.0700% | sub-fee | hi: Orca (83.581276) FpCMFDFGYotvufJ7HrFHsWEiiQCGbkLCtwHiDnh7o28Q | lo: Orca (83.567380) 7qbRF6YsyGuLUVs6Y1q64bdVrfe4ZcUUz1JRdoVNUJnm
[2026-04-15 12:34:00] [INFO] [XDEX] SOL/USDT | spread: 0.0181% | fees: 0.0600% | sub-fee | hi: Orca (83.553484) HcoJqG325TTifs6jyWvRJ9ET4pDu12Xrt2EQKZGFmuKX | lo: Orca (83.538355) FwewVm8u6tFPGewAyHmWAqad9hmF7mvqxK4mJ7iNqqGC
[2026-04-15 12:34:01] [INFO] [XDEX] SOL/USDC | spread: 0.0064% | fees: 0.0600% | sub-fee | hi: Orca (83.585968) Czfq3xZZDmsdGdUyrNLtRhGc47cXcZtLG4crryfu44zE | lo: Orca (83.580597) FpCMFDFGYotvufJ7HrFHsWEiiQCGbkLCtwHiDnh7o28Q
[2026-04-15 12:34:04] [INFO] [XDEX] SOL/USDC | spread: 0.0113% | fees: 0.0600% | sub-fee | hi: Orca (83.585968) Czfq3xZZDmsdGdUyrNLtRhGc47cXcZtLG4crryfu44zE | lo: Orca (83.576486) FpCMFDFGYotvufJ7HrFHsWEiiQCGbkLCtwHiDnh7o28Q
[2026-04-15 12:34:05] [INFO] [XDEX] SOL/USDT | spread: 0.0181% | fees: 0.0600% | sub-fee | hi: Orca (83.553484) HcoJqG325TTifs6jyWvRJ9ET4pDu12Xrt2EQKZGFmuKX | lo: Orca (83.538355) FwewVm8u6tFPGewAyHmWAqad9hmF7mvqxK4mJ7iNqqGC
[2026-04-15 12:34:09] [INFO] [XDEX] SOL/USDT | spread: 0.0181% | fees: 0.0600% | sub-fee | hi: Orca (83.553484) HcoJqG325TTifs6jyWvRJ9ET4pDu12Xrt2EQKZGFmuKX | lo: Orca (83.538355) FwewVm8u6tFPGewAyHmWAqad9hmF7mvqxK4mJ7iNqqGC
[2026-04-15 12:34:10] [INFO] [XDEX] SOL/USDC | spread: 0.0113% | fees: 0.0600% | sub-fee | hi: Orca (83.585968) Czfq3xZZDmsdGdUyrNLtRhGc47cXcZtLG4crryfu44zE | lo: Orca (83.576486) FpCMFDFGYotvufJ7HrFHsWEiiQCGbkLCtwHiDnh7o28Q
[2026-04-15 12:34:13] [INFO] [XDEX] SOL/USDC | spread: 0.0113% | fees: 0.0600% | sub-fee | hi: Orca (83.585968) Czfq3xZZDmsdGdUyrNLtRhGc47cXcZtLG4crryfu44zE | lo: Orca (83.576486) FpCMFDFGYotvufJ7HrFHsWEiiQCGbkLCtwHiDnh7o28Q
[2026-04-15 12:34:18] [INFO] [XDEX] SOL/USDC | spread: 0.0113% | fees: 0.0600% | sub-fee | hi: Orca (83.585967) Czfq3xZZDmsdGdUyrNLtRhGc47cXcZtLG4crryfu44zE | lo: Orca (83.576486) FpCMFDFGYotvufJ7HrFHsWEiiQCGbkLCtwHiDnh7o28Q
[2026-04-15 12:34:22] [INFO] [XDEX] SOL/USDC | spread: 0.0113% | fees: 0.0600% | sub-fee | hi: Orca (83.585967) Czfq3xZZDmsdGdUyrNLtRhGc47cXcZtLG4crryfu44zE | lo: Orca (83.576486) FpCMFDFGYotvufJ7HrFHsWEiiQCGbkLCtwHiDnh7o28Q
[2026-04-15 12:34:22] [INFO] [XDEX] SOL/USDT | spread: 0.0181% | fees: 0.0600% | sub-fee | hi: Orca (83.553484) HcoJqG325TTifs6jyWvRJ9ET4pDu12Xrt2EQKZGFmuKX | lo: Orca (83.538355) FwewVm8u6tFPGewAyHmWAqad9hmF7mvqxK4mJ7iNqqGC
[2026-04-15 12:34:27] [INFO] [XDEX] SOL/USDT | spread: 0.0181% | fees: 0.0600% | sub-fee | hi: Orca (83.553484) HcoJqG325TTifs6jyWvRJ9ET4pDu12Xrt2EQKZGFmuKX | lo: Orca (83.538355) FwewVm8u6tFPGewAyHmWAqad9hmF7mvqxK4mJ7iNqqGC
[2026-04-15 12:34:33] [INFO] [XDEX] SOL/USDT | spread: 0.0181% | fees: 0.0600% | sub-fee | hi: Orca (83.553484) HcoJqG325TTifs6jyWvRJ9ET4pDu12Xrt2EQKZGFmuKX | lo: Orca (83.538355) FwewVm8u6tFPGewAyHmWAqad9hmF7mvqxK4mJ7iNqqGC
[2026-04-15 12:34:34] [INFO] [XDEX] SOL/USDC | spread: 0.0115% | fees: 0.0600% | sub-fee | hi: Orca (83.585967) Czfq3xZZDmsdGdUyrNLtRhGc47cXcZtLG4crryfu44zE | lo: Orca (83.576334) FpCMFDFGYotvufJ7HrFHsWEiiQCGbkLCtwHiDnh7o28Q
[2026-04-15 12:34:36] [INFO] [XDEX] SOL/USDT | spread: 0.0181% | fees: 0.0600% | sub-fee | hi: Orca (83.553484) HcoJqG325TTifs6jyWvRJ9ET4pDu12Xrt2EQKZGFmuKX | lo: Orca (83.538355) FwewVm8u6tFPGewAyHmWAqad9hmF7mvqxK4mJ7iNqqGC
[2026-04-15 12:34:41] [INFO] [XDEX] SOL/USDT | spread: 0.0181% | fees: 0.0600% | sub-fee | hi: Orca (83.553484) HcoJqG325TTifs6jyWvRJ9ET4pDu12Xrt2EQKZGFmuKX | lo: Orca (83.538355) FwewVm8u6tFPGewAyHmWAqad9hmF7mvqxK4mJ7iNqqGC
[2026-04-15 12:34:45] [INFO] [XDEX] SOL/USDT | spread: 0.0181% | fees: 0.0600% | sub-fee | hi: Orca (83.553484) HcoJqG325TTifs6jyWvRJ9ET4pDu12Xrt2EQKZGFmuKX | lo: Orca (83.538355) FwewVm8u6tFPGewAyHmWAqad9hmF7mvqxK4mJ7iNqqGC
[2026-04-15 12:34:48] [INFO] 💓 alive | slots +229 | detected: 0 | attempted: 1 | sent: 1
[2026-04-15 12:34:48] [INFO] [XDEX] SOL/USDT | spread: 0.0181% | fees: 0.0600% | sub-fee | hi: Orca (83.553484) HcoJqG325TTifs6jyWvRJ9ET4pDu12Xrt2EQKZGFmuKX | lo: Orca (83.538355) FwewVm8u6tFPGewAyHmWAqad9hmF7mvqxK4mJ7iNqqGC
[2026-04-15 12:34:52] [INFO] [XDEX] SOL/USDT | spread: 0.0181% | fees: 0.0600% | sub-fee | hi: Orca (83.553484) HcoJqG325TTifs6jyWvRJ9ET4pDu12Xrt2EQKZGFmuKX | lo: Orca (83.538355) FwewVm8u6tFPGewAyHmWAqad9hmF7mvqxK4mJ7iNqqGC
[2026-04-15 12:34:56] [INFO] [XDEX] SOL/USDT | spread: 0.0181% | fees: 0.0600% | sub-fee | hi: Orca (83.553484) HcoJqG325TTifs6jyWvRJ9ET4pDu12Xrt2EQKZGFmuKX | lo: Orca (83.538355) FwewVm8u6tFPGewAyHmWAqad9hmF7mvqxK4mJ7iNqqGC
[2026-04-15 12:35:00] [INFO] [XDEX] SOL/USDT | spread: 0.0181% | fees: 0.0600% | sub-fee | hi: Orca (83.553484) HcoJqG325TTifs6jyWvRJ9ET4pDu12Xrt2EQKZGFmuKX | lo: Orca (83.538355) FwewVm8u6tFPGewAyHmWAqad9hmF7mvqxK4mJ7iNqqGC
[2026-04-15 12:35:01] [INFO] [XDEX] SOL/USDC | spread: 0.0138% | fees: 0.0600% | sub-fee | hi: Orca (83.585967) Czfq3xZZDmsdGdUyrNLtRhGc47cXcZtLG4crryfu44zE | lo: Orca (83.574470) FpCMFDFGYotvufJ7HrFHsWEiiQCGbkLCtwHiDnh7o28Q
[2026-04-15 12:35:07] [INFO] [XDEX] SOL/USDT | spread: 0.0181% | fees: 0.0600% | sub-fee | hi: Orca (83.553484) HcoJqG325TTifs6jyWvRJ9ET4pDu12Xrt2EQKZGFmuKX | lo: Orca (83.538355) FwewVm8u6tFPGewAyHmWAqad9hmF7mvqxK4mJ7iNqqGC
[2026-04-15 12:35:10] [INFO] [XDEX] SOL/USDC | spread: 0.0138% | fees: 0.0600% | sub-fee | hi: Orca (83.585967) Czfq3xZZDmsdGdUyrNLtRhGc47cXcZtLG4crryfu44zE | lo: Orca (83.574470) FpCMFDFGYotvufJ7HrFHsWEiiQCGbkLCtwHiDnh7o28Q
[2026-04-15 12:35:16] [INFO] [XDEX] SOL/USDC | spread: 0.0138% | fees: 0.0600% | sub-fee | hi: Orca (83.585967) Czfq3xZZDmsdGdUyrNLtRhGc47cXcZtLG4crryfu44zE | lo: Orca (83.574470) FpCMFDFGYotvufJ7HrFHsWEiiQCGbkLCtwHiDnh7o28Q
[2026-04-15 12:35:17] [INFO] [XDEX] SOL/USDT | spread: 0.0181% | fees: 0.0600% | sub-fee | hi: Orca (83.553484) HcoJqG325TTifs6jyWvRJ9ET4pDu12Xrt2EQKZGFmuKX | lo: Orca (83.538355) FwewVm8u6tFPGewAyHmWAqad9hmF7mvqxK4mJ7iNqqGC
[2026-04-15 12:35:22] [INFO] [XDEX] SOL/USDT | spread: 0.0181% | fees: 0.0600% | sub-fee | hi: Orca (83.553484) HcoJqG325TTifs6jyWvRJ9ET4pDu12Xrt2EQKZGFmuKX | lo: Orca (83.538355) FwewVm8u6tFPGewAyHmWAqad9hmF7mvqxK4mJ7iNqqGC
[2026-04-15 12:35:26] [INFO] [XDEX] SOL/USDT | spread: 0.0181% | fees: 0.0600% | sub-fee | hi: Orca (83.553484) HcoJqG325TTifs6jyWvRJ9ET4pDu12Xrt2EQKZGFmuKX | lo: Orca (83.538355) FwewVm8u6tFPGewAyHmWAqad9hmF7mvqxK4mJ7iNqqGC
[2026-04-15 12:35:26] [INFO] [XDEX] SOL/USDC | spread: 0.0146% | fees: 0.0600% | sub-fee | hi: Orca (83.585967) Czfq3xZZDmsdGdUyrNLtRhGc47cXcZtLG4crryfu44zE | lo: Orca (83.573789) FpCMFDFGYotvufJ7HrFHsWEiiQCGbkLCtwHiDnh7o28Q
[2026-04-15 12:35:29] [INFO] [XDEX] SOL/USDT | spread: 0.0015% | fees: 0.0600% | sub-fee | hi: Orca (83.554771) FwewVm8u6tFPGewAyHmWAqad9hmF7mvqxK4mJ7iNqqGC | lo: Orca (83.553484) HcoJqG325TTifs6jyWvRJ9ET4pDu12Xrt2EQKZGFmuKX
[2026-04-15 12:35:29] [INFO] [XDEX] SOL/USDC | spread: 0.0101% | fees: 0.0600% | sub-fee | hi: Orca (83.594594) FpCMFDFGYotvufJ7HrFHsWEiiQCGbkLCtwHiDnh7o28Q | lo: Orca (83.586161) Czfq3xZZDmsdGdUyrNLtRhGc47cXcZtLG4crryfu44zE
[2026-04-15 12:35:33] [INFO] [XDEX] SOL/USDC | spread: 0.0341% | fees: 0.0700% | sub-fee | hi: Orca (83.601093) FpCMFDFGYotvufJ7HrFHsWEiiQCGbkLCtwHiDnh7o28Q | lo: Orca (83.572585) 7qbRF6YsyGuLUVs6Y1q64bdVrfe4ZcUUz1JRdoVNUJnm
[2026-04-15 12:35:34] [INFO] [XDEX] SOL/USDT | spread: 0.0163% | fees: 0.0600% | sub-fee | hi: Orca (83.567062) FwewVm8u6tFPGewAyHmWAqad9hmF7mvqxK4mJ7iNqqGC | lo: Orca (83.553484) HcoJqG325TTifs6jyWvRJ9ET4pDu12Xrt2EQKZGFmuKX
[2026-04-15 12:35:36] [INFO] [XDEX] SOL/USDC | spread: 0.0379% | fees: 0.0700% | sub-fee | hi: Orca (83.604266) FpCMFDFGYotvufJ7HrFHsWEiiQCGbkLCtwHiDnh7o28Q | lo: Orca (83.572585) 7qbRF6YsyGuLUVs6Y1q64bdVrfe4ZcUUz1JRdoVNUJnm
[2026-04-15 12:35:38] [INFO] [XDEX] SOL/USDT | spread: 0.0297% | fees: 0.0600% | sub-fee | hi: Orca (83.578275) FwewVm8u6tFPGewAyHmWAqad9hmF7mvqxK4mJ7iNqqGC | lo: Orca (83.553484) HcoJqG325TTifs6jyWvRJ9ET4pDu12Xrt2EQKZGFmuKX
[2026-04-15 12:35:40] [INFO] [XDEX] SOL/USDC | spread: 0.0293% | fees: 0.0600% | sub-fee | hi: Orca (83.610873) FpCMFDFGYotvufJ7HrFHsWEiiQCGbkLCtwHiDnh7o28Q | lo: Orca (83.586392) Czfq3xZZDmsdGdUyrNLtRhGc47cXcZtLG4crryfu44zE
[2026-04-15 12:35:42] [INFO] [XDEX] SOL/USDT | spread: 0.0297% | fees: 0.0600% | sub-fee | hi: Orca (83.578275) FwewVm8u6tFPGewAyHmWAqad9hmF7mvqxK4mJ7iNqqGC | lo: Orca (83.553484) HcoJqG325TTifs6jyWvRJ9ET4pDu12Xrt2EQKZGFmuKX
[2026-04-15 12:35:45] [INFO] [XDEX] SOL/USDC | spread: 0.0293% | fees: 0.0600% | sub-fee | hi: Orca (83.610873) FpCMFDFGYotvufJ7HrFHsWEiiQCGbkLCtwHiDnh7o28Q | lo: Orca (83.586392) Czfq3xZZDmsdGdUyrNLtRhGc47cXcZtLG4crryfu44zE
[2026-04-15 12:35:45] [INFO] [XDEX] SOL/USDT | spread: 0.0297% | fees: 0.0600% | sub-fee | hi: Orca (83.578275) FwewVm8u6tFPGewAyHmWAqad9hmF7mvqxK4mJ7iNqqGC | lo: Orca (83.553484) HcoJqG325TTifs6jyWvRJ9ET4pDu12Xrt2EQKZGFmuKX
[2026-04-15 12:35:48] [INFO] [XDEX] SOL/USDC | spread: 0.0293% | fees: 0.0600% | sub-fee | hi: Orca (83.610873) FpCMFDFGYotvufJ7HrFHsWEiiQCGbkLCtwHiDnh7o28Q | lo: Orca (83.586392) Czfq3xZZDmsdGdUyrNLtRhGc47cXcZtLG4crryfu44zE
[2026-04-15 12:35:49] [INFO] [XDEX] SOL/USDT | spread: 0.0297% | fees: 0.0600% | sub-fee | hi: Orca (83.578275) FwewVm8u6tFPGewAyHmWAqad9hmF7mvqxK4mJ7iNqqGC | lo: Orca (83.553484) HcoJqG325TTifs6jyWvRJ9ET4pDu12Xrt2EQKZGFmuKX
[2026-04-15 12:35:51] [INFO] [XDEX] SOL/USDC | spread: 0.0293% | fees: 0.0600% | sub-fee | hi: Orca (83.610873) FpCMFDFGYotvufJ7HrFHsWEiiQCGbkLCtwHiDnh7o28Q | lo: Orca (83.586392) Czfq3xZZDmsdGdUyrNLtRhGc47cXcZtLG4crryfu44zE
[2026-04-15 12:35:53] [INFO] [XDEX] SOL/USDT | spread: 0.0297% | fees: 0.0600% | sub-fee | hi: Orca (83.578275) FwewVm8u6tFPGewAyHmWAqad9hmF7mvqxK4mJ7iNqqGC | lo: Orca (83.553484) HcoJqG325TTifs6jyWvRJ9ET4pDu12Xrt2EQKZGFmuKX
[2026-04-15 12:35:54] [INFO] [XDEX] SOL/USDC | spread: 0.0319% | fees: 0.0600% | sub-fee | hi: Orca (83.613066) FpCMFDFGYotvufJ7HrFHsWEiiQCGbkLCtwHiDnh7o28Q | lo: Orca (83.586392) Czfq3xZZDmsdGdUyrNLtRhGc47cXcZtLG4crryfu44zE
[2026-04-15 12:36:01] [INFO] [XDEX] SOL/USDC | spread: 0.0319% | fees: 0.0600% | sub-fee | hi: Orca (83.613066) FpCMFDFGYotvufJ7HrFHsWEiiQCGbkLCtwHiDnh7o28Q | lo: Orca (83.586392) Czfq3xZZDmsdGdUyrNLtRhGc47cXcZtLG4crryfu44zE
[2026-04-15 12:36:06] [INFO] [XDEX] SOL/USDC | spread: 0.0319% | fees: 0.0600% | sub-fee | hi: Orca (83.613066) FpCMFDFGYotvufJ7HrFHsWEiiQCGbkLCtwHiDnh7o28Q | lo: Orca (83.586392) Czfq3xZZDmsdGdUyrNLtRhGc47cXcZtLG4crryfu44zE
[2026-04-15 12:36:09] [INFO] [XDEX] SOL/USDC | spread: 0.0171% | fees: 0.0700% | sub-fee | hi: Orca (83.616153) FpCMFDFGYotvufJ7HrFHsWEiiQCGbkLCtwHiDnh7o28Q | lo: Orca (83.601821) 7qbRF6YsyGuLUVs6Y1q64bdVrfe4ZcUUz1JRdoVNUJnm
[2026-04-15 12:36:14] [INFO] [XDEX] SOL/USDC | spread: 0.0397% | fees: 0.0700% | sub-fee | hi: Orca (83.635153) FpCMFDFGYotvufJ7HrFHsWEiiQCGbkLCtwHiDnh7o28Q | lo: Orca (83.601948) 7qbRF6YsyGuLUVs6Y1q64bdVrfe4ZcUUz1JRdoVNUJnm
[2026-04-15 12:36:19] [INFO] [XDEX] SOL/USDT | spread: 0.0404% | fees: 0.0600% | sub-fee | hi: Orca (83.595786) FwewVm8u6tFPGewAyHmWAqad9hmF7mvqxK4mJ7iNqqGC | lo: Orca (83.562062) HcoJqG325TTifs6jyWvRJ9ET4pDu12Xrt2EQKZGFmuKX
[2026-04-15 12:36:23] [INFO] [XDEX] SOL/USDT | spread: 0.0266% | fees: 0.0600% | sub-fee | hi: Orca (83.595786) FwewVm8u6tFPGewAyHmWAqad9hmF7mvqxK4mJ7iNqqGC | lo: Orca (83.573564) HcoJqG325TTifs6jyWvRJ9ET4pDu12Xrt2EQKZGFmuKX
[2026-04-15 12:36:23] [INFO] [XDEX] SOL/USDC | spread: 0.0397% | fees: 0.0700% | sub-fee | hi: Orca (83.635153) FpCMFDFGYotvufJ7HrFHsWEiiQCGbkLCtwHiDnh7o28Q | lo: Orca (83.601948) 7qbRF6YsyGuLUVs6Y1q64bdVrfe4ZcUUz1JRdoVNUJnm
[2026-04-15 12:36:26] [INFO] [XDEX] SOL/USDT | spread: 0.0416% | fees: 0.0600% | sub-fee | hi: Orca (83.608346) FwewVm8u6tFPGewAyHmWAqad9hmF7mvqxK4mJ7iNqqGC | lo: Orca (83.573564) HcoJqG325TTifs6jyWvRJ9ET4pDu12Xrt2EQKZGFmuKX
[2026-04-15 12:36:28] [INFO] [XDEX] SOL/USDC | spread: 0.0397% | fees: 0.0700% | sub-fee | hi: Orca (83.635153) FpCMFDFGYotvufJ7HrFHsWEiiQCGbkLCtwHiDnh7o28Q | lo: Orca (83.601948) 7qbRF6YsyGuLUVs6Y1q64bdVrfe4ZcUUz1JRdoVNUJnm
[2026-04-15 12:36:30] [INFO] [XDEX] SOL/USDT | spread: 0.0416% | fees: 0.0600% | sub-fee | hi: Orca (83.608346) FwewVm8u6tFPGewAyHmWAqad9hmF7mvqxK4mJ7iNqqGC | lo: Orca (83.573564) HcoJqG325TTifs6jyWvRJ9ET4pDu12Xrt2EQKZGFmuKX
[2026-04-15 12:36:31] [INFO] [XDEX] SOL/USDC | spread: 0.0397% | fees: 0.0700% | sub-fee | hi: Orca (83.635153) FpCMFDFGYotvufJ7HrFHsWEiiQCGbkLCtwHiDnh7o28Q | lo: Orca (83.601948) 7qbRF6YsyGuLUVs6Y1q64bdVrfe4ZcUUz1JRdoVNUJnm
[2026-04-15 12:36:33] [INFO] [XDEX] SOL/USDT | spread: 0.0416% | fees: 0.0600% | sub-fee | hi: Orca (83.608346) FwewVm8u6tFPGewAyHmWAqad9hmF7mvqxK4mJ7iNqqGC | lo: Orca (83.573564) HcoJqG325TTifs6jyWvRJ9ET4pDu12Xrt2EQKZGFmuKX
[2026-04-15 12:36:35] [INFO] [XDEX] SOL/USDC | spread: 0.0397% | fees: 0.0700% | sub-fee | hi: Orca (83.635153) FpCMFDFGYotvufJ7HrFHsWEiiQCGbkLCtwHiDnh7o28Q | lo: Orca (83.601948) 7qbRF6YsyGuLUVs6Y1q64bdVrfe4ZcUUz1JRdoVNUJnm
[2026-04-15 12:36:37] [INFO] [XDEX] SOL/USDT | spread: 0.0496% | fees: 0.0600% | sub-fee | hi: Orca (83.615033) FwewVm8u6tFPGewAyHmWAqad9hmF7mvqxK4mJ7iNqqGC | lo: Orca (83.573564) HcoJqG325TTifs6jyWvRJ9ET4pDu12Xrt2EQKZGFmuKX
[2026-04-15 12:36:38] [INFO] [XDEX] SOL/USDC | spread: 0.0725% | fees: 0.0700% | PROFITABLE | hi: Orca (83.662528) FpCMFDFGYotvufJ7HrFHsWEiiQCGbkLCtwHiDnh7o28Q | lo: Orca (83.601948) 7qbRF6YsyGuLUVs6Y1q64bdVrfe4ZcUUz1JRdoVNUJnm
[2026-04-15 12:36:38] [INFO] [LocalExec] Small loan (2.0 SOL) — trusting spread, skipping computeSwap gate | local math: -0.1775 USD
[2026-04-15 12:36:38] [INFO] 🎯 LOCAL EXEC — SOL/USDC | spread: 0.072% | loan: 2.0 SOL | profit: ~$-0.1775 | buy: Orca@FpCMFDFG → sell: Orca@7qbRF6Ys
[2026-04-15 12:36:38] [INFO] [LocalExec] Batch-refreshed 2 pool states
[2026-04-15 12:36:38] [INFO] [LocalExec] Jito tip: 50000 lamports (~$0.0042)
[2026-04-15 12:36:38] [INFO] [LocalExec] borrowIxIndex dynamically set to 2
[2026-04-15 12:36:38] [INFO] [LocalExec] Tx size: 1153 bytes | 10 instructions
[2026-04-15 12:36:38] [INFO] [LocalExec] Jito accepted via mainnet
[2026-04-15 12:36:38] [INFO] [LAT] gate=1ms build=97ms sign=18ms submit=36ms TOTAL=152ms
[2026-04-15 12:36:38] [INFO] [LocalExec] ✅ Tx submitted: 656F89PqYH4GmwFv3RkDr7GhxrYhTAQYphaEnSQgcLBJ2kWHWKRrEtnSsT8vSH3W9uozSdtEeP7hiPdjvvdLt7bM
[2026-04-15 12:36:38] [INFO] [LocalExec] Jito accepted via frankfurt
[2026-04-15 12:36:38] [INFO] [LocalExec] Jito accepted via amsterdam
[2026-04-15 12:36:41] [INFO] [XDEX] SOL/USDT | spread: 0.0676% | fees: 0.0600% | PROFITABLE | hi: Orca (83.639787) FwewVm8u6tFPGewAyHmWAqad9hmF7mvqxK4mJ7iNqqGC | lo: Orca (83.583259) HcoJqG325TTifs6jyWvRJ9ET4pDu12Xrt2EQKZGFmuKX
[2026-04-15 12:36:41] [INFO] [LocalExec] Small loan (2.0 SOL) — trusting spread, skipping computeSwap gate | local math: -7.2160 USD
[2026-04-15 12:36:41] [INFO] 🎯 LOCAL EXEC — SOL/USDT | spread: 0.068% | loan: 2.0 SOL | profit: ~$-7.2160 | buy: Orca@FwewVm8u → sell: Orca@HcoJqG32
[2026-04-15 12:36:41] [INFO] [LocalExec] Batch-refreshed 2 pool states
[2026-04-15 12:36:41] [INFO] [LocalExec] Jito tip: 50000 lamports (~$0.0042)
[2026-04-15 12:36:41] [INFO] [LocalExec] borrowIxIndex dynamically set to 2
[2026-04-15 12:36:41] [INFO] [LocalExec] Tx size: 1153 bytes | 10 instructions
[2026-04-15 12:36:41] [INFO] [LocalExec] Jito accepted via frankfurt
[2026-04-15 12:36:41] [INFO] [LAT] gate=2ms build=43ms sign=12ms submit=17ms TOTAL=74ms
[2026-04-15 12:36:41] [INFO] [LocalExec] ✅ Tx submitted: JbroM5jCGYmstW7Fjm9n9wfJdYNyzQvUKw41KK9mYvZ7xTXy1BeYMBqNttd4ymZ9HofxRoMau5CCugXmW15iSoo
[2026-04-15 12:36:41] [INFO] [LocalExec] Jito accepted via mainnet
[2026-04-15 12:36:41] [INFO] [LocalExec] Jito accepted via amsterdam
[2026-04-15 12:36:42] [INFO] [XDEX] SOL/USDC | spread: 0.0345% | fees: 0.0700% | sub-fee | hi: Orca (83.664573) FpCMFDFGYotvufJ7HrFHsWEiiQCGbkLCtwHiDnh7o28Q | lo: Orca (83.635687) 7qbRF6YsyGuLUVs6Y1q64bdVrfe4ZcUUz1JRdoVNUJnm
[2026-04-15 12:36:45] [INFO] [XDEX] SOL/USDT | spread: 0.0560% | fees: 0.0600% | sub-fee | hi: Orca (83.639787) FwewVm8u6tFPGewAyHmWAqad9hmF7mvqxK4mJ7iNqqGC | lo: Orca (83.592938) HcoJqG325TTifs6jyWvRJ9ET4pDu12Xrt2EQKZGFmuKX
[2026-04-15 12:36:48] [INFO] 💓 alive | slots +209 | detected: 0 | attempted: 3 | sent: 3
[2026-04-15 12:36:48] [INFO] [XDEX] SOL/USDC | spread: 0.0345% | fees: 0.0700% | sub-fee | hi: Orca (83.664573) FpCMFDFGYotvufJ7HrFHsWEiiQCGbkLCtwHiDnh7o28Q | lo: Orca (83.635687) 7qbRF6YsyGuLUVs6Y1q64bdVrfe4ZcUUz1JRdoVNUJnm
[2026-04-15 12:36:49] [INFO] [XDEX] SOL/USDT | spread: 0.0109% | fees: 0.0600% | sub-fee | hi: Orca (83.639787) FwewVm8u6tFPGewAyHmWAqad9hmF7mvqxK4mJ7iNqqGC | lo: Orca (83.630700) HcoJqG325TTifs6jyWvRJ9ET4pDu12Xrt2EQKZGFmuKX
[2026-04-15 12:36:50] [ERROR] [Executor] Tx failed on-chain: {"InstructionError":[7,{"Custom":6036}]}
[2026-04-15 12:36:53] [INFO] [XDEX] SOL/USDC | spread: 0.0345% | fees: 0.0700% | sub-fee | hi: Orca (83.664573) FpCMFDFGYotvufJ7HrFHsWEiiQCGbkLCtwHiDnh7o28Q | lo: Orca (83.635687) 7qbRF6YsyGuLUVs6Y1q64bdVrfe4ZcUUz1JRdoVNUJnm
[2026-04-15 12:36:54] [INFO] [XDEX] SOL/USDT | spread: 0.0109% | fees: 0.0600% | sub-fee | hi: Orca (83.639787) FwewVm8u6tFPGewAyHmWAqad9hmF7mvqxK4mJ7iNqqGC | lo: Orca (83.630700) HcoJqG325TTifs6jyWvRJ9ET4pDu12Xrt2EQKZGFmuKX
[2026-04-15 12:36:54] [ERROR] [Executor] Tx failed on-chain: {"InstructionError":[7,{"Custom":6038}]}
[2026-04-15 12:36:56] [INFO] [XDEX] SOL/USDC | spread: 0.0345% | fees: 0.0700% | sub-fee | hi: Orca (83.664573) FpCMFDFGYotvufJ7HrFHsWEiiQCGbkLCtwHiDnh7o28Q | lo: Orca (83.635687) 7qbRF6YsyGuLUVs6Y1q64bdVrfe4ZcUUz1JRdoVNUJnm
[2026-04-15 12:36:57] [INFO] [XDEX] SOL/USDT | spread: 0.0109% | fees: 0.0600% | sub-fee | hi: Orca (83.639787) FwewVm8u6tFPGewAyHmWAqad9hmF7mvqxK4mJ7iNqqGC | lo: Orca (83.630700) HcoJqG325TTifs6jyWvRJ9ET4pDu12Xrt2EQKZGFmuKX
[2026-04-15 12:37:00] [INFO] [XDEX] SOL/USDC | spread: 0.0345% | fees: 0.0700% | sub-fee | hi: Orca (83.664573) FpCMFDFGYotvufJ7HrFHsWEiiQCGbkLCtwHiDnh7o28Q | lo: Orca (83.635687) 7qbRF6YsyGuLUVs6Y1q64bdVrfe4ZcUUz1JRdoVNUJnm
[2026-04-15 12:37:01] [INFO] [XDEX] SOL/USDT | spread: 0.0109% | fees: 0.0600% | sub-fee | hi: Orca (83.639787) FwewVm8u6tFPGewAyHmWAqad9hmF7mvqxK4mJ7iNqqGC | lo: Orca (83.630700) HcoJqG325TTifs6jyWvRJ9ET4pDu12Xrt2EQKZGFmuKX
[2026-04-15 12:37:04] [INFO] [XDEX] SOL/USDC | spread: 0.0192% | fees: 0.0700% | sub-fee | hi: Orca (83.664573) FpCMFDFGYotvufJ7HrFHsWEiiQCGbkLCtwHiDnh7o28Q | lo: Orca (83.648525) 7qbRF6YsyGuLUVs6Y1q64bdVrfe4ZcUUz1JRdoVNUJnm
[2026-04-15 12:37:07] [INFO] [XDEX] SOL/USDT | spread: 0.0109% | fees: 0.0600% | sub-fee | hi: Orca (83.639787) FwewVm8u6tFPGewAyHmWAqad9hmF7mvqxK4mJ7iNqqGC | lo: Orca (83.630700) HcoJqG325TTifs6jyWvRJ9ET4pDu12Xrt2EQKZGFmuKX
[2026-04-15 12:37:08] [INFO] [XDEX] SOL/USDC | spread: 0.0108% | fees: 0.0600% | sub-fee | hi: Orca (83.673609) Czfq3xZZDmsdGdUyrNLtRhGc47cXcZtLG4crryfu44zE | lo: Orca (83.664573) FpCMFDFGYotvufJ7HrFHsWEiiQCGbkLCtwHiDnh7o28Q
[2026-04-15 12:37:10] [INFO] [XDEX] SOL/USDT | spread: 0.0109% | fees: 0.0600% | sub-fee | hi: Orca (83.639787) FwewVm8u6tFPGewAyHmWAqad9hmF7mvqxK4mJ7iNqqGC | lo: Orca (83.630700) HcoJqG325TTifs6jyWvRJ9ET4pDu12Xrt2EQKZGFmuKX
[2026-04-15 12:37:11] [INFO] [XDEX] SOL/USDC | spread: 0.0267% | fees: 0.0600% | sub-fee | hi: Orca (83.686923) Czfq3xZZDmsdGdUyrNLtRhGc47cXcZtLG4crryfu44zE | lo: Orca (83.664573) FpCMFDFGYotvufJ7HrFHsWEiiQCGbkLCtwHiDnh7o28Q
[2026-04-15 12:37:13] [INFO] [XDEX] SOL/USDT | spread: 0.0109% | fees: 0.0600% | sub-fee | hi: Orca (83.639787) FwewVm8u6tFPGewAyHmWAqad9hmF7mvqxK4mJ7iNqqGC | lo: Orca (83.630700) HcoJqG325TTifs6jyWvRJ9ET4pDu12Xrt2EQKZGFmuKX
[2026-04-15 12:37:15] [INFO] [XDEX] SOL/USDC | spread: 0.0267% | fees: 0.0600% | sub-fee | hi: Orca (83.686923) Czfq3xZZDmsdGdUyrNLtRhGc47cXcZtLG4crryfu44zE | lo: Orca (83.664573) FpCMFDFGYotvufJ7HrFHsWEiiQCGbkLCtwHiDnh7o28Q
[2026-04-15 12:37:16] [INFO] [XDEX] SOL/USDT | spread: 0.0767% | fees: 0.0600% | PROFITABLE | hi: Orca (83.694884) FwewVm8u6tFPGewAyHmWAqad9hmF7mvqxK4mJ7iNqqGC | lo: Orca (83.630700) HcoJqG325TTifs6jyWvRJ9ET4pDu12Xrt2EQKZGFmuKX
[2026-04-15 12:37:16] [INFO] [LocalExec] Small loan (2.0 SOL) — trusting spread, skipping computeSwap gate | local math: -7.2076 USD
[2026-04-15 12:37:16] [INFO] 🎯 LOCAL EXEC — SOL/USDT | spread: 0.077% | loan: 2.0 SOL | profit: ~$-7.2076 | buy: Orca@FwewVm8u → sell: Orca@HcoJqG32
[2026-04-15 12:37:16] [INFO] [LocalExec] Batch-refreshed 2 pool states
[2026-04-15 12:37:16] [INFO] [LocalExec] Jito tip: 50000 lamports (~$0.0042)
[2026-04-15 12:37:16] [INFO] [LocalExec] borrowIxIndex dynamically set to 2
[2026-04-15 12:37:16] [INFO] [LocalExec] Tx size: 1153 bytes | 10 instructions
[2026-04-15 12:37:16] [INFO] [LocalExec] Jito accepted via mainnet
[2026-04-15 12:37:16] [INFO] [LAT] gate=1ms build=50ms sign=8ms submit=30ms TOTAL=89ms
[2026-04-15 12:37:16] [INFO] [LocalExec] ✅ Tx submitted: 5AaUeV6KJH9pGB8fBaoaTGonZ4fecma8d7swCCwHNxh3BBuqmFewWwrH7QoFNAsPPCwtrRTK5sjETx5hpEfJCWte
[2026-04-15 12:37:16] [INFO] [LocalExec] Jito accepted via amsterdam
[2026-04-15 12:37:16] [INFO] [LocalExec] Jito accepted via frankfurt
[2026-04-15 12:37:18] [INFO] [XDEX] SOL/USDC | spread: 0.0467% | fees: 0.0600% | sub-fee | hi: Orca (83.726023) FpCMFDFGYotvufJ7HrFHsWEiiQCGbkLCtwHiDnh7o28Q | lo: Orca (83.686923) Czfq3xZZDmsdGdUyrNLtRhGc47cXcZtLG4crryfu44zE
[2026-04-15 12:37:19] [INFO] [XDEX] SOL/USDT | spread: 0.0767% | fees: 0.0600% | PROFITABLE | hi: Orca (83.694884) FwewVm8u6tFPGewAyHmWAqad9hmF7mvqxK4mJ7iNqqGC | lo: Orca (83.630700) HcoJqG325TTifs6jyWvRJ9ET4pDu12Xrt2EQKZGFmuKX
[2026-04-15 12:37:19] [INFO] [LocalExec] Small loan (2.0 SOL) — trusting spread, skipping computeSwap gate | local math: -7.2076 USD
[2026-04-15 12:37:19] [INFO] 🎯 LOCAL EXEC — SOL/USDT | spread: 0.077% | loan: 2.0 SOL | profit: ~$-7.2076 | buy: Orca@FwewVm8u → sell: Orca@HcoJqG32
[2026-04-15 12:37:19] [INFO] [LocalExec] Batch-refreshed 2 pool states
[2026-04-15 12:37:19] [INFO] [LocalExec] Jito tip: 50000 lamports (~$0.0042)
[2026-04-15 12:37:19] [INFO] [LocalExec] borrowIxIndex dynamically set to 2
[2026-04-15 12:37:19] [INFO] [LocalExec] Tx size: 1153 bytes | 10 instructions
[2026-04-15 12:37:19] [INFO] [LocalExec] Jito accepted via mainnet
[2026-04-15 12:37:19] [INFO] [LAT] gate=1ms build=39ms sign=7ms submit=14ms TOTAL=61ms
[2026-04-15 12:37:19] [INFO] [LocalExec] ✅ Tx submitted: 7t4FzieeBkNDg6Fh5TrC11gHiK6nY1g57YRZu9VUtp7yagBfLteCJEuQ4QVuHLDGcps6Mip9vqYDNbhPKwgU1Pi
[2026-04-15 12:37:19] [INFO] [LocalExec] Jito accepted via frankfurt
[2026-04-15 12:37:19] [INFO] [LocalExec] Jito accepted via amsterdam
[2026-04-15 12:37:19] [ERROR] Unhandled rejection: Error: 429 Too Many Requests: {"jsonrpc":"2.0","error":{"code":-32429,"message":"rate limited"}}
[2026-04-15 12:37:23] [INFO] [XDEX] SOL/USDT | spread: 0.0767% | fees: 0.0600% | PROFITABLE | hi: Orca (83.694884) FwewVm8u6tFPGewAyHmWAqad9hmF7mvqxK4mJ7iNqqGC | lo: Orca (83.630700) HcoJqG325TTifs6jyWvRJ9ET4pDu12Xrt2EQKZGFmuKX
[2026-04-15 12:37:23] [INFO] [LocalExec] Small loan (2.0 SOL) — trusting spread, skipping computeSwap gate | local math: -7.2050 USD
[2026-04-15 12:37:23] [INFO] 🎯 LOCAL EXEC — SOL/USDT | spread: 0.077% | loan: 2.0 SOL | profit: ~$-7.2050 | buy: Orca@FwewVm8u → sell: Orca@HcoJqG32
[2026-04-15 12:37:23] [INFO] [LocalExec] Batch-refreshed 2 pool states
[2026-04-15 12:37:23] [INFO] [LocalExec] Jito tip: 50000 lamports (~$0.0042)
[2026-04-15 12:37:23] [INFO] [LocalExec] borrowIxIndex dynamically set to 2
[2026-04-15 12:37:23] [INFO] [LocalExec] Tx size: 1153 bytes | 10 instructions
[2026-04-15 12:37:23] [INFO] [LocalExec] Jito accepted via mainnet
[2026-04-15 12:37:23] [INFO] [LAT] gate=1ms build=47ms sign=7ms submit=16ms TOTAL=71ms
[2026-04-15 12:37:23] [INFO] [LocalExec] ✅ Tx submitted: 4RWMEQSxypMfvocjWPaVkiFNyrcLnarX4LJSSLGHkNTnezn7BHSGxhhF12V9F1KWviPCamQmwUwPkWMCSpHTzVL8
[2026-04-15 12:37:23] [INFO] [LocalExec] Jito accepted via frankfurt
[2026-04-15 12:37:23] [INFO] [LocalExec] Jito accepted via amsterdam
[2026-04-15 12:37:23] [ERROR] Unhandled rejection: Error: 429 Too Many Requests: {"jsonrpc":"2.0","error":{"code":-32429,"message":"rate limited"}}
[2026-04-15 12:37:24] [INFO] [XDEX] SOL/USDC | spread: 0.0167% | fees: 0.0600% | sub-fee | hi: Orca (83.723446) Czfq3xZZDmsdGdUyrNLtRhGc47cXcZtLG4crryfu44zE | lo: Orca (83.709454) FpCMFDFGYotvufJ7HrFHsWEiiQCGbkLCtwHiDnh7o28Q
[2026-04-15 12:37:27] [INFO] [XDEX] SOL/USDT | spread: 0.0642% | fees: 0.0600% | PROFITABLE | hi: Orca (83.684433) FwewVm8u6tFPGewAyHmWAqad9hmF7mvqxK4mJ7iNqqGC | lo: Orca (83.630700) HcoJqG325TTifs6jyWvRJ9ET4pDu12Xrt2EQKZGFmuKX
[2026-04-15 12:37:27] [INFO] [LocalExec] Small loan (2.0 SOL) — trusting spread, skipping computeSwap gate | local math: -7.2259 USD
[2026-04-15 12:37:27] [INFO] 🎯 LOCAL EXEC — SOL/USDT | spread: 0.064% | loan: 2.0 SOL | profit: ~$-7.2259 | buy: Orca@FwewVm8u → sell: Orca@HcoJqG32
[2026-04-15 12:37:28] [INFO] [LocalExec] Batch-refreshed 2 pool states
[2026-04-15 12:37:28] [INFO] [LocalExec] Jito tip: 50000 lamports (~$0.0042)
[2026-04-15 12:37:28] [INFO] [LocalExec] borrowIxIndex dynamically set to 2
[2026-04-15 12:37:28] [INFO] [LocalExec] Tx size: 1153 bytes | 10 instructions
[2026-04-15 12:37:28] [INFO] [LocalExec] Jito accepted via mainnet
[2026-04-15 12:37:28] [INFO] [LAT] gate=1ms build=38ms sign=21ms submit=15ms TOTAL=75ms
[2026-04-15 12:37:28] [INFO] [LocalExec] ✅ Tx submitted: Gk4rgTS4xKXSg33S2Zr6jL5v5fQ9MKPcmryxGZzWdy6FVdeKawo3bNPQoYEsZuakosLvLmEhVpphLWXG4L5uZqe
[2026-04-15 12:37:28] [INFO] [LocalExec] Jito accepted via frankfurt
[2026-04-15 12:37:28] [INFO] [LocalExec] Jito accepted via amsterdam
[2026-04-15 12:37:28] [ERROR] Unhandled rejection: Error: 429 Too Many Requests: {"jsonrpc":"2.0","error":{"code":-32429,"message":"rate limited"}}
[2026-04-15 12:37:28] [INFO] [XDEX] SOL/USDC | spread: 0.0198% | fees: 0.0700% | sub-fee | hi: Orca (83.714541) FpCMFDFGYotvufJ7HrFHsWEiiQCGbkLCtwHiDnh7o28Q | lo: Orca (83.698006) 7qbRF6YsyGuLUVs6Y1q64bdVrfe4ZcUUz1JRdoVNUJnm
[2026-04-15 12:37:29] [ERROR] [Executor] Tx failed on-chain: {"InstructionError":[7,{"Custom":6038}]}
[2026-04-15 12:37:31] [INFO] [XDEX] SOL/USDT | spread: 0.0897% | fees: 0.0600% | PROFITABLE | hi: Orca (83.705751) FwewVm8u6tFPGewAyHmWAqad9hmF7mvqxK4mJ7iNqqGC | lo: Orca (83.630700) HcoJqG325TTifs6jyWvRJ9ET4pDu12Xrt2EQKZGFmuKX
[2026-04-15 12:37:31] [INFO] [LocalExec] Small loan (2.0 SOL) — trusting spread, skipping computeSwap gate | local math: -7.1903 USD
[2026-04-15 12:37:31] [INFO] 🎯 LOCAL EXEC — SOL/USDT | spread: 0.090% | loan: 2.0 SOL | profit: ~$-7.1903 | buy: Orca@FwewVm8u → sell: Orca@HcoJqG32
[2026-04-15 12:37:31] [INFO] [LocalExec] Batch-refreshed 2 pool states
[2026-04-15 12:37:31] [INFO] [LocalExec] Jito tip: 50000 lamports (~$0.0042)
[2026-04-15 12:37:31] [INFO] [LocalExec] borrowIxIndex dynamically set to 2
[2026-04-15 12:37:31] [INFO] [LocalExec] Tx size: 1153 bytes | 10 instructions
[2026-04-15 12:37:31] [INFO] [LocalExec] Jito accepted via mainnet
[2026-04-15 12:37:31] [INFO] [LAT] gate=1ms build=54ms sign=7ms submit=15ms TOTAL=77ms
[2026-04-15 12:37:31] [INFO] [LocalExec] ✅ Tx submitted: 5RgBx3c24cxmeEgdaJFo6GgxxFGPYtZpeoMBV35Z2nQg1TyQUhtxqwHUYtvf9udvJUecXDvmQUmGsZnqZiEoa51F
[2026-04-15 12:37:31] [INFO] [LocalExec] Jito accepted via frankfurt
[2026-04-15 12:37:31] [INFO] [LocalExec] Jito accepted via amsterdam
[2026-04-15 12:37:31] [INFO] [XDEX] SOL/USDC | spread: 0.0438% | fees: 0.0700% | sub-fee | hi: Orca (83.743437) FpCMFDFGYotvufJ7HrFHsWEiiQCGbkLCtwHiDnh7o28Q | lo: Orca (83.706733) 7qbRF6YsyGuLUVs6Y1q64bdVrfe4ZcUUz1JRdoVNUJnm
[2026-04-15 12:37:32] [ERROR] [Executor] Tx failed on-chain: {"InstructionError":[7,{"Custom":6038}]}
[2026-04-15 12:37:34] [INFO] [XDEX] SOL/USDT | spread: 0.0897% | fees: 0.0600% | PROFITABLE | hi: Orca (83.705751) FwewVm8u6tFPGewAyHmWAqad9hmF7mvqxK4mJ7iNqqGC | lo: Orca (83.630700) HcoJqG325TTifs6jyWvRJ9ET4pDu12Xrt2EQKZGFmuKX
[2026-04-15 12:37:34] [INFO] [LocalExec] Small loan (2.0 SOL) — trusting spread, skipping computeSwap gate | local math: -7.1885 USD
[2026-04-15 12:37:34] [INFO] 🎯 LOCAL EXEC — SOL/USDT | spread: 0.090% | loan: 2.0 SOL | profit: ~$-7.1885 | buy: Orca@FwewVm8u → sell: Orca@HcoJqG32
[2026-04-15 12:37:34] [INFO] [LocalExec] Batch-refreshed 2 pool states
[2026-04-15 12:37:34] [INFO] [LocalExec] Jito tip: 50000 lamports (~$0.0042)
[2026-04-15 12:37:34] [INFO] [LocalExec] borrowIxIndex dynamically set to 2
[2026-04-15 12:37:34] [INFO] [LocalExec] Tx size: 1153 bytes | 10 instructions
[2026-04-15 12:37:34] [INFO] [LocalExec] Jito accepted via frankfurt
[2026-04-15 12:37:34] [INFO] [LAT] gate=1ms build=53ms sign=24ms submit=18ms TOTAL=96ms
[2026-04-15 12:37:34] [INFO] [LocalExec] ✅ Tx submitted: 2J69rAZSHaiYWVpj3BbDrcoki97ddQ9w54sGxfX9DWF7JveLqt15AN66pYYRXKQQxeUYJwME4YNZDYS1iedzKjC8
[2026-04-15 12:37:34] [INFO] [LocalExec] Jito accepted via mainnet
[2026-04-15 12:37:34] [INFO] [LocalExec] Jito accepted via amsterdam
[2026-04-15 12:37:34] [ERROR] Unhandled rejection: Error: 429 Too Many Requests: {"jsonrpc":"2.0","error":{"code":-32429,"message":"rate limited"}}
[2026-04-15 12:37:34] [INFO] [XDEX] SOL/USDC | spread: 0.0438% | fees: 0.0700% | sub-fee | hi: Orca (83.743437) FpCMFDFGYotvufJ7HrFHsWEiiQCGbkLCtwHiDnh7o28Q | lo: Orca (83.706733) 7qbRF6YsyGuLUVs6Y1q64bdVrfe4ZcUUz1JRdoVNUJnm
[2026-04-15 12:37:37] [ERROR] [Executor] Tx failed on-chain: {"InstructionError":[7,{"Custom":6038}]}
[2026-04-15 12:37:37] [INFO] [XDEX] SOL/USDC | spread: 0.0379% | fees: 0.0700% | sub-fee | hi: Orca (83.743437) FpCMFDFGYotvufJ7HrFHsWEiiQCGbkLCtwHiDnh7o28Q | lo: Orca (83.711680) 7qbRF6YsyGuLUVs6Y1q64bdVrfe4ZcUUz1JRdoVNUJnm
[2026-04-15 12:37:39] [INFO] [XDEX] SOL/USDT | spread: 0.0889% | fees: 0.0600% | PROFITABLE | hi: Orca (83.705022) FwewVm8u6tFPGewAyHmWAqad9hmF7mvqxK4mJ7iNqqGC | lo: Orca (83.630700) HcoJqG325TTifs6jyWvRJ9ET4pDu12Xrt2EQKZGFmuKX
[2026-04-15 12:37:39] [INFO] [LocalExec] Small loan (2.0 SOL) — trusting spread, skipping computeSwap gate | local math: -7.1907 USD
[2026-04-15 12:37:39] [INFO] 🎯 LOCAL EXEC — SOL/USDT | spread: 0.089% | loan: 2.0 SOL | profit: ~$-7.1907 | buy: Orca@FwewVm8u → sell: Orca@HcoJqG32
[2026-04-15 12:37:39] [INFO] [LocalExec] Batch-refreshed 2 pool states
[2026-04-15 12:37:39] [INFO] [LocalExec] Jito tip: 50000 lamports (~$0.0042)
[2026-04-15 12:37:39] [INFO] [LocalExec] borrowIxIndex dynamically set to 2
[2026-04-15 12:37:39] [INFO] [LocalExec] Tx size: 1153 bytes | 10 instructions
[2026-04-15 12:37:39] [INFO] [LocalExec] Jito accepted via frankfurt
[2026-04-15 12:37:39] [INFO] [LAT] gate=1ms build=50ms sign=9ms submit=18ms TOTAL=78ms
[2026-04-15 12:37:39] [INFO] [LocalExec] ✅ Tx submitted: 4gsnGwG9LoXti6E52KmQXjwiMuFmtktmsZeg1cazkT5EHfbtQyK3ifhcSvuaU37Z9QWgdFahbbkX4ERddjCYFrH6
[2026-04-15 12:37:39] [INFO] [LocalExec] Jito accepted via mainnet
[2026-04-15 12:37:39] [INFO] [LocalExec] Jito accepted via amsterdam
[2026-04-15 12:37:41] [ERROR] [Executor] Tx failed on-chain: {"InstructionError":[7,{"Custom":6038}]}
[2026-04-15 12:37:44] [INFO] [XDEX] SOL/USDT | spread: 0.0889% | fees: 0.0600% | PROFITABLE | hi: Orca (83.705022) FwewVm8u6tFPGewAyHmWAqad9hmF7mvqxK4mJ7iNqqGC | lo: Orca (83.630700) HcoJqG325TTifs6jyWvRJ9ET4pDu12Xrt2EQKZGFmuKX
[2026-04-15 12:37:44] [INFO] [LocalExec] Small loan (2.0 SOL) — trusting spread, skipping computeSwap gate | local math: -7.1899 USD
[2026-04-15 12:37:44] [INFO] 🎯 LOCAL EXEC — SOL/USDT | spread: 0.089% | loan: 2.0 SOL | profit: ~$-7.1899 | buy: Orca@FwewVm8u → sell: Orca@HcoJqG32
[2026-04-15 12:37:44] [INFO] [LocalExec] Batch-refreshed 2 pool states
[2026-04-15 12:37:44] [INFO] [LocalExec] Jito tip: 50000 lamports (~$0.0042)
[2026-04-15 12:37:44] [INFO] [LocalExec] borrowIxIndex dynamically set to 2
[2026-04-15 12:37:44] [INFO] [LocalExec] Tx size: 1153 bytes | 10 instructions
[2026-04-15 12:37:44] [INFO] [LocalExec] Jito accepted via frankfurt
[2026-04-15 12:37:44] [INFO] [LAT] gate=1ms build=104ms sign=5ms submit=14ms TOTAL=124ms
[2026-04-15 12:37:44] [INFO] [LocalExec] ✅ Tx submitted: 4eoC6Zf3SbWgP3DhpmMd1DCYSuZ8zkKjxthRh5V3cSZEsWHFcPhR42EsdqddcZPnXthmSsR8yxpA4K8dyuhepTtb
[2026-04-15 12:37:44] [INFO] [LocalExec] Jito accepted via mainnet
[2026-04-15 12:37:44] [INFO] [LocalExec] Jito accepted via amsterdam
[2026-04-15 12:37:45] [ERROR] [Executor] Tx failed on-chain: {"InstructionError":[7,{"Custom":6038}]}
[2026-04-15 12:37:46] [INFO] [XDEX] SOL/USDC | spread: 0.0379% | fees: 0.0700% | sub-fee | hi: Orca (83.743437) FpCMFDFGYotvufJ7HrFHsWEiiQCGbkLCtwHiDnh7o28Q | lo: Orca (83.711680) 7qbRF6YsyGuLUVs6Y1q64bdVrfe4ZcUUz1JRdoVNUJnm
[2026-04-15 12:37:48] [ERROR] [Executor] Tx failed on-chain: {"InstructionError":[7,{"Custom":6038}]}
[2026-04-15 12:37:49] [INFO] [XDEX] SOL/USDC | spread: 0.0379% | fees: 0.0700% | sub-fee | hi: Orca (83.743437) FpCMFDFGYotvufJ7HrFHsWEiiQCGbkLCtwHiDnh7o28Q | lo: Orca (83.711680) 7qbRF6YsyGuLUVs6Y1q64bdVrfe4ZcUUz1JRdoVNUJnm
[2026-04-15 12:37:49] [INFO] [XDEX] SOL/USDT | spread: 0.0889% | fees: 0.0600% | PROFITABLE | hi: Orca (83.705022) FwewVm8u6tFPGewAyHmWAqad9hmF7mvqxK4mJ7iNqqGC | lo: Orca (83.630700) HcoJqG325TTifs6jyWvRJ9ET4pDu12Xrt2EQKZGFmuKX
[2026-04-15 12:37:49] [INFO] [LocalExec] Small loan (2.0 SOL) — trusting spread, skipping computeSwap gate | local math: -7.1907 USD
[2026-04-15 12:37:49] [INFO] 🎯 LOCAL EXEC — SOL/USDT | spread: 0.089% | loan: 2.0 SOL | profit: ~$-7.1907 | buy: Orca@FwewVm8u → sell: Orca@HcoJqG32
[2026-04-15 12:37:49] [INFO] [LocalExec] Batch-refreshed 2 pool states
[2026-04-15 12:37:49] [INFO] [LocalExec] Jito tip: 50000 lamports (~$0.0042)
[2026-04-15 12:37:49] [INFO] [LocalExec] borrowIxIndex dynamically set to 2
[2026-04-15 12:37:49] [INFO] [LocalExec] Tx size: 1153 bytes | 10 instructions
[2026-04-15 12:37:49] [INFO] [LocalExec] Jito accepted via mainnet
[2026-04-15 12:37:49] [INFO] [LAT] gate=1ms build=47ms sign=6ms submit=32ms TOTAL=86ms
[2026-04-15 12:37:49] [INFO] [LocalExec] ✅ Tx submitted: vrvberJLeYwLDzt84G8PWG9WjC5jBJ2H7UUdJVSKDRuU5rD6AaWAYs6iBRZa2V1iBCQ8hPVqCz2WXh35nMBfZFE
[2026-04-15 12:37:49] [INFO] [LocalExec] Jito accepted via frankfurt
[2026-04-15 12:37:49] [INFO] [LocalExec] Jito accepted via amsterdam
[2026-04-15 12:37:52] [ERROR] [Executor] Tx failed on-chain: {"InstructionError":[7,{"Custom":6038}]}
[2026-04-15 12:37:53] [INFO] [XDEX] SOL/USDT | spread: 0.0818% | fees: 0.0600% | PROFITABLE | hi: Orca (83.705022) FwewVm8u6tFPGewAyHmWAqad9hmF7mvqxK4mJ7iNqqGC | lo: Orca (83.636615) HcoJqG325TTifs6jyWvRJ9ET4pDu12Xrt2EQKZGFmuKX
[2026-04-15 12:37:53] [INFO] [LocalExec] Small loan (2.0 SOL) — trusting spread, skipping computeSwap gate | local math: -7.2027 USD
[2026-04-15 12:37:53] [INFO] 🎯 LOCAL EXEC — SOL/USDT | spread: 0.082% | loan: 2.0 SOL | profit: ~$-7.2027 | buy: Orca@FwewVm8u → sell: Orca@HcoJqG32
[2026-04-15 12:37:53] [INFO] [LocalExec] Batch-refreshed 2 pool states
[2026-04-15 12:37:53] [INFO] [LocalExec] Jito tip: 50000 lamports (~$0.0042)
[2026-04-15 12:37:53] [INFO] [LocalExec] borrowIxIndex dynamically set to 2
[2026-04-15 12:37:53] [INFO] [LocalExec] Tx size: 1153 bytes | 10 instructions
[2026-04-15 12:37:53] [INFO] [LocalExec] Jito accepted via frankfurt
[2026-04-15 12:37:53] [INFO] [LAT] gate=0ms build=47ms sign=8ms submit=16ms TOTAL=71ms
[2026-04-15 12:37:53] [INFO] [LocalExec] ✅ Tx submitted: 23LWkavS5ZYabqqHWQKJP1w7JwCzirQCe4f9ZCEfRM8388FDxPRBsRMHJJmt78MYJwPuU5sKuGJmZxDSijeLga9d
[2026-04-15 12:37:53] [INFO] [LocalExec] Jito accepted via mainnet
[2026-04-15 12:37:53] [INFO] [LocalExec] Jito accepted via amsterdam
[2026-04-15 12:37:53] [INFO] [XDEX] SOL/USDC | spread: 0.0379% | fees: 0.0700% | sub-fee | hi: Orca (83.743437) FpCMFDFGYotvufJ7HrFHsWEiiQCGbkLCtwHiDnh7o28Q | lo: Orca (83.711680) 7qbRF6YsyGuLUVs6Y1q64bdVrfe4ZcUUz1JRdoVNUJnm
[2026-04-15 12:37:56] [INFO] [XDEX] SOL/USDT | spread: 0.0734% | fees: 0.0600% | PROFITABLE | hi: Orca (83.705022) FwewVm8u6tFPGewAyHmWAqad9hmF7mvqxK4mJ7iNqqGC | lo: Orca (83.643598) HcoJqG325TTifs6jyWvRJ9ET4pDu12Xrt2EQKZGFmuKX
[2026-04-15 12:37:56] [INFO] [LocalExec] Small loan (2.0 SOL) — trusting spread, skipping computeSwap gate | local math: -7.2149 USD
[2026-04-15 12:37:56] [INFO] 🎯 LOCAL EXEC — SOL/USDT | spread: 0.073% | loan: 2.0 SOL | profit: ~$-7.2149 | buy: Orca@FwewVm8u → sell: Orca@HcoJqG32
[2026-04-15 12:37:56] [INFO] [LocalExec] Batch-refreshed 2 pool states
[2026-04-15 12:37:56] [INFO] [LocalExec] Jito tip: 50000 lamports (~$0.0042)
[2026-04-15 12:37:56] [INFO] [LocalExec] borrowIxIndex dynamically set to 2
[2026-04-15 12:37:56] [INFO] [LocalExec] Tx size: 1153 bytes | 10 instructions
[2026-04-15 12:37:56] [INFO] [LocalExec] Jito accepted via frankfurt
[2026-04-15 12:37:56] [INFO] [LAT] gate=1ms build=59ms sign=6ms submit=15ms TOTAL=81ms
[2026-04-15 12:37:56] [INFO] [LocalExec] ✅ Tx submitted: 2nRohyTCmngQ6XRSYB8Uxet7To81WwdXBNaMzTGS9UjuHmQLsgLTyWBToTHenoJkw1RXT1ayHYvuu7i7rcwK4iCr
[2026-04-15 12:37:56] [INFO] [LocalExec] Jito accepted via mainnet
[2026-04-15 12:37:56] [INFO] [LocalExec] Jito accepted via amsterdam
[2026-04-15 12:37:56] [ERROR] Unhandled rejection: Error: 429 Too Many Requests: {"jsonrpc":"2.0","error":{"code":-32429,"message":"rate limited"}}
[2026-04-15 12:37:58] [ERROR] [Executor] Tx failed on-chain: {"InstructionError":[7,{"Custom":6038}]}
[2026-04-15 12:37:58] [INFO] [XDEX] SOL/USDC | spread: 0.0379% | fees: 0.0700% | sub-fee | hi: Orca (83.743437) FpCMFDFGYotvufJ7HrFHsWEiiQCGbkLCtwHiDnh7o28Q | lo: Orca (83.711680) 7qbRF6YsyGuLUVs6Y1q64bdVrfe4ZcUUz1JRdoVNUJnm
[2026-04-15 12:38:00] [INFO] [XDEX] SOL/USDT | spread: 0.0792% | fees: 0.0600% | PROFITABLE | hi: Orca (83.705022) FwewVm8u6tFPGewAyHmWAqad9hmF7mvqxK4mJ7iNqqGC | lo: Orca (83.638792) HcoJqG325TTifs6jyWvRJ9ET4pDu12Xrt2EQKZGFmuKX
[2026-04-15 12:38:00] [INFO] [LocalExec] Small loan (2.0 SOL) — trusting spread, skipping computeSwap gate | local math: -7.2059 USD
[2026-04-15 12:38:00] [INFO] 🎯 LOCAL EXEC — SOL/USDT | spread: 0.079% | loan: 2.0 SOL | profit: ~$-7.2059 | buy: Orca@FwewVm8u → sell: Orca@HcoJqG32
[2026-04-15 12:38:00] [INFO] [LocalExec] Batch-refreshed 2 pool states
[2026-04-15 12:38:00] [INFO] [LocalExec] Jito tip: 50000 lamports (~$0.0042)
[2026-04-15 12:38:00] [INFO] [LocalExec] borrowIxIndex dynamically set to 2
[2026-04-15 12:38:00] [INFO] [LocalExec] Tx size: 1153 bytes | 10 instructions
[2026-04-15 12:38:00] [INFO] [LocalExec] Jito accepted via frankfurt
[2026-04-15 12:38:00] [INFO] [LAT] gate=2ms build=49ms sign=6ms submit=15ms TOTAL=72ms
[2026-04-15 12:38:00] [INFO] [LocalExec] ✅ Tx submitted: GcRPZwa4EepeE33d5exwaYd1UcT2LDehDWXwipawvQpCDuDUYao4DbxTQJj6Cn5XYjgVrymvm6pfGpGsyjqemu2
[2026-04-15 12:38:00] [INFO] [LocalExec] Jito accepted via mainnet
[2026-04-15 12:38:00] [INFO] [LocalExec] Jito accepted via amsterdam
[2026-04-15 12:38:03] [ERROR] [Executor] Tx failed on-chain: {"InstructionError":[7,{"Custom":6038}]}
[2026-04-15 12:38:03] [INFO] [XDEX] SOL/USDC | spread: 0.0379% | fees: 0.0700% | sub-fee | hi: Orca (83.743437) FpCMFDFGYotvufJ7HrFHsWEiiQCGbkLCtwHiDnh7o28Q | lo: Orca (83.711680) 7qbRF6YsyGuLUVs6Y1q64bdVrfe4ZcUUz1JRdoVNUJnm
[2026-04-15 12:38:04] [INFO] [XDEX] SOL/USDT | spread: 0.0089% | fees: 0.0600% | sub-fee | hi: Orca (83.712217) HcoJqG325TTifs6jyWvRJ9ET4pDu12Xrt2EQKZGFmuKX | lo: Orca (83.704748) FwewVm8u6tFPGewAyHmWAqad9hmF7mvqxK4mJ7iNqqGC
[2026-04-15 12:38:07] [INFO] [XDEX] SOL/USDC | spread: 0.0477% | fees: 0.0700% | sub-fee | hi: Orca (83.751591) FpCMFDFGYotvufJ7HrFHsWEiiQCGbkLCtwHiDnh7o28Q | lo: Orca (83.711680) 7qbRF6YsyGuLUVs6Y1q64bdVrfe4ZcUUz1JRdoVNUJnm
[2026-04-15 12:38:07] [ERROR] [Executor] Tx failed on-chain: {"InstructionError":[7,{"Custom":6038}]}
[2026-04-15 12:38:09] [ERROR] [Executor] Tx failed on-chain: {"InstructionError":[7,{"Custom":6038}]}
[2026-04-15 12:38:10] [INFO] [XDEX] SOL/USDT | spread: 0.0425% | fees: 0.0600% | sub-fee | hi: Orca (83.747153) HcoJqG325TTifs6jyWvRJ9ET4pDu12Xrt2EQKZGFmuKX | lo: Orca (83.711595) FwewVm8u6tFPGewAyHmWAqad9hmF7mvqxK4mJ7iNqqGC
[2026-04-15 12:38:11] [INFO] [XDEX] SOL/USDC | spread: 0.0521% | fees: 0.0700% | sub-fee | hi: Orca (83.755280) FpCMFDFGYotvufJ7HrFHsWEiiQCGbkLCtwHiDnh7o28Q | lo: Orca (83.711680) 7qbRF6YsyGuLUVs6Y1q64bdVrfe4ZcUUz1JRdoVNUJnm
[2026-04-15 12:38:13] [INFO] [XDEX] SOL/USDT | spread: 0.0236% | fees: 0.0600% | sub-fee | hi: Orca (83.747153) HcoJqG325TTifs6jyWvRJ9ET4pDu12Xrt2EQKZGFmuKX | lo: Orca (83.727359) FwewVm8u6tFPGewAyHmWAqad9hmF7mvqxK4mJ7iNqqGC
[2026-04-15 12:38:13] [ERROR] [Executor] Tx failed on-chain: {"InstructionError":[7,{"Custom":6038}]}
[2026-04-15 12:38:15] [INFO] [XDEX] SOL/USDC | spread: 0.0572% | fees: 0.0700% | sub-fee | hi: Orca (83.759561) FpCMFDFGYotvufJ7HrFHsWEiiQCGbkLCtwHiDnh7o28Q | lo: Orca (83.711680) 7qbRF6YsyGuLUVs6Y1q64bdVrfe4ZcUUz1JRdoVNUJnm
[2026-04-15 12:38:16] [INFO] [XDEX] SOL/USDT | spread: 0.0236% | fees: 0.0600% | sub-fee | hi: Orca (83.747153) HcoJqG325TTifs6jyWvRJ9ET4pDu12Xrt2EQKZGFmuKX | lo: Orca (83.727359) FwewVm8u6tFPGewAyHmWAqad9hmF7mvqxK4mJ7iNqqGC
[2026-04-15 12:38:18] [INFO] [XDEX] SOL/USDC | spread: 0.0633% | fees: 0.0700% | sub-fee | hi: Orca (83.764676) FpCMFDFGYotvufJ7HrFHsWEiiQCGbkLCtwHiDnh7o28Q | lo: Orca (83.711680) 7qbRF6YsyGuLUVs6Y1q64bdVrfe4ZcUUz1JRdoVNUJnm
[2026-04-15 12:38:19] [INFO] [XDEX] SOL/USDT | spread: 0.0236% | fees: 0.0600% | sub-fee | hi: Orca (83.747153) HcoJqG325TTifs6jyWvRJ9ET4pDu12Xrt2EQKZGFmuKX | lo: Orca (83.727359) FwewVm8u6tFPGewAyHmWAqad9hmF7mvqxK4mJ7iNqqGC
[2026-04-15 12:38:21] [INFO] [XDEX] SOL/USDC | spread: 0.0710% | fees: 0.0700% | PROFITABLE | hi: Orca (83.771106) FpCMFDFGYotvufJ7HrFHsWEiiQCGbkLCtwHiDnh7o28Q | lo: Orca (83.711680) 7qbRF6YsyGuLUVs6Y1q64bdVrfe4ZcUUz1JRdoVNUJnm
[2026-04-15 12:38:21] [INFO] [LocalExec] Small loan (2.0 SOL) — trusting spread, skipping computeSwap gate | local math: -0.1803 USD
[2026-04-15 12:38:21] [INFO] 🎯 LOCAL EXEC — SOL/USDC | spread: 0.071% | loan: 2.0 SOL | profit: ~$-0.1803 | buy: Orca@FpCMFDFG → sell: Orca@7qbRF6Ys
[2026-04-15 12:38:21] [INFO] [LocalExec] Batch-refreshed 2 pool states
[2026-04-15 12:38:21] [INFO] [LocalExec] Jito tip: 50000 lamports (~$0.0042)
[2026-04-15 12:38:21] [INFO] [LocalExec] borrowIxIndex dynamically set to 2
[2026-04-15 12:38:21] [INFO] [LocalExec] Tx size: 1153 bytes | 10 instructions
[2026-04-15 12:38:21] [INFO] [LocalExec] Jito accepted via frankfurt
[2026-04-15 12:38:21] [INFO] [LAT] gate=1ms build=47ms sign=7ms submit=28ms TOTAL=83ms
[2026-04-15 12:38:21] [INFO] [LocalExec] ✅ Tx submitted: YZDS8n9T7HoxWTb9AozHGXn83e2uKTW2DZTrfVqBzbcyfFPSf8tuFwfWq4WWZ5eXNBKVWhHfEHKEGKfnnT4XtqQ
[2026-04-15 12:38:21] [INFO] [LocalExec] Jito accepted via mainnet
[2026-04-15 12:38:21] [INFO] [LocalExec] Jito accepted via amsterdam
[2026-04-15 12:38:22] [INFO] [XDEX] SOL/USDT | spread: 0.0236% | fees: 0.0600% | sub-fee | hi: Orca (83.747153) HcoJqG325TTifs6jyWvRJ9ET4pDu12Xrt2EQKZGFmuKX | lo: Orca (83.727359) FwewVm8u6tFPGewAyHmWAqad9hmF7mvqxK4mJ7iNqqGC
[2026-04-15 12:38:24] [INFO] [XDEX] SOL/USDC | spread: 0.0322% | fees: 0.0700% | sub-fee | hi: Orca (83.771106) FpCMFDFGYotvufJ7HrFHsWEiiQCGbkLCtwHiDnh7o28Q | lo: Orca (83.744121) 7qbRF6YsyGuLUVs6Y1q64bdVrfe4ZcUUz1JRdoVNUJnm
[2026-04-15 12:38:26] [INFO] [XDEX] SOL/USDT | spread: 0.0236% | fees: 0.0600% | sub-fee | hi: Orca (83.747153) HcoJqG325TTifs6jyWvRJ9ET4pDu12Xrt2EQKZGFmuKX | lo: Orca (83.727359) FwewVm8u6tFPGewAyHmWAqad9hmF7mvqxK4mJ7iNqqGC
[2026-04-15 12:38:31] [INFO] [XDEX] SOL/USDC | spread: 0.0452% | fees: 0.0700% | sub-fee | hi: Orca (83.781976) FpCMFDFGYotvufJ7HrFHsWEiiQCGbkLCtwHiDnh7o28Q | lo: Orca (83.744121) 7qbRF6YsyGuLUVs6Y1q64bdVrfe4ZcUUz1JRdoVNUJnm
[2026-04-15 12:38:32] [INFO] [XDEX] SOL/USDT | spread: 0.0236% | fees: 0.0600% | sub-fee | hi: Orca (83.747153) HcoJqG325TTifs6jyWvRJ9ET4pDu12Xrt2EQKZGFmuKX | lo: Orca (83.727359) FwewVm8u6tFPGewAyHmWAqad9hmF7mvqxK4mJ7iNqqGC
[2026-04-15 12:38:34] [INFO] [XDEX] SOL/USDC | spread: 0.0452% | fees: 0.0700% | sub-fee | hi: Orca (83.781976) FpCMFDFGYotvufJ7HrFHsWEiiQCGbkLCtwHiDnh7o28Q | lo: Orca (83.744121) 7qbRF6YsyGuLUVs6Y1q64bdVrfe4ZcUUz1JRdoVNUJnm
[2026-04-15 12:38:34] [ERROR] [Executor] Tx failed on-chain: {"InstructionError":[7,{"Custom":6036}]}
[2026-04-15 12:38:37] [INFO] [XDEX] SOL/USDC | spread: 0.0452% | fees: 0.0700% | sub-fee | hi: Orca (83.781976) FpCMFDFGYotvufJ7HrFHsWEiiQCGbkLCtwHiDnh7o28Q | lo: Orca (83.744121) 7qbRF6YsyGuLUVs6Y1q64bdVrfe4ZcUUz1JRdoVNUJnm
[2026-04-15 12:38:37] [INFO] [XDEX] SOL/USDT | spread: 0.0236% | fees: 0.0600% | sub-fee | hi: Orca (83.747153) HcoJqG325TTifs6jyWvRJ9ET4pDu12Xrt2EQKZGFmuKX | lo: Orca (83.727359) FwewVm8u6tFPGewAyHmWAqad9hmF7mvqxK4mJ7iNqqGC
[2026-04-15 12:38:41] [INFO] [XDEX] SOL/USDT | spread: 0.0236% | fees: 0.0600% | sub-fee | hi: Orca (83.747153) HcoJqG325TTifs6jyWvRJ9ET4pDu12Xrt2EQKZGFmuKX | lo: Orca (83.727359) FwewVm8u6tFPGewAyHmWAqad9hmF7mvqxK4mJ7iNqqGC
[2026-04-15 12:38:41] [INFO] [XDEX] SOL/USDC | spread: 0.0452% | fees: 0.0700% | sub-fee | hi: Orca (83.781976) FpCMFDFGYotvufJ7HrFHsWEiiQCGbkLCtwHiDnh7o28Q | lo: Orca (83.744121) 7qbRF6YsyGuLUVs6Y1q64bdVrfe4ZcUUz1JRdoVNUJnm
[2026-04-15 12:38:44] [INFO] [XDEX] SOL/USDT | spread: 0.0236% | fees: 0.0600% | sub-fee | hi: Orca (83.747153) HcoJqG325TTifs6jyWvRJ9ET4pDu12Xrt2EQKZGFmuKX | lo: Orca (83.727359) FwewVm8u6tFPGewAyHmWAqad9hmF7mvqxK4mJ7iNqqGC
[2026-04-15 12:38:44] [INFO] [XDEX] SOL/USDC | spread: 0.0452% | fees: 0.0700% | sub-fee | hi: Orca (83.781976) FpCMFDFGYotvufJ7HrFHsWEiiQCGbkLCtwHiDnh7o28Q | lo: Orca (83.744121) 7qbRF6YsyGuLUVs6Y1q64bdVrfe4ZcUUz1JRdoVNUJnm
[2026-04-15 12:38:48] [INFO] 💓 alive | slots +392 | detected: 0 | attempted: 16 | sent: 16
[2026-04-15 12:38:49] [INFO] [XDEX] SOL/USDC | spread: 0.0452% | fees: 0.0700% | sub-fee | hi: Orca (83.781976) FpCMFDFGYotvufJ7HrFHsWEiiQCGbkLCtwHiDnh7o28Q | lo: Orca (83.744121) 7qbRF6YsyGuLUVs6Y1q64bdVrfe4ZcUUz1JRdoVNUJnm
[2026-04-15 12:38:51] [INFO] [XDEX] SOL/USDT | spread: 0.0236% | fees: 0.0600% | sub-fee | hi: Orca (83.747153) HcoJqG325TTifs6jyWvRJ9ET4pDu12Xrt2EQKZGFmuKX | lo: Orca (83.727359) FwewVm8u6tFPGewAyHmWAqad9hmF7mvqxK4mJ7iNqqGC
[2026-04-15 12:38:53] [INFO] [XDEX] SOL/USDC | spread: 0.0452% | fees: 0.0700% | sub-fee | hi: Orca (83.781976) FpCMFDFGYotvufJ7HrFHsWEiiQCGbkLCtwHiDnh7o28Q | lo: Orca (83.744121) 7qbRF6YsyGuLUVs6Y1q64bdVrfe4ZcUUz1JRdoVNUJnm
[2026-04-15 12:38:55] [INFO] [XDEX] SOL/USDT | spread: 0.0236% | fees: 0.0600% | sub-fee | hi: Orca (83.747153) HcoJqG325TTifs6jyWvRJ9ET4pDu12Xrt2EQKZGFmuKX | lo: Orca (83.727359) FwewVm8u6tFPGewAyHmWAqad9hmF7mvqxK4mJ7iNqqGC
[2026-04-15 12:38:57] [INFO] [XDEX] SOL/USDC | spread: 0.0440% | fees: 0.0700% | sub-fee | hi: Orca (83.780932) FpCMFDFGYotvufJ7HrFHsWEiiQCGbkLCtwHiDnh7o28Q | lo: Orca (83.744121) 7qbRF6YsyGuLUVs6Y1q64bdVrfe4ZcUUz1JRdoVNUJnm
[2026-04-15 12:38:58] [INFO] [XDEX] SOL/USDT | spread: 0.0236% | fees: 0.0600% | sub-fee | hi: Orca (83.747153) HcoJqG325TTifs6jyWvRJ9ET4pDu12Xrt2EQKZGFmuKX | lo: Orca (83.727359) FwewVm8u6tFPGewAyHmWAqad9hmF7mvqxK4mJ7iNqqGC
[2026-04-15 12:39:00] [INFO] [XDEX] SOL/USDC | spread: 0.0440% | fees: 0.0700% | sub-fee | hi: Orca (83.780932) FpCMFDFGYotvufJ7HrFHsWEiiQCGbkLCtwHiDnh7o28Q | lo: Orca (83.744121) 7qbRF6YsyGuLUVs6Y1q64bdVrfe4ZcUUz1JRdoVNUJnm
[2026-04-15 12:39:02] [INFO] [XDEX] SOL/USDT | spread: 0.0007% | fees: 0.0600% | sub-fee | hi: Orca (83.747153) HcoJqG325TTifs6jyWvRJ9ET4pDu12Xrt2EQKZGFmuKX | lo: Orca (83.746525) FwewVm8u6tFPGewAyHmWAqad9hmF7mvqxK4mJ7iNqqGC
[2026-04-15 12:39:04] [INFO] [XDEX] SOL/USDC | spread: 0.0440% | fees: 0.0700% | sub-fee | hi: Orca (83.780932) FpCMFDFGYotvufJ7HrFHsWEiiQCGbkLCtwHiDnh7o28Q | lo: Orca (83.744121) 7qbRF6YsyGuLUVs6Y1q64bdVrfe4ZcUUz1JRdoVNUJnm
[2026-04-15 12:39:06] [INFO] [XDEX] SOL/USDT | spread: 0.0007% | fees: 0.0600% | sub-fee | hi: Orca (83.747153) HcoJqG325TTifs6jyWvRJ9ET4pDu12Xrt2EQKZGFmuKX | lo: Orca (83.746525) FwewVm8u6tFPGewAyHmWAqad9hmF7mvqxK4mJ7iNqqGC
[2026-04-15 12:39:09] [INFO] [XDEX] SOL/USDT | spread: 0.0007% | fees: 0.0600% | sub-fee | hi: Orca (83.747153) HcoJqG325TTifs6jyWvRJ9ET4pDu12Xrt2EQKZGFmuKX | lo: Orca (83.746525) FwewVm8u6tFPGewAyHmWAqad9hmF7mvqxK4mJ7iNqqGC
[2026-04-15 12:39:11] [INFO] [XDEX] SOL/USDC | spread: 0.0440% | fees: 0.0700% | sub-fee | hi: Orca (83.780932) FpCMFDFGYotvufJ7HrFHsWEiiQCGbkLCtwHiDnh7o28Q | lo: Orca (83.744121) 7qbRF6YsyGuLUVs6Y1q64bdVrfe4ZcUUz1JRdoVNUJnm
[2026-04-15 12:39:13] [INFO] [XDEX] SOL/USDT | spread: 0.0007% | fees: 0.0600% | sub-fee | hi: Orca (83.747153) HcoJqG325TTifs6jyWvRJ9ET4pDu12Xrt2EQKZGFmuKX | lo: Orca (83.746525) FwewVm8u6tFPGewAyHmWAqad9hmF7mvqxK4mJ7iNqqGC
[2026-04-15 12:39:16] [INFO] [XDEX] SOL/USDC | spread: 0.0459% | fees: 0.0700% | sub-fee | hi: Orca (83.782552) FpCMFDFGYotvufJ7HrFHsWEiiQCGbkLCtwHiDnh7o28Q | lo: Orca (83.744121) 7qbRF6YsyGuLUVs6Y1q64bdVrfe4ZcUUz1JRdoVNUJnm
[2026-04-15 12:39:17] [INFO] [XDEX] SOL/USDT | spread: 0.0014% | fees: 0.0600% | sub-fee | hi: Orca (83.747153) HcoJqG325TTifs6jyWvRJ9ET4pDu12Xrt2EQKZGFmuKX | lo: Orca (83.745943) FwewVm8u6tFPGewAyHmWAqad9hmF7mvqxK4mJ7iNqqGC
[2026-04-15 12:39:21] [INFO] [XDEX] SOL/USDC | spread: 0.0587% | fees: 0.0700% | sub-fee | hi: Orca (83.793311) FpCMFDFGYotvufJ7HrFHsWEiiQCGbkLCtwHiDnh7o28Q | lo: Orca (83.744121) 7qbRF6YsyGuLUVs6Y1q64bdVrfe4ZcUUz1JRdoVNUJnm
[2026-04-15 12:39:24] [INFO] [XDEX] SOL/USDT | spread: 0.0014% | fees: 0.0600% | sub-fee | hi: Orca (83.747153) HcoJqG325TTifs6jyWvRJ9ET4pDu12Xrt2EQKZGFmuKX | lo: Orca (83.745943) FwewVm8u6tFPGewAyHmWAqad9hmF7mvqxK4mJ7iNqqGC
[2026-04-15 12:39:28] [INFO] [XDEX] SOL/USDT | spread: 0.0059% | fees: 0.0600% | sub-fee | hi: Orca (83.752096) FwewVm8u6tFPGewAyHmWAqad9hmF7mvqxK4mJ7iNqqGC | lo: Orca (83.747153) HcoJqG325TTifs6jyWvRJ9ET4pDu12Xrt2EQKZGFmuKX
[2026-04-15 12:39:28] [INFO] [XDEX] SOL/USDC | spread: 0.0779% | fees: 0.0700% | PROFITABLE | hi: Orca (83.809392) FpCMFDFGYotvufJ7HrFHsWEiiQCGbkLCtwHiDnh7o28Q | lo: Orca (83.744121) 7qbRF6YsyGuLUVs6Y1q64bdVrfe4ZcUUz1JRdoVNUJnm
[2026-04-15 12:39:28] [INFO] [LocalExec] Small loan (2.0 SOL) — trusting spread, skipping computeSwap gate | local math: -0.1688 USD
[2026-04-15 12:39:28] [INFO] 🎯 LOCAL EXEC — SOL/USDC | spread: 0.078% | loan: 2.0 SOL | profit: ~$-0.1688 | buy: Orca@FpCMFDFG → sell: Orca@7qbRF6Ys
[2026-04-15 12:39:28] [INFO] [LocalExec] Batch-refreshed 2 pool states
[2026-04-15 12:39:28] [INFO] [LocalExec] Jito tip: 50000 lamports (~$0.0042)
[2026-04-15 12:39:28] [INFO] [LocalExec] borrowIxIndex dynamically set to 2
[2026-04-15 12:39:28] [INFO] [LocalExec] Tx size: 1153 bytes | 10 instructions
[2026-04-15 12:39:29] [INFO] [LocalExec] Jito accepted via mainnet
[2026-04-15 12:39:29] [INFO] [LAT] gate=0ms build=60ms sign=12ms submit=33ms TOTAL=105ms
[2026-04-15 12:39:29] [INFO] [LocalExec] ✅ Tx submitted: 5Djiaj5ntnwmVNPv8EBvi3AABX9nTVhmJvfZ5YLgmCCxZV6hHzNUWLV9dYCFaCnhEBv4jQRjCgcRB4u8KAUbz9pT
[2026-04-15 12:39:29] [INFO] [LocalExec] Jito accepted via frankfurt
[2026-04-15 12:39:29] [INFO] [LocalExec] Jito accepted via amsterdam
[2026-04-15 12:39:29] [ERROR] Unhandled rejection: Error: 429 Too Many Requests: {"jsonrpc":"2.0","error":{"code":-32429,"message":"rate limited"}}
[2026-04-15 12:39:33] [INFO] [XDEX] SOL/USDC | spread: 0.0425% | fees: 0.0700% | sub-fee | hi: Orca (83.798934) FpCMFDFGYotvufJ7HrFHsWEiiQCGbkLCtwHiDnh7o28Q | lo: Orca (83.763305) 7qbRF6YsyGuLUVs6Y1q64bdVrfe4ZcUUz1JRdoVNUJnm
[2026-04-15 12:39:33] [INFO] [XDEX] SOL/USDT | spread: 0.0141% | fees: 0.0600% | sub-fee | hi: Orca (83.758950) FwewVm8u6tFPGewAyHmWAqad9hmF7mvqxK4mJ7iNqqGC | lo: Orca (83.747153) HcoJqG325TTifs6jyWvRJ9ET4pDu12Xrt2EQKZGFmuKX
[2026-04-15 12:39:37] [INFO] [XDEX] SOL/USDC | spread: 0.0132% | fees: 0.0600% | sub-fee | hi: Orca (83.798934) FpCMFDFGYotvufJ7HrFHsWEiiQCGbkLCtwHiDnh7o28Q | lo: Orca (83.787893) Czfq3xZZDmsdGdUyrNLtRhGc47cXcZtLG4crryfu44zE
[2026-04-15 12:39:37] [INFO] [XDEX] SOL/USDT | spread: 0.0097% | fees: 0.0600% | sub-fee | hi: Orca (83.747153) HcoJqG325TTifs6jyWvRJ9ET4pDu12Xrt2EQKZGFmuKX | lo: Orca (83.739013) FwewVm8u6tFPGewAyHmWAqad9hmF7mvqxK4mJ7iNqqGC
[2026-04-15 12:39:40] [INFO] [XDEX] SOL/USDT | spread: 0.0097% | fees: 0.0600% | sub-fee | hi: Orca (83.747153) HcoJqG325TTifs6jyWvRJ9ET4pDu12Xrt2EQKZGFmuKX | lo: Orca (83.739013) FwewVm8u6tFPGewAyHmWAqad9hmF7mvqxK4mJ7iNqqGC
[2026-04-15 12:39:42] [INFO] [XDEX] SOL/USDC | spread: 0.0132% | fees: 0.0600% | sub-fee | hi: Orca (83.798934) FpCMFDFGYotvufJ7HrFHsWEiiQCGbkLCtwHiDnh7o28Q | lo: Orca (83.787893) Czfq3xZZDmsdGdUyrNLtRhGc47cXcZtLG4crryfu44zE
[2026-04-15 12:39:42] [ERROR] [Executor] Tx failed on-chain: {"InstructionError":[7,{"Custom":6036}]}
[2026-04-15 12:39:44] [INFO] [XDEX] SOL/USDT | spread: 0.0097% | fees: 0.0600% | sub-fee | hi: Orca (83.747153) HcoJqG325TTifs6jyWvRJ9ET4pDu12Xrt2EQKZGFmuKX | lo: Orca (83.739013) FwewVm8u6tFPGewAyHmWAqad9hmF7mvqxK4mJ7iNqqGC
[2026-04-15 12:39:45] [INFO] [XDEX] SOL/USDC | spread: 0.0159% | fees: 0.0600% | sub-fee | hi: Orca (83.787893) Czfq3xZZDmsdGdUyrNLtRhGc47cXcZtLG4crryfu44zE | lo: Orca (83.774602) FpCMFDFGYotvufJ7HrFHsWEiiQCGbkLCtwHiDnh7o28Q
[2026-04-15 12:39:49] [INFO] [XDEX] SOL/USDC | spread: 0.0159% | fees: 0.0600% | sub-fee | hi: Orca (83.787893) Czfq3xZZDmsdGdUyrNLtRhGc47cXcZtLG4crryfu44zE | lo: Orca (83.774602) FpCMFDFGYotvufJ7HrFHsWEiiQCGbkLCtwHiDnh7o28Q
[2026-04-15 12:39:49] [INFO] [XDEX] SOL/USDT | spread: 0.0097% | fees: 0.0600% | sub-fee | hi: Orca (83.747153) HcoJqG325TTifs6jyWvRJ9ET4pDu12Xrt2EQKZGFmuKX | lo: Orca (83.739013) FwewVm8u6tFPGewAyHmWAqad9hmF7mvqxK4mJ7iNqqGC
[2026-04-15 12:39:52] [INFO] [XDEX] SOL/USDC | spread: 0.0159% | fees: 0.0600% | sub-fee | hi: Orca (83.787893) Czfq3xZZDmsdGdUyrNLtRhGc47cXcZtLG4crryfu44zE | lo: Orca (83.774602) FpCMFDFGYotvufJ7HrFHsWEiiQCGbkLCtwHiDnh7o28Q
[2026-04-15 12:39:54] [INFO] [XDEX] SOL/USDT | spread: 0.0097% | fees: 0.0600% | sub-fee | hi: Orca (83.747153) HcoJqG325TTifs6jyWvRJ9ET4pDu12Xrt2EQKZGFmuKX | lo: Orca (83.739013) FwewVm8u6tFPGewAyHmWAqad9hmF7mvqxK4mJ7iNqqGC
[2026-04-15 12:39:57] [INFO] [XDEX] SOL/USDC | spread: 0.0197% | fees: 0.0600% | sub-fee | hi: Orca (83.805013) FpCMFDFGYotvufJ7HrFHsWEiiQCGbkLCtwHiDnh7o28Q | lo: Orca (83.788465) Czfq3xZZDmsdGdUyrNLtRhGc47cXcZtLG4crryfu44zE
[2026-04-15 12:39:58] [INFO] [XDEX] SOL/USDT | spread: 0.0451% | fees: 0.0600% | sub-fee | hi: Orca (83.784912) FwewVm8u6tFPGewAyHmWAqad9hmF7mvqxK4mJ7iNqqGC | lo: Orca (83.747153) HcoJqG325TTifs6jyWvRJ9ET4pDu12Xrt2EQKZGFmuKX
[2026-04-15 12:40:00] [INFO] [XDEX] SOL/USDC | spread: 0.1102% | fees: 0.0700% | PROFITABLE | hi: Orca (83.882836) FpCMFDFGYotvufJ7HrFHsWEiiQCGbkLCtwHiDnh7o28Q | lo: Orca (83.790475) 7qbRF6YsyGuLUVs6Y1q64bdVrfe4ZcUUz1JRdoVNUJnm
[2026-04-15 12:40:00] [INFO] [LocalExec] Small loan (2.0 SOL) — trusting spread, skipping computeSwap gate | local math: -0.1150 USD
[2026-04-15 12:40:00] [INFO] 🎯 LOCAL EXEC — SOL/USDC | spread: 0.110% | loan: 2.0 SOL | profit: ~$-0.1150 | buy: Orca@FpCMFDFG → sell: Orca@7qbRF6Ys
[2026-04-15 12:40:00] [INFO] [LocalExec] Batch-refreshed 2 pool states
[2026-04-15 12:40:00] [INFO] [LocalExec] Jito tip: 50000 lamports (~$0.0042)
[2026-04-15 12:40:00] [INFO] [LocalExec] borrowIxIndex dynamically set to 2
[2026-04-15 12:40:00] [INFO] [LocalExec] Tx size: 1153 bytes | 10 instructions
[2026-04-15 12:40:00] [INFO] [LocalExec] Jito accepted via frankfurt
[2026-04-15 12:40:00] [INFO] [LAT] gate=1ms build=43ms sign=11ms submit=39ms TOTAL=94ms
[2026-04-15 12:40:00] [INFO] [LocalExec] ✅ Tx submitted: 9hJCmDKUo8ZNg4LQkdCFFWefHgyCMCaB67fPEzkUY3ze2kMpLNhSLggJS1r6uNpb55zfvNuHxSnPjceLdCZfA7X
[2026-04-15 12:40:00] [INFO] [LocalExec] Jito accepted via mainnet
[2026-04-15 12:40:00] [INFO] [LocalExec] Jito accepted via amsterdam
[2026-04-15 12:40:01] [ERROR] Unhandled rejection: Error: 429 Too Many Requests: {"jsonrpc":"2.0","error":{"code":-32429,"message":"rate limited"}}
[2026-04-15 12:40:02] [INFO] [XDEX] SOL/USDT | spread: 0.1062% | fees: 0.0600% | PROFITABLE | hi: Orca (83.836133) FwewVm8u6tFPGewAyHmWAqad9hmF7mvqxK4mJ7iNqqGC | lo: Orca (83.747153) HcoJqG325TTifs6jyWvRJ9ET4pDu12Xrt2EQKZGFmuKX
[2026-04-15 12:40:02] [INFO] [LocalExec] Small loan (2.0 SOL) — trusting spread, skipping computeSwap gate | local math: -7.1789 USD
[2026-04-15 12:40:02] [INFO] 🎯 LOCAL EXEC — SOL/USDT | spread: 0.106% | loan: 2.0 SOL | profit: ~$-7.1789 | buy: Orca@FwewVm8u → sell: Orca@HcoJqG32
[2026-04-15 12:40:02] [WARN] [LocalExec] Batch pool fetch failed (429?): 429 Too Many Requests: {"jsonrpc":"2.0","error":{"code":-32429,"message":"rate l
[2026-04-15 12:40:02] [INFO] [LocalExec] Jito tip: 50000 lamports (~$0.0042)
[2026-04-15 12:40:02] [INFO] [LocalExec] borrowIxIndex dynamically set to 2
[2026-04-15 12:40:02] [INFO] [LocalExec] Tx size: 1153 bytes | 10 instructions
[2026-04-15 12:40:02] [INFO] [LocalExec] Jito accepted via mainnet
[2026-04-15 12:40:02] [INFO] [LAT] gate=1ms build=38ms sign=5ms submit=16ms TOTAL=60ms
[2026-04-15 12:40:02] [INFO] [LocalExec] ✅ Tx submitted: 5pcGmUpXAFAdEmdUSBobVTXLK1LweGEJyDqG8mWmxRhAud4UcpDWZczrMQhwDewdAnA9dF9B4fjsnwvjrnJE4hpY
[2026-04-15 12:40:02] [INFO] [LocalExec] Jito accepted via frankfurt
[2026-04-15 12:40:02] [INFO] [LocalExec] Jito accepted via amsterdam
[2026-04-15 12:40:04] [INFO] [XDEX] SOL/USDC | spread: 0.0419% | fees: 0.0700% | sub-fee | hi: Orca (83.877212) FpCMFDFGYotvufJ7HrFHsWEiiQCGbkLCtwHiDnh7o28Q | lo: Orca (83.842043) 7qbRF6YsyGuLUVs6Y1q64bdVrfe4ZcUUz1JRdoVNUJnm
[2026-04-15 12:40:05] [INFO] [XDEX] SOL/USDT | spread: 0.0215% | fees: 0.0600% | sub-fee | hi: Orca (83.836133) FwewVm8u6tFPGewAyHmWAqad9hmF7mvqxK4mJ7iNqqGC | lo: Orca (83.818074) HcoJqG325TTifs6jyWvRJ9ET4pDu12Xrt2EQKZGFmuKX
[2026-04-15 12:40:07] [INFO] [XDEX] SOL/USDC | spread: 0.0500% | fees: 0.0700% | sub-fee | hi: Orca (83.884000) FpCMFDFGYotvufJ7HrFHsWEiiQCGbkLCtwHiDnh7o28Q | lo: Orca (83.842043) 7qbRF6YsyGuLUVs6Y1q64bdVrfe4ZcUUz1JRdoVNUJnm
[2026-04-15 12:40:09] [INFO] [XDEX] SOL/USDT | spread: 0.0074% | fees: 0.0600% | sub-fee | hi: Orca (83.845212) FwewVm8u6tFPGewAyHmWAqad9hmF7mvqxK4mJ7iNqqGC | lo: Orca (83.839032) HcoJqG325TTifs6jyWvRJ9ET4pDu12Xrt2EQKZGFmuKX
[2026-04-15 12:40:10] [INFO] [XDEX] SOL/USDC | spread: 0.0313% | fees: 0.0700% | sub-fee | hi: Orca (83.884000) FpCMFDFGYotvufJ7HrFHsWEiiQCGbkLCtwHiDnh7o28Q | lo: Orca (83.857755) 7qbRF6YsyGuLUVs6Y1q64bdVrfe4ZcUUz1JRdoVNUJnm
[2026-04-15 12:40:12] [INFO] [XDEX] SOL/USDT | spread: 0.0074% | fees: 0.0600% | sub-fee | hi: Orca (83.845212) FwewVm8u6tFPGewAyHmWAqad9hmF7mvqxK4mJ7iNqqGC | lo: Orca (83.839032) HcoJqG325TTifs6jyWvRJ9ET4pDu12Xrt2EQKZGFmuKX
[2026-04-15 12:40:14] [INFO] [XDEX] SOL/USDC | spread: 0.0521% | fees: 0.0700% | sub-fee | hi: Orca (83.901403) FpCMFDFGYotvufJ7HrFHsWEiiQCGbkLCtwHiDnh7o28Q | lo: Orca (83.857755) 7qbRF6YsyGuLUVs6Y1q64bdVrfe4ZcUUz1JRdoVNUJnm
[2026-04-15 12:40:15] [ERROR] [Executor] Tx failed on-chain: {"InstructionError":[7,{"Custom":6036}]}
[2026-04-15 12:40:15] [INFO] [XDEX] SOL/USDT | spread: 0.0074% | fees: 0.0600% | sub-fee | hi: Orca (83.845212) FwewVm8u6tFPGewAyHmWAqad9hmF7mvqxK4mJ7iNqqGC | lo: Orca (83.839032) HcoJqG325TTifs6jyWvRJ9ET4pDu12Xrt2EQKZGFmuKX
[2026-04-15 12:40:17] [INFO] [XDEX] SOL/USDC | spread: 0.0420% | fees: 0.0700% | sub-fee | hi: Orca (83.893003) FpCMFDFGYotvufJ7HrFHsWEiiQCGbkLCtwHiDnh7o28Q | lo: Orca (83.857755) 7qbRF6YsyGuLUVs6Y1q64bdVrfe4ZcUUz1JRdoVNUJnm
[2026-04-15 12:40:18] [ERROR] [Executor] Tx failed on-chain: {"InstructionError":[7,{"Custom":6038}]}
[2026-04-15 12:40:18] [INFO] [XDEX] SOL/USDT | spread: 0.0067% | fees: 0.0600% | sub-fee | hi: Orca (83.844633) FwewVm8u6tFPGewAyHmWAqad9hmF7mvqxK4mJ7iNqqGC | lo: Orca (83.839032) HcoJqG325TTifs6jyWvRJ9ET4pDu12Xrt2EQKZGFmuKX
[2026-04-15 12:40:21] [INFO] [XDEX] SOL/USDC | spread: 0.0288% | fees: 0.0700% | sub-fee | hi: Orca (83.881873) FpCMFDFGYotvufJ7HrFHsWEiiQCGbkLCtwHiDnh7o28Q | lo: Orca (83.857755) 7qbRF6YsyGuLUVs6Y1q64bdVrfe4ZcUUz1JRdoVNUJnm
[2026-04-15 12:40:23] [INFO] [XDEX] SOL/USDT | spread: 0.0041% | fees: 0.0600% | sub-fee | hi: Orca (83.839032) HcoJqG325TTifs6jyWvRJ9ET4pDu12Xrt2EQKZGFmuKX | lo: Orca (83.835565) FwewVm8u6tFPGewAyHmWAqad9hmF7mvqxK4mJ7iNqqGC
[2026-04-15 12:40:24] [INFO] [XDEX] SOL/USDC | spread: 0.0171% | fees: 0.0600% | sub-fee | hi: Orca (83.877082) Czfq3xZZDmsdGdUyrNLtRhGc47cXcZtLG4crryfu44zE | lo: Orca (83.862730) FpCMFDFGYotvufJ7HrFHsWEiiQCGbkLCtwHiDnh7o28Q
[2026-04-15 12:40:26] [INFO] [XDEX] SOL/USDT | spread: 0.0041% | fees: 0.0600% | sub-fee | hi: Orca (83.839032) HcoJqG325TTifs6jyWvRJ9ET4pDu12Xrt2EQKZGFmuKX | lo: Orca (83.835565) FwewVm8u6tFPGewAyHmWAqad9hmF7mvqxK4mJ7iNqqGC
[2026-04-15 12:40:28] [INFO] [XDEX] SOL/USDC | spread: 0.0553% | fees: 0.0700% | sub-fee | hi: Orca (83.873266) 7qbRF6YsyGuLUVs6Y1q64bdVrfe4ZcUUz1JRdoVNUJnm | lo: Orca (83.826888) FpCMFDFGYotvufJ7HrFHsWEiiQCGbkLCtwHiDnh7o28Q
[2026-04-15 12:40:29] [INFO] [XDEX] SOL/USDT | spread: 0.0293% | fees: 0.0600% | sub-fee | hi: Orca (83.839032) HcoJqG325TTifs6jyWvRJ9ET4pDu12Xrt2EQKZGFmuKX | lo: Orca (83.814461) FwewVm8u6tFPGewAyHmWAqad9hmF7mvqxK4mJ7iNqqGC
[2026-04-15 12:40:32] [INFO] [XDEX] SOL/USDC | spread: 0.0324% | fees: 0.0700% | sub-fee | hi: Orca (83.854079) 7qbRF6YsyGuLUVs6Y1q64bdVrfe4ZcUUz1JRdoVNUJnm | lo: Orca (83.826888) FpCMFDFGYotvufJ7HrFHsWEiiQCGbkLCtwHiDnh7o28Q
[2026-04-15 12:40:35] [INFO] [XDEX] SOL/USDT | spread: 0.0624% | fees: 0.0600% | PROFITABLE | hi: Orca (83.839032) HcoJqG325TTifs6jyWvRJ9ET4pDu12Xrt2EQKZGFmuKX | lo: Orca (83.786789) FwewVm8u6tFPGewAyHmWAqad9hmF7mvqxK4mJ7iNqqGC
[2026-04-15 12:40:35] [INFO] [LocalExec] Small loan (2.0 SOL) — trusting spread, skipping computeSwap gate | local math: -7.2422 USD
[2026-04-15 12:40:35] [INFO] 🎯 LOCAL EXEC — SOL/USDT | spread: 0.062% | loan: 2.0 SOL | profit: ~$-7.2422 | buy: Orca@HcoJqG32 → sell: Orca@FwewVm8u
[2026-04-15 12:40:35] [INFO] [XDEX] SOL/USDC | spread: 0.0283% | fees: 0.0700% | sub-fee | hi: Orca (83.850574) 7qbRF6YsyGuLUVs6Y1q64bdVrfe4ZcUUz1JRdoVNUJnm | lo: Orca (83.826888) FpCMFDFGYotvufJ7HrFHsWEiiQCGbkLCtwHiDnh7o28Q
[2026-04-15 12:40:35] [INFO] [LocalExec] Batch-refreshed 2 pool states
[2026-04-15 12:40:35] [INFO] [LocalExec] Jito tip: 50000 lamports (~$0.0042)
[2026-04-15 12:40:35] [INFO] [LocalExec] borrowIxIndex dynamically set to 2
[2026-04-15 12:40:35] [INFO] [LocalExec] Tx size: 1153 bytes | 10 instructions
[2026-04-15 12:40:35] [INFO] [LocalExec] Jito accepted via frankfurt
[2026-04-15 12:40:35] [INFO] [LAT] gate=0ms build=68ms sign=9ms submit=36ms TOTAL=113ms
[2026-04-15 12:40:35] [INFO] [LocalExec] ✅ Tx submitted: 3E4sgHeH3Kmkkf85nj3J2wy1qSB92JtMYezHUXHgR5r6nrdDigxp5d9edM9P9sZ24vCosNF24x4xABGvPjPnbm37
[2026-04-15 12:40:35] [INFO] [LocalExec] Jito accepted via mainnet
[2026-04-15 12:40:35] [INFO] [LocalExec] Jito accepted via amsterdam
[2026-04-15 12:40:38] [INFO] [XDEX] SOL/USDC | spread: 0.0211% | fees: 0.0700% | sub-fee | hi: Orca (83.844538) 7qbRF6YsyGuLUVs6Y1q64bdVrfe4ZcUUz1JRdoVNUJnm | lo: Orca (83.826888) FpCMFDFGYotvufJ7HrFHsWEiiQCGbkLCtwHiDnh7o28Q
[2026-04-15 12:40:39] [INFO] [XDEX] SOL/USDT | spread: 0.0624% | fees: 0.0600% | PROFITABLE | hi: Orca (83.839032) HcoJqG325TTifs6jyWvRJ9ET4pDu12Xrt2EQKZGFmuKX | lo: Orca (83.786789) FwewVm8u6tFPGewAyHmWAqad9hmF7mvqxK4mJ7iNqqGC
[2026-04-15 12:40:39] [INFO] [LocalExec] Small loan (2.0 SOL) — trusting spread, skipping computeSwap gate | local math: -7.2414 USD
[2026-04-15 12:40:39] [INFO] 🎯 LOCAL EXEC — SOL/USDT | spread: 0.062% | loan: 2.0 SOL | profit: ~$-7.2414 | buy: Orca@HcoJqG32 → sell: Orca@FwewVm8u
[2026-04-15 12:40:39] [INFO] [LocalExec] Batch-refreshed 2 pool states
[2026-04-15 12:40:39] [INFO] [LocalExec] Jito tip: 50000 lamports (~$0.0042)
[2026-04-15 12:40:39] [INFO] [LocalExec] borrowIxIndex dynamically set to 2
[2026-04-15 12:40:39] [INFO] [LocalExec] Tx size: 1153 bytes | 10 instructions
[2026-04-15 12:40:39] [INFO] [LocalExec] Jito accepted via mainnet
[2026-04-15 12:40:39] [INFO] [LAT] gate=1ms build=45ms sign=7ms submit=17ms TOTAL=70ms
[2026-04-15 12:40:39] [INFO] [LocalExec] ✅ Tx submitted: 3sc6H6NB6dQrBLmCbdodWj76S6ygJsGgYewVEB8dmG6AbUSkaxb3ubZoGHhdxUmBVjLQbVv5iq5QKua5qYrfoufo
[2026-04-15 12:40:39] [INFO] [LocalExec] Jito accepted via frankfurt
[2026-04-15 12:40:39] [INFO] [LocalExec] Jito accepted via amsterdam
[2026-04-15 12:40:41] [INFO] 
SIGINT received — shutting down...
[2026-04-15 12:40:41] [INFO] 📊 STATS | Slots: 2906 | Detected: 0 | Attempted: 21 | Sent: 21 | Success: 0 | Profit: ~$0.00
[2026-04-15 12:40:41] [INFO] [PoolWatcher] All subscriptions removed
